1770302621,inf,18049.836413
3850701190,18049.836413,17049.836413
3851599579,17049.836413,inf
3855372964,17049.836413,inf
1753145718,18049.836413,18049.836413
3824104567,inf,inf
3821840536,inf,inf
623814201,inf,inf
2533714642,nan,-nan
2535008345,nan,-nan
765760909,20965.963182,inf
764789517,26115.477217,26115.477217
764789517,26115.477217,26115.477217
3123219507,28038.661620,inf
2658262350,17729.303170,17729.303170
2693768109,17729.303170,inf
3495655086,24327.574658,inf
1962104557,inf,inf
2815032014,inf,23147.314448
3374925534,24415.037499,24415.037499
4162761724,26000.000000,inf
2559353243,31678.273908,27000.000000
3188664102,24415.037499,24415.037499
3188735943,24415.037499,24415.037499
2106947555,25336.021788,inf
2591442286,25336.021788,inf
2441081641,22594.858537,22594.858537
3967533495,30000.000000,inf
2747929284,27794.095701,inf
2381629928,30101.879614,inf
2003975412,28134.328443,28134.328443
2003975412,28134.328443,28134.328443
2003975412,28134.328443,28134.328443
809405650,inf,31485.628831
2359826932,31160.607984,inf
2406434888,32160.607984,33160.607984
745332273,inf,32160.607984
3341553828,inf,32160.607984
4166355482,32160.607984,inf
3608113406,32160.607984,32160.607984
3608149343,32160.607984,32160.607984
3609011831,32160.607984,32160.607984
2948250754,32160.607984,31160.607984
2948250754,inf,31160.607984
2948322626,32160.607984,31160.607984
2948322626,inf,31160.607984
2948429348,32160.607984,31160.607984
2948429348,inf,31160.607984
2575288058,31092.574437,31092.574437
2598488636,31059.724129,32160.607984
2607281355,31552.609313,32160.607984
1740991208,32160.607984,inf
2065321581,inf,31485.628831
3702036922,32160.607984,inf
4200063423,32160.607984,32160.607984
2445674824,32160.607984,inf
951876198,inf,32160.607984
2607353229,31126.190213,32160.607984
2402892021,31485.628831,33160.607984
1083169441,31160.607984,31160.607984
922374351,inf,31485.628831
647903277,32160.607984,inf
647903277,31485.628831,32485.628831
647903277,31485.628831,inf
3430845026,31059.724129,inf
2121487230,32160.607984,inf
1836579683,32160.607984,inf
2143867893,31238.516302,32160.607984
3043803092,inf,32160.607984
3818986592,31092.574437,inf
883236561,32160.607984,32160.607984
883272404,32160.607984,32160.607984
883272473,32160.607984,32160.607984
3396450647,31485.628831,31485.628831
3396450688,31485.628831,31485.628831
1794880651,31485.628831,31485.628831
3396486552,31485.628831,31485.628831
2564398347,32160.607984,32160.607984
916138545,32160.607984,32160.607984
3400008444,32160.607984,32160.607984
2450266789,inf,32160.607984
132836275,32160.607984,inf
358302134,inf,31485.628831
2341236777,inf,32160.607984
912088664,inf,32160.607984
3637545844,32160.607984,32575.645483
3637581781,32160.607984,33160.607984
2137801860,31485.628831,inf
2040953501,inf,32160.607984
1271061502,inf,31092.574437
3893735480,inf,31059.724129
3854285002,32160.607984,inf
3761133189,inf,32160.607984
2950766344,inf,31160.607984
2911594793,inf,32160.607984
3591121310,32160.607984,33160.607984
1873121078,32160.607984,inf
2983064300,inf,31160.607984
2984250158,inf,31160.607984
2984537654,inf,31160.607984
2985687697,inf,31160.607984
3018749741,inf,31160.607984
3022307500,inf,31160.607984
3023421551,inf,31160.607984
3024535594,inf,31160.607984
3024823094,inf,31160.607984
3027123031,inf,31160.607984
3055513288,inf,31160.607984
3057741351,inf,31160.607984
2526339973,inf,32160.607984
2088390342,33160.607984,32160.607984
1793833033,31238.516302,32160.607984
2560686175,31059.724129,31238.516302
922372173,32485.628831,31485.628831
315752754,31485.628831,32160.607984
3199681909,inf,31160.607984
3201119323,inf,31160.607984
3231773649,inf,31160.607984
3233211129,inf,31160.607984
3200903731,31160.607984,31253.717388
3200903731,31160.607984,31575.645483
3200903731,31160.607984,32160.607984
2576257268,31092.574437,31092.574437
2560683997,32485.628831,31485.628831
2448035423,32160.607984,31485.628831
55774824,32160.607984,inf
2144338023,32160.607984,inf
2375515955,31059.724129,31059.724129
28587229,31059.724129,31059.724129
28659173,31059.724129,31059.724129
1044233840,31160.607984,31160.607984
1044341587,31160.607984,31160.607984
2088434988,32160.607984,inf
1812869835,32160.607984,31160.607984
1812869876,inf,31160.607984
620009068,32160.607984,32160.607984
3116029218,31160.607984,31160.607984
3116029291,31160.607984,31160.607984
1965054556,32160.607984,32160.607984
3569876437,inf,32160.607984
3637761431,inf,32160.607984
3662783366,31092.574437,inf
1794773929,31485.628831,31485.628831
4111392258,31059.724129,32160.607984
3967038770,inf,31238.516302
3839478769,32160.607984,inf
2121528612,32160.607984,32160.607984
2121565633,32160.607984,32160.607984
3217475427,inf,31485.628831
804697904,31485.628831,inf
2098549157,inf,32160.607984
1841218591,31160.607984,inf
1910585744,inf,32160.607984
2606239182,33160.607984,32160.607984
699429839,31160.607984,32160.607984
2103467430,31485.628831,inf
3434841021,32160.607984,inf
3867046007,31092.574437,31092.574437
2529667452,inf,31160.607984
1798368721,inf,32160.607984
481083032,inf,32160.607984
3659560404,inf,32160.607984
805847889,32160.607984,inf
3411859548,32160.607984,inf
2607173544,31824.814095,32160.607984
4131996888,inf,32160.607984
1011201730,inf,32160.607984
3255093588,31160.607984,inf
2448034341,32160.607984,31783.998808
3049360602,inf,32160.607984
3049432537,inf,32160.607984
2718407136,inf,31160.607984
3859073580,inf,32160.607984
2088129378,32160.607984,32160.607984
1687162278,32160.607984,inf
730335656,31485.628831,31485.628831
2450264611,33160.607984,32160.607984
732491879,31160.607984,32160.607984
1381151525,31160.607984,31160.607984
3697113561,32160.607984,32160.607984
2161957735,18481.864103,18481.864103
2191872930,31092.574437,32160.607984
634118395,inf,32160.607984
2668491214,32160.607984,inf
1257405289,32160.607984,inf
3315025419,31485.628831,32160.607984
2560685086,31627.114129,31485.628831
4197756136,32160.607984,32160.607984
3085955728,31160.607984,inf
3338435885,32160.607984,inf
403332340,28648.326423,27794.095701
1081733046,32160.607984,32160.607984
2148111436,32160.607984,32160.607984
1559093241,32160.607984,inf
2636744668,inf,32160.607984
2304067702,31160.607984,31092.574437
2686080872,inf,32160.607984
759940197,33160.607984,32160.607984
2882209069,inf,31238.516302
3429624296,inf,32160.607984
917504218,inf,31160.607984
918510451,inf,31160.607984
917468242,31160.607984,32160.607984
2759345150,32160.607984,inf
1016207590,inf,32160.607984
3704499686,inf,32160.607984
604542241,inf,32160.607984
4087203731,31092.574437,inf
3390556914,32160.607984,inf
840383347,32160.607984,inf
2861249993,32160.607984,inf
1793511781,inf,32160.607984
1963019018,inf,31092.574437
91001147,31160.607984,inf
1971024457,inf,31160.607984
1971888034,inf,31160.607984
649017325,inf,31160.607984
3630833195,31092.574437,31092.574437
620979371,32160.607984,inf
3660582497,31092.574437,31160.607984
744326039,32160.607984,32160.607984
2375411411,32160.607984,inf
2303995828,31126.190213,32160.607984
1841657044,32160.607984,inf
1836540479,33160.607984,32160.607984
3455949835,inf,31092.574437
2984043884,32160.607984,inf
697640089,inf,32160.607984
3485669766,inf,31160.607984
1490531905,32160.607984,inf
1991936378,31129.209979,31129.209979
1501590931,32160.607984,32160.607984
2191836992,32160.607984,31160.607984
2559461054,31092.574437,31092.574437
995301845,32160.607984,32160.607984
2519011003,inf,31160.607984
2519014266,31160.607984,inf
2606167308,32575.645483,32160.607984
3084012242,32160.607984,32160.607984
3604411897,inf,32160.607984
1430291862,31160.607984,31160.607984
2088325002,32160.607984,inf
2576472890,32160.607984,32160.607984
3225752564,32160.607984,inf
2815205159,inf,31238.516302
3007178934,inf,32160.607984
2670898997,inf,31160.607984
2001601392,32160.607984,32160.607984
2834707709,31092.574437,inf
4166470275,31160.607984,inf
3380054417,31485.628831,32160.607984
2559424024,31900.666330,31485.628831
3437176994,inf,31160.607984
104161232,31160.607984,inf
3660445283,31092.574437,31092.574437
3705601219,33160.607984,32160.607984
3864533600,inf,inf
1830866678,31092.574437,31092.574437
1830866749,31092.574437,31092.574437
2524040005,inf,32160.607984
922310100,32485.628831,31485.628831
730335695,31485.628831,31485.628831
840615280,31092.574437,inf
1835274929,32160.607984,inf
4234273570,inf,32160.607984
722894520,31160.607984,31160.607984
3474793242,31092.574437,inf
3997749489,31160.607984,31160.607984
483454906,inf,32160.607984
2942285215,31238.516302,33160.607984
2847787134,31485.628831,inf
1704116868,33160.607984,32160.607984
3527255228,31485.628831,inf
1701702563,inf,32160.607984
911942738,inf,32160.607984
401930824,inf,31160.607984
3111599595,28009.913470,32160.607984
3158911484,inf,31485.628831
1702930952,33160.607984,32160.607984
1481936528,inf,32160.607984
3061550639,31238.516302,inf
1971992575,inf,32160.607984
1987354920,31160.607984,31160.607984
2860239395,31160.607984,32160.607984
2224910111,32160.607984,32160.607984
2023132586,32160.607984,32160.607984
4107979328,31238.516302,31485.628831
3082799949,32160.607984,inf
419020529,32160.607984,31485.628831
2520409279,inf,32160.607984
4134512481,inf,32160.607984
1966177315,32160.607984,32160.607984
1966177315,32160.607984,32160.607984
1239361059,inf,32160.607984
3065202417,inf,31485.628831
2958156105,31092.574437,31092.574437
2003649673,31059.724129,inf
1080649494,32160.607984,32160.607984
2247848523,31092.574437,inf
2298009104,32160.607984,inf
2122533758,31160.607984,31160.607984
2122534847,31160.607984,31160.607984
4195283838,32160.607984,inf
695340121,inf,32160.607984
3059580581,32160.607984,inf
1950377653,inf,32160.607984
3626156880,inf,32160.607984
2182288755,inf,31485.628831
2559426202,inf,31485.628831
883452406,inf,32160.607984
2745526946,31092.574437,inf
1040189880,31092.574437,31092.574437
4261494823,31092.574437,31092.574437
3037650623,inf,32160.607984
1959764300,32160.607984,inf
3590684208,31092.574437,inf
1360726835,31485.628831,inf
3606930176,32160.607984,inf
2480159833,inf,31092.574437
650167312,33160.607984,32160.607984
3632270675,31092.574437,31092.574437
3274231575,31783.998808,31485.628831
3274303485,32160.607984,31485.628831
3996570102,31160.607984,31160.607984
538646742,inf,32160.607984
2410137490,32160.607984,32160.607984
3607070654,32160.607984,32160.607984
2303923954,33160.607984,32160.607984
1600431122,31092.574437,31092.574437
603356320,inf,32160.607984
3895325005,32160.607984,inf
3361052743,31238.516302,32160.607984
4236898060,32160.607984,inf
2178266920,inf,31160.607984
1528115545,32160.607984,inf
40431575,31160.607984,31160.607984
619405236,32160.607984,inf
619405236,31485.628831,32485.628831
1395974570,inf,32160.607984
2861287011,32160.607984,31238.516302
1358099078,31160.124039,inf
3060672362,-nan,inf
2497489400,27294.055091,inf
2497601567,27294.055091,inf
743735935,nan,inf
773096464,nan,inf
1876610230,-nan,inf
2017227132,nan,inf
325085360,inf,nan
837057731,26533.649436,26626.758841
1853173306,26533.649436,26726.294514
1853173371,26533.649436,26948.686936
1853209206,26533.649436,27533.649436
1853209305,26533.649436,inf
2981036003,nan,inf
1988737329,29915.055755,29915.055755
60306154,29915.055755,30915.055755
1990103003,29915.055755,inf
3012284980,17844.061876,inf
1877903962,-nan,inf
2338145455,nan,-nan
2338145494,nan,inf
2371530930,nan,-nan
2371387180,nan,nan
3663322915,-nan,inf
3211180142,-nan,inf
2374441112,nan,-nan
2374471603,-nan,nan
39202090,28291.590482,inf
1777886651,-nan,nan
2787066850,inf,-nan
1780222555,-nan,-nan
1251903761,16844.236342,17844.236342
1251903833,16844.236342,inf
3704650365,27871.811592,28871.811592
3433577900,-nan,inf
3765915697,30915.055755,inf
702156823,21165.658649,inf
1891565569,24648.209020,inf
1860812965,24126.782526,24126.782526
1446394802,25713.718667,24070.054789
1743442730,26315.142589,27516.349059
2008718011,32193.052446,31193.052446
1863220750,inf,31193.052446
1863292652,30193.052446,inf
1861998887,inf,33353.636955
1827607209,inf,31193.052446
1827679058,30193.052446,inf
1824300975,inf,33353.636955
1793431091,inf,33353.636955
559399055,inf,19908.399935
3472462968,25306.905385,28603.988027
133359860,32675.565050,inf
651957159,23942.677460,inf
654436714,23771.162973,23771.162973
1428980281,inf,inf
911779474,24236.743120,24236.743120
2759560713,26851.359028,27509.112051
2761680988,27300.910501,26509.112051
3377780585,inf,25752.072487
3331746460,25738.639612,inf
2006229021,26886.082771,inf
1355980967,25415.037499,24415.037499
1356910979,inf,24540.568381
1356991565,23307.384498,23307.384498
1831048503,23307.384498,23307.384498
1886432907,inf,25705.953687
2680360433,22472.519253,21472.519253
2681402648,21472.519253,inf
2338719732,inf,25000.000000
423413654,23776.437035,24638.454926
423413723,23776.437035,25223.417427
2876168384,23776.437035,inf
1857988896,24397.337781,inf
2817247604,inf,16629.761097
1820131661,20410.787557,inf
3187442274,19074.904398,19965.963182
3149492869,24158.221247,25778.368255
3178098658,24158.221247,inf
1628659945,28137.204167,28271.915226
2086026120,32360.010198,inf
2086956128,31360.010198,31935.609349
150075409,31360.010198,31935.609349
2086957217,31360.010198,31935.609349
2861249987,31092.574437,29795.357348
848748112,28610.417545,inf
3257519358,25955.584534,29067.114196
3257519422,25955.584534,29067.114196
3257555295,25955.584534,29067.114196
2939943793,24033.814112,inf
1791929436,21512.159966,inf
1794919858,26254.860474,inf
4261930510,inf,inf
4108838887,24958.838673,inf
3675213961,26594.471703,27039.471441
26031333,25307.711430,inf
1770338486,inf,17049.631661
2005413985,17035.794728,inf
3780731817,32160.607984,18049.631661
3584398928,18068.234736,19183.711953
3819504640,20375.984750,inf
622592307,18577.618178,18591.713038
623634519,18484.915038,18969.732512
623742357,18484.915038,19705.277281
623778231,18484.915038,21784.599147
3174720116,inf,20897.189194
765765258,inf,inf
4089923622,18371.835618,inf
637676124,22587.447016,inf
637604245,22587.447016,25115.477217
3763253442,26115.477217,26115.477217
764797140,26115.477217,26115.477217
349964748,31485.628831,inf
3112677733,28115.477217,27732.910742
2374903228,19334.117504,19334.117504
2658226416,17585.711163,17729.303170
2693875890,17888.782805,17585.711163
2693983735,17585.711163,18272.930442
3523901568,23327.574658,inf
2601889217,inf,26321.928095
3374925573,24415.037499,22955.605881
3019935662,inf,31160.607984
3375823965,22955.605881,24415.037499
3300248451,22000.000000,22000.000000
3300032826,22000.000000,23000.000000
3300032896,22000.000000,23000.000000
849701076,24000.000000,24000.000000
849737013,24000.000000,24000.000000
1001355152,24678.071905,24415.037499
1000456729,24540.568381,25415.037499
2936280665,24678.071905,24299.560282
2106974780,23632.339096,inf
2591586034,inf,23632.339096
2439931687,22594.858537,23576.553557
2439967688,23557.763818,22594.858537
3967533558,29000.000000,inf
3970839662,25977.632187,25977.632187
1760673111,28704.544116,30652.076697
2267637837,28704.544116,inf
2519296321,inf,32160.607984
2381629968,28482.151695,inf
2382708041,27482.151695,inf
3270848538,25291.259140,26042.509821
563819246,25291.259140,27701.099760
1587619198,inf,27867.120245
1793839567,32160.607984,31027.605203
4229092360,32160.607984,31027.605203
809441620,32160.607984,31027.605203
3632085542,31027.605203,31160.607984
1154222032,32160.607984,31027.605203
2004054678,32160.607984,31027.605203
2003007290,inf,31027.605203
882942802,24000.000000,24000.000000
3309241740,32160.607984,31027.605203
3314170554,31485.628831,31027.605203
745368207,31027.605203,inf
2560687264,31027.605203,31160.607984
4232246575,inf,32160.607984
3341589730,inf,31027.605203
3380045705,inf,31027.605203
1793841745,inf,31027.605203
572311169,32160.607984,31027.605203
3609155578,inf,31027.605203
3047254133,inf,31027.605203
2575315283,31027.605203,31160.607984
621230927,31027.605203,32160.607984
1722480789,31027.605203,31160.607984
1963833790,inf,31027.605203
2326234547,31027.605203,31027.605203
2143900563,31485.628831,31027.605203
2598489721,31027.605203,31092.574437
2607281485,31027.605203,31552.609313
3850700253,inf,31027.605203
2560686175,31027.605203,31485.628831
2560686175,31059.724129,31027.605203
2041289834,31027.605203,31160.607984
2405326514,32160.607984,31027.605203
4003716120,inf,31027.605203
1532399859,inf,31027.605203
1908277940,inf,31027.605203
2458466959,31129.209979,31238.516302
3677744027,32160.607984,31027.605203
572313347,inf,31027.605203
2607389228,31027.605203,31126.190213
3049883272,inf,31027.605203
1360760594,32160.607984,31027.605203
3316393203,inf,31027.605203
1360762772,inf,31027.605203
2559425113,32485.628831,31485.628831
3461644161,31027.605203,inf
3309242829,31092.574437,31027.605203
2145025268,inf,31027.605203
3892513622,inf,31027.605203
2776746704,inf,31027.605203
4268391474,inf,32160.607984
922375440,31027.605203,32160.607984
647903277,31027.605203,inf
647903277,31027.605203,32160.607984
647903277,31027.605203,inf
2099950701,inf,31027.605203
1963805468,32160.607984,31027.605203
3711124708,32160.607984,33160.607984
2441946324,inf,31027.605203
1289889169,32160.607984,31027.605203
4052100867,31027.605203,inf
2810161124,inf,31027.605203
2882216390,31027.605203,31027.605203
1877765655,inf,31027.605203
1271313054,31027.605203,31027.605203
1837434545,inf,31027.605203
536913224,inf,31027.605203
2143873338,31485.628831,31027.605203
1661290053,inf,31027.605203
3629820425,31160.607984,31027.605203
2483723046,inf,31027.605203
1328269985,inf,31027.605203
2065494741,32160.607984,31027.605203
3360801086,31238.516302,32160.607984
2565295679,inf,31027.605203
2482460898,inf,31027.605203
2760956544,inf,31027.605203
1343827436,31160.607984,31027.605203
3627449672,31027.605203,31027.605203
3071278284,inf,31027.605203
3549392629,inf,31027.605203
746590067,31027.605203,31027.605203
4257575455,inf,31027.605203
133806511,31027.605203,inf
2445520929,31160.607984,31027.605203
358409939,32160.607984,31027.605203
1762904475,inf,31027.605203
1630780228,inf,31027.605203
3637617682,inf,31027.605203
2926991915,inf,31027.605203
2139023719,32160.607984,31027.605203
2028199457,31027.605203,31160.607984
1600324399,31027.605203,31160.607984
2575285880,31092.574437,31027.605203
3632057231,31092.574437,31027.605203
3761133289,31027.605203,inf
3302693681,33160.607984,31027.605203
2911666769,inf,31027.605203
2492530811,nan,-nan
885134959,24000.000000,24000.000000
1343791503,31027.605203,32160.607984
4111394436,31027.605203,31160.607984
1873191863,inf,31027.605203
882275193,19074.904398,19074.904398
1743478668,26315.142589,31027.605203
1764840375,inf,31027.605203
197656000,inf,31027.605203
395907849,31027.605203,inf
1793837389,31485.628831,31027.605203
1499690626,inf,31027.605203
3135449302,31027.605203,inf
2560687264,31027.605203,31092.574437
1829788642,31485.628831,inf
2560687264,31027.605203,31027.605203
405704182,inf,31027.605203
420170509,inf,31027.605203
922373262,31027.605203,32160.607984
922373262,32485.628831,31027.605203
316758959,32160.607984,31027.605203
2143839277,31027.605203,31027.605203
2341416432,inf,31027.605203
2445523107,31027.605203,31027.605203
1891085360,31027.605203,31027.605203
698279859,31027.605203,31027.605203
2576259446,31027.605203,31160.607984
4111391169,32160.607984,31027.605203
4261133222,inf,31027.605203
1702888481,inf,31027.605203
2560683997,31027.605203,32160.607984
2560683997,32485.628831,31027.605203
2448035423,31027.605203,32160.607984
2448035423,32160.607984,31027.605203
1870145268,inf,31027.605203
2493465271,inf,inf
885314614,24000.000000,24000.000000
2609347133,32160.607984,31027.605203
4291787479,inf,31027.605203
3615598268,31027.605203,31027.605203
2631887691,31027.605203,inf
2375518133,31092.574437,31027.605203
4127505851,31485.628831,31027.605203
3227006489,31027.605203,31160.607984
911924309,31027.605203,31092.574437
28731047,31027.605203,31160.607984
3677600286,31485.628831,31238.516302
4109164158,inf,31027.605203
2053472715,31160.607984,31027.605203
2143904919,31027.605203,31160.607984
3588357835,inf,31027.605203
2089327972,inf,31027.605203
727784163,31027.605203,31027.605203
2412565608,31160.607984,31027.605203
4228193935,31485.628831,31027.605203
2441982253,inf,31027.605203
1812905775,31027.605203,31027.605203
457868430,32160.607984,31027.605203
2101223771,inf,31027.605203
3569912383,inf,31027.605203
3637797435,inf,31027.605203
3662817125,31027.605203,31160.607984
3606962842,inf,31027.605203
67369345,31027.605203,31027.605203
69596350,31160.607984,31027.605203
1190566828,31027.605203,inf
1794803333,31027.605203,32160.607984
3393935059,31027.605203,inf
2985050022,31027.605203,31160.607984
3390005686,32160.607984,32160.607984
3840664623,31027.605203,inf
1882614978,inf,31485.628831
2121567817,inf,31027.605203
1115532778,inf,31027.605203
3098372269,32160.607984,31027.605203
532860885,inf,31027.605203
3817674251,31027.605203,31160.607984
3593138545,inf,31027.605203
2138232296,31027.605203,31027.605203
2375520311,31027.605203,31160.607984
2412563430,31092.574437,31027.605203
603894652,inf,31027.605203
2598489721,31027.605203,31027.605203
994013558,32160.607984,31027.605203
1910621679,31027.605203,inf
2606275148,31027.605203,33160.607984
3420232800,31027.605203,31160.607984
699465773,31027.605203,inf
3737823036,31027.605203,32160.607984
104123124,inf,31027.605203
3092695754,inf,31027.605203
3511592768,inf,31027.605203
2029421316,31027.605203,31027.605203
3008042512,inf,31027.605203
3659596245,inf,31027.605203
922341681,31027.605203,32160.607984
806926033,inf,31027.605203
2576255090,31092.574437,31027.605203
3822328762,31027.605203,inf
2102124374,31027.605203,31027.605203
2607209510,31027.605203,31824.814095
3610209489,31027.605203,31575.645483
3211947022,inf,31027.605203
3305101431,inf,31027.605203
2581069679,inf,31027.605203
2451450836,inf,31027.605203
2103602147,31027.605203,31575.645483
2257809561,32160.607984,inf
3222283364,31027.605203,31027.605203
2487529815,31027.605203,31059.724129
3049468443,inf,31027.605203
3819830502,31092.574437,31027.605203
2329501627,inf,31027.605203
3174772468,inf,31027.605203
2368414633,inf,31027.605203
732455940,32160.607984,31027.605203
732455974,31027.605203,inf
69598528,31027.605203,31027.605203
2366366224,31238.516302,31027.605203
3702005341,inf,31027.605203
2625200280,17911.862012,19437.891761
1007723460,inf,31027.605203
4229164234,32160.607984,31027.605203
4111390080,32160.607984,31027.605203
2405471358,inf,31027.605203
3613515729,31160.607984,31027.605203
2140101831,inf,31027.605203
3309240651,31485.628831,31027.605203
69705250,31027.605203,31027.605203
606482116,inf,31160.607984
2669533420,inf,31027.605203
2258995444,inf,31027.605203
2560685086,31027.605203,32160.607984
2560685086,31627.114129,31027.605203
3660618434,31027.605203,31160.607984
2143902741,32160.607984,31027.605203
2328315708,31027.605203,31160.607984
2146031467,31027.605203,31027.605203
404446448,27794.095701,31027.605203
1757089217,31027.605203,31160.607984
1559991734,inf,31027.605203
2636744734,inf,31027.605203
2793193120,inf,31027.605203
3315172434,31027.605203,28901.843053
2304103668,31027.605203,31160.607984
2686152819,inf,31027.605203
759943468,inf,31027.605203
3549149476,inf,31027.605203
2882209069,31485.628831,31027.605203
2882209069,32160.607984,31027.605203
2882209069,31027.605203,inf
2909885176,inf,31027.605203
2329395993,31027.605203,31160.607984
917432275,31027.605203,32160.607984
1989441244,inf,31027.605203
604578141,31027.605203,inf
1831791219,inf,31027.605203
2065531767,31027.605203,31027.605203
2206295719,31027.605203,31160.607984
1794705322,inf,31027.605203
2654776465,17998.209053,18377.490545
3164589526,31027.605203,32160.607984
3164589526,32485.628831,31027.605203
2366227063,inf,31027.605203
841461491,inf,31027.605203
2861429644,inf,31027.605203
3351349685,inf,31027.605203
3923571282,31027.605203,inf
1674415380,32160.607984,31027.605203
2371530969,nan,31027.605203
2419367501,31027.605203,31485.628831
2419367567,31027.605203,32160.607984
2419403438,31027.605203,inf
1674595031,inf,31027.605203
1196692242,inf,31027.605203
3630835373,31027.605203,31160.607984
2101230305,inf,31027.605203
4169094462,inf,31027.605203
4197686440,inf,31027.605203
3046141178,32160.607984,31027.605203
2410143168,31027.605203,32160.607984
2225313035,31027.605203,inf
3046142267,inf,31027.605203
1193910051,31027.605203,inf
2375486552,inf,31027.605203
146894682,inf,31027.605203
1868997943,30353.636955,30353.636955
2323171122,31027.605203,32160.607984
1832833393,inf,31027.605203
1199281887,inf,31027.605203
2303995959,31027.605203,31126.190213
1721367837,inf,31027.605203
649585220,31027.605203,32160.607984
993904658,inf,31027.605203
3697149496,inf,31027.605203
2577620696,31027.605203,31160.607984
476329387,inf,31027.605203
3456021716,31027.605203,31160.607984
3604519130,31027.605203,32160.607984
697676027,inf,31027.605203
3593022022,inf,31027.605203
3484519754,31027.605203,inf
2576475068,31027.605203,32160.607984
2835920031,inf,31027.605203
3314128083,31238.516302,31027.605203
2102091704,31160.607984,32160.607984
993900302,32160.607984,31027.605203
1502597170,inf,31027.605203
3611251662,32160.607984,31027.605203
2714692090,31160.607984,31027.605203
2559463232,31027.605203,31160.607984
3712490281,inf,31027.605203
63944467,31160.607984,31027.605203
995305112,inf,31027.605203
3322959416,31027.605203,31027.605203
2606167439,31027.605203,32575.645483
3084016598,inf,31027.605203
1193659819,31092.574437,inf
3164587348,31027.605203,32160.607984
2653698325,18729.303170,18084.096010
3164587348,32485.628831,31027.605203
3591655327,31027.605203,31027.605203
2140852030,inf,31027.605203
759978316,inf,31027.605203
1430327826,31027.605203,31027.605203
3368653793,31027.605203,31027.605203
196362194,32575.645483,31027.605203
2367222178,32160.607984,31027.605203
1745842697,31027.605203,inf
3678894012,31027.605203,inf
1559002295,31160.607984,31027.605203
146924085,inf,31027.605203
2835890636,inf,31027.605203
2445518751,31092.574437,31027.605203
146957844,inf,31027.605203
2815205159,31027.605203,inf
3007180024,inf,31027.605203
2006318944,inf,31027.605203
3314129172,31485.628831,31027.605203
1628372451,inf,31027.605203
458048107,inf,31027.605203
3861265734,inf,31027.605203
3205879247,31027.605203,31027.605203
2429238948,31027.605203,inf
2299123053,31027.605203,31160.607984
206928859,inf,31027.605203
2559424024,31027.605203,32160.607984
2559424024,31900.666330,31027.605203
3437140988,31027.605203,32160.607984
3660447461,31027.605203,31160.607984
2874774464,32160.607984,31027.605203
2874774464,31027.605203,inf
1701701467,inf,31027.605203
2006317855,32160.607984,31027.605203
1430255952,31027.605203,31160.607984
63942289,31092.574437,31027.605203
1165798084,inf,31027.605203
3309246096,31027.605203,31160.607984
1688941431,inf,31027.605203
146928441,inf,31027.605203
731198145,31238.516302,31027.605203
731198213,31485.628831,31027.605203
3391850679,inf,31027.605203
1157561209,32160.607984,31027.605203
435752263,inf,31027.605203
3314130261,31238.516302,31027.605203
2292110158,inf,31027.605203
1794914410,inf,31027.605203
3818035608,31160.607984,31027.605203
3606639991,inf,31027.605203
566191046,inf,31027.605203
3466428349,inf,31027.605203
105381758,inf,31027.605203
3476015100,31027.605203,31160.607984
3997751667,31027.605203,31027.605203
3357351159,inf,31027.605203
370412003,inf,32160.607984
1934003894,inf,31027.605203
2608395401,31485.628831,31027.605203
2405359184,inf,31027.605203
1165161846,inf,31027.605203
3164585170,31027.605203,32160.607984
1704119047,inf,31027.605203
2380401209,inf,31027.605203
519945821,31092.574437,31027.605203
3678750296,32160.607984,31027.605203
1713902548,inf,31027.605203
1701703645,inf,31027.605203
2907513338,inf,31027.605203
911943824,inf,31027.605203
2507617545,31027.605203,inf
2340086863,inf,31027.605203
3705556571,inf,31027.605203
1731185034,32160.607984,31027.605203
1731185075,inf,31027.605203
2366293258,inf,31027.605203
2370922598,inf,31027.605203
3111599695,31027.605203,28009.913470
3158912570,32160.607984,31027.605203
2559425113,32485.628831,31027.605203
1702933127,inf,31027.605203
2303852209,31027.605203,33160.607984
2366291080,32160.607984,31027.605203
2149081635,31027.605203,inf
4193622543,inf,31027.605203
2819763231,inf,31027.605203
2410133131,inf,31027.605203
2023276334,inf,31027.605203
3630790724,31027.605203,31160.607984
4107979328,31027.605203,31129.209979
4107979328,31238.516302,31027.605203
3697156032,31027.605203,31160.607984
63911797,31160.607984,31027.605203
2815205159,31485.628831,31027.605203
3082943634,inf,31027.605203
419954895,32160.607984,31027.605203
1569127473,inf,31027.605203
4134516834,inf,31027.605203
460204328,inf,31027.605203
1239468870,inf,31027.605203
4223040002,inf,31027.605203
4036341588,31027.605203,inf
2182504377,31027.605203,inf
3549183242,inf,31027.605203
3819077775,31027.605203,31027.605203
3065274292,32160.607984,31027.605203
1997794154,inf,31027.605203
725736584,32160.607984,31027.605203
3302513967,inf,31027.605203
2370895373,32160.607984,31027.605203
4095386176,31092.574437,31027.605203
917849560,inf,31027.605203
1794912232,32160.607984,31027.605203
1301874502,inf,31027.605203
4274582704,inf,31027.605203
1891081004,31160.607984,31027.605203
3552560227,inf,31027.605203
69667135,inf,31027.605203
2139738081,32160.607984,inf
696202611,inf,31027.605203
890130202,24000.000000,24000.000000
3997747311,31160.607984,31027.605203
2380368539,inf,31027.605203
2986837685,inf,31160.607984
2380365264,32160.607984,31027.605203
837831854,inf,31027.605203
1951527706,inf,31027.605203
1712860373,33160.607984,31027.605203
3627091306,inf,31027.605203
2182432479,32160.607984,31027.605203
2559426202,31027.605203,32160.607984
2559426202,inf,31027.605203
1167199631,inf,31027.605203
883453492,inf,31027.605203
2410138576,inf,31027.605203
1040220372,31027.605203,31160.607984
3037686564,31160.607984,31027.605203
1082291186,inf,31027.605203
1529481183,inf,31027.605203
248790425,31027.605203,inf
3895799271,31027.605203,31160.607984
3549179967,32160.607984,31027.605203
2762024774,inf,31027.605203
1017177859,inf,31027.605203
1360729013,31129.209979,31027.605203
1381884719,31160.607984,31027.605203
3606933443,inf,31027.605203
4196361912,inf,31027.605203
4169733428,31027.605203,31092.574437
4169733502,31027.605203,31160.607984
2405327603,inf,31027.605203
240967790,31160.607984,31027.605203
4223017667,32160.607984,31027.605203
1920665327,31027.605203,inf
1745878638,31160.607984,31485.628831
2367224356,inf,31027.605203
3348705259,inf,31027.605203
2380372887,32160.607984,31027.605203
3632272853,31027.605203,31160.607984
3196303760,31160.607984,inf
4168763163,31027.605203,31160.607984
3274339359,32160.607984,31027.605203
538682687,inf,31027.605203
3996597327,31027.605203,31027.605203
2882036746,inf,31092.574437
854444761,24000.000000,24000.000000
649369595,31160.607984,31027.605203
4197650499,32160.607984,inf
3633778570,inf,31027.605203
1080243162,31027.605203,31160.607984
3069286386,32160.607984,31027.605203
2303924083,31027.605203,33160.607984
1600433300,31027.605203,31160.607984
2451525977,inf,31027.605203
241039664,31027.605203,31027.605203
603392220,31027.605203,inf
3896439088,inf,31027.605203
3678642452,32160.607984,31027.605203
2458538832,31027.605203,31485.628831
4109168515,31027.605203,inf
3361915158,31238.516302,32160.607984
2406928876,inf,31027.605203
1703111727,inf,31027.605203
66009179,31027.605203,31027.605203
2142545546,31027.605203,31027.605203
68479036,33160.607984,31027.605203
839436111,inf,32160.607984
1360756238,31238.516302,31027.605203
3065346162,inf,31027.605203
1528259323,31027.605203,inf
2745519327,inf,31027.605203
41286440,31027.605203,31027.605203
619405236,31027.605203,32160.607984
619405236,31027.605203,inf
1396118286,inf,31027.605203
2761030595,inf,31027.605203
2585957075,inf,31027.605203
1868782322,30048.565534,30048.565534
1868710445,31048.565534,31281.037396
1868710486,31048.565534,31558.302383
1868746382,31048.565534,30659.657285
1868746483,31048.565534,30353.636955
2324033680,31160.607984,inf
597607756,nan,-nan
222900351,nan,-nan
222927573,nan,-nan
222928662,nan,inf
1700478381,inf,-nan
821144782,26273.010697,inf
812915211,26273.010697,inf
817407338,26273.010697,inf
1678633301,31027.605203,32160.607984
1798631332,nan,inf
25906824,inf,28857.680202
624030275,inf,26547.046123
2454978107,inf,24964.828611
3297660984,12842.858807,12842.858807
4222762839,-nan,inf
1886486874,24397.337781,26496.707432
2248781680,nan,inf
2981143753,-nan,inf
2981287467,-nan,-nan
1975538853,29857.680202,inf
1797734911,24415.037499,24415.037499
841729549,26857.680202,26857.680202
2027980572,16842.684508,inf
2776746606,inf,32160.607984
1877903962,nan,inf
2457773983,-nan,nan
2491051644,nan,-nan
2491051707,nan,-nan
2338325146,-nan,inf
2367829486,-nan,nan
2367865454,-nan,31027.605203
2371423159,-nan,inf
3356021522,inf,31193.052446
3475192938,15842.758306,17843.004541
2409993742,inf,31027.605203
3751481995,nan,nan
2453722490,nan,-nan
3211359769,nan,inf
2374445468,-nan,nan
1294854881,inf,inf
2439967695,23557.763818,23557.763818
3704650405,27871.811592,inf
2120344866,15842.858807,inf
3433721581,nan,inf
1285501692,29857.680202,inf
1521437695,inf,inf
4163839796,inf,inf
1526361099,28857.680202,inf
803782253,24863.118626,inf
3437416570,inf,-nan
3436158775,inf,-nan
3433930678,-nan,nan
3434900982,nan,inf
702192798,inf,19579.701189
1813248654,nan,nan
2447882292,-nan,-nan
3054850508,nan,inf
1157932688,nan,-nan
1412479957,inf,31027.605203
1123540979,nan,nan
1673401509,27599.424837,32160.607984
935813950,24755.968484,inf
3090144294,inf,22065.631096
1860956753,inf,22065.631096
2373445812,inf,25159.738303
2126094786,25103.693393,28905.677129
1446430747,26905.677129,23174.818345
1448515124,26905.677129,23174.818345
2266451885,29371.968777,inf
2126384461,24893.073676,24893.073676
3057190039,inf,32048.565534
2008720191,30048.565534,31193.052446
2011241224,inf,32160.607984
1862034825,32048.565534,inf
1827643114,30048.565534,31193.052446
2007540803,32048.565534,inf
2006605351,32048.565534,inf
561447503,17944.979089,inf
3270816957,25618.527580,17787.393981
2867360366,31370.493629,inf
654185189,23419.737954,24771.162973
654400844,23419.737954,23771.162973
61721213,23419.737954,inf
25173221,23419.737954,26306.165072
2760423232,inf,26081.771022
2761716933,27119.000938,26081.771022
1929233880,26611.982715,inf
1582305371,19634.453621,19770.575307
1582305371,19634.453621,19920.891283
1582305371,19634.453621,20278.651871
3377780585,inf,23752.072487
3336741668,21402.878571,21402.878571
1468385144,24313.499473,inf
1798992668,22567.458100,23415.037499
1356910979,22790.546634,22790.546634
1356990469,21655.704092,inf
1041928024,22173.451513,21562.496168
1043113945,inf,20562.496168
1886432907,inf,24458.056413
1582305371,19634.453621,21467.004864
2639823466,inf,20467.004864
2453723280,21440.622909,22065.571959
2453759217,21440.622909,23192.645078
3809228635,22735.557400,inf
2182532600,26000.000000,inf
2876174924,23776.437035,23776.437035
3771253999,inf,31027.605203
1889002533,24383.799270,24383.799270
1965054556,32160.607984,32160.607984
3103441897,inf,17005.482517
3034694385,17503.013492,17503.013492
2985891933,inf,17005.482517
1821353487,19410.787557,inf
3188484414,24415.037499,24415.037499
3178961073,22981.918396,inf
2745493187,32160.607984,inf
2086918011,31360.010198,inf
37305032,26712.909404,30137.204167
55304669,29137.204167,inf
848748178,27610.417545,inf
37484724,30137.204167,25733.205454
2043154138,22704.942050,inf
1920896464,22704.942050,inf
2168750917,16626.400481,16626.400481
3865789298,12440.176499,inf
4226316940,25254.860474,25254.860474
4110168555,23958.838673,inf
3013083784,20733.759151,20701.475238
2561691324,23143.150087,23143.150087
2938298885,22143.150087,22143.150087
2931255240,23443.547015,inf
2343503711,24307.711430,inf
764828722,16049.631661,inf
1782578183,32160.607984,16035.814917
3583141136,18068.234736,inf
4280593099,19960.947251,20960.947251
4280593099,19960.947251,inf
620364244,18484.915038,18851.764910
621370513,18484.915038,19344.927505
18867528,18484.915038,18591.713038
622771991,18484.915038,18707.053531
627371931,18579.701189,18772.346267
627515680,18579.701189,21614.674146
1259330214,31027.605203,inf
3862018141,18484.915038,inf
4281922766,18579.701189,21614.674146
3174756086,inf,19897.189194
3448948502,19074.904398,inf
637676190,21587.447016,inf
2168750917,16626.400481,16626.400481
4283181761,26478.198554,inf
3087787803,26968.407801,28115.477217
2483534652,32160.607984,31027.605203
2064235849,33160.607984,32160.607984
2064238032,31027.605203,inf
3164588437,32485.628831,31485.628831
3575202706,14842.858807,inf
2659340459,18675.773572,17083.596248
2658334197,17585.711163,17260.736073
2658442042,17260.736073,17585.711163
2453791097,-nan,inf
2286550378,20415.037499,inf
1928894417,20506.544799,inf
2609275292,31485.628831,31485.628831
3726321977,inf,22895.663340
2596257876,23409.589009,inf
1078015035,21678.071905,23000.000000
2855356295,inf,24678.071905
3300212511,22000.000000,20678.071905
849665103,22192.645078,24000.000000
849772950,22192.645078,24000.000000
882727150,22192.645078,24000.000000
883949001,22192.645078,24000.000000
885386488,22192.645078,24000.000000
886608376,22192.645078,24000.000000
891136408,22192.645078,24000.000000
3414259906,22192.645078,inf
1001319217,22192.645078,25415.037499
2936316602,24678.071905,22192.645078
2937430618,22192.645078,23415.037499
2937466560,24000.000000,23000.000000
4243949705,22678.071905,inf
2289522730,32160.607984,inf
878386378,22528.324786,23415.037499
2439680373,22251.807150,23251.807150
3968719478,25238.448768,inf
3971055353,25752.072487,26245.112498
3971127259,25752.072487,27000.000000
2267781512,27415.037499,inf
451775512,27289.506617,27704.544116
3476336342,inf,31027.605203
1764159005,27087.085214,29101.879614
2301060508,31160.607984,inf
819701430,22142.019005,23678.071905
1366686636,16594.030708,16594.030708
1366722481,16594.030708,16594.030708
1366722543,16594.030708,16594.030708
1366722608,16594.030708,16594.030708
1363272621,inf,19826.094477
1087575830,24088.412618,23088.412618
1087611767,inf,23088.412618
3270855072,inf,22765.763781
1587619237,inf,26857.581187
2258909553,32160.607984,inf
3217126170,21983.191712,21983.191712
4232282478,31027.605203,inf
1360758416,31485.628831,31027.605203
764798233,inf,24233.094933
2879302796,32160.607984,inf
3080671188,inf,31027.605203
1713830637,inf,32160.607984
2653482761,inf,32160.607984
3164585170,32485.628831,31027.605203
405668279,inf,32160.607984
4109166338,31027.605203,31238.516302
2559425113,31027.605203,32160.607984
2405467002,32160.607984,32160.607984
1328272160,inf,inf
3361052702,31238.516302,32160.607984
1456515926,27830.074999,inf
2366368402,31485.628831,31027.605203
729149742,inf,31027.605203
3164586259,32485.628831,31485.628831
1797265693,16843.004541,17843.004541
2560713400,inf,inf
2972215793,inf,31027.605203
2372752793,-nan,-nan
2412497004,31485.628831,32575.645483
2406485724,31027.605203,31160.607984
2380339956,inf,inf
3227008663,inf,inf
3677672153,31485.628831,31027.605203
2598489721,31027.605203,31160.607984
3395372480,31485.628831,31485.628831
3736601182,31160.607984,32160.607984
1996787983,32160.607984,31027.605203
2303852080,33160.607984,32160.607984
3591121376,32160.607984,inf
1923582170,inf,32160.607984
4236744508,nan,nan
818623355,23830.074999,22142.019005
1800842929,inf,31027.605203
729006022,31485.628831,32160.607984
733713776,inf,inf
3697115739,31529.935199,31027.605203
1164299326,inf,32160.607984
3163727038,32485.628831,31485.628831
2625200381,17911.862012,inf
3339253831,inf,31027.605203
606518057,31027.605203,31027.605203
3697117917,31092.574437,32160.607984
2260737864,inf,inf
572528972,31485.628831,31027.605203
3554930562,19068.234736,18068.234736
3391706937,32160.607984,31027.605203
1987211235,31160.607984,31027.605203
1643127542,31027.605203,31027.605203
1643125364,31160.607984,31027.605203
649621154,31160.607984,31027.605203
255536312,31027.605203,31160.607984
1014264351,inf,30119.000938
3175782101,13000.000000,13000.000000
2653734386,18175.421490,17998.209053
3042544209,inf,32160.607984
3554822752,18483.272235,18068.234736
2736431911,inf,31027.605203
104192816,inf,inf
2373409873,24415.037499,inf
1123612857,-nan,nan
2453687343,21440.622909,21719.519190
2859061097,31027.605203,inf
319496068,32160.607984,31027.605203
4154630898,inf,32160.607984
2653518735,inf,31027.605203
3075707910,32160.607984,32160.607984
2340122700,inf,inf
2402936666,inf,inf
1962214313,30272.717701,inf
2218081980,inf,31027.605203
2815205159,32160.607984,31027.605203
3748313467,20545.909751,inf
1962214250,30272.717701,31291.590482
2958183330,31027.605203,31160.607984
3471700469,inf,31027.605203
2458538898,31027.605203,32160.607984
3252757621,inf,31027.605203
1705428984,31485.628831,31027.605203
3697121184,32160.607984,31027.605203
1682264027,27211.504105,inf
998390296,31160.607984,31027.605203
1933003110,inf,32160.607984
2861320766,31027.605203,31874.469118
839439379,inf,31027.605203
3748490931,31160.607984,32160.607984
1868962010,28857.581187,30353.636955
597679637,nan,-nan
597859315,-nan,nan
2751271423,-nan,-nan
3061930091,-nan,inf
105521396,-nan,nan
3174556650,-nan,inf
23433705,inf,nan
4279262341,20130.872252,21130.872252
1962250186,29272.717701,inf
851367213,inf,27857.680202
854960915,inf,27857.680202
625216193,26547.046123,26547.046123
626653674,26857.680202,inf
2046767314,inf,nan
3704901963,24173.451513,24964.828611
3297661050,12842.858807,12842.858807
2101101773,-nan,nan
1618381307,25953.878182,inf
325121302,inf,nan
1912363848,nan,inf
844141684,nan,32160.607984
2248782768,-nan,nan
2248782768,-nan,inf
921553544,-nan,-nan
268081296,25857.680202,25857.680202
2003965020,28857.680202,inf
1434047365,28857.680202,inf
1467001657,28857.680202,inf
1507574534,28857.680202,inf
2410044839,28857.680202,inf
2447850559,28857.680202,inf
2028088409,15842.684508,inf
766775809,inf,31027.605203
838063690,inf,31027.605203
2457773951,nan,nan
2491051613,inf,-nan
2339295440,nan,nan
3356021588,inf,29251.549218
39692996,nan,-nan
40699229,-nan,nan
4111393347,31092.574437,31027.605203
304988601,25857.680202,25857.680202
2453748623,nan,-nan
3664472801,-nan,nan
907377650,inf,32160.607984
2609581322,31160.607984,31027.605203
2374475960,nan,-nan
2374481404,-nan,nan
1764059938,inf,28291.590482
3744309505,nan,-nan
1285511291,27272.717701,inf
2434002152,27594.858537,inf
3808125397,31027.605203,31027.605203
4170692937,27272.717701,inf
2439967695,22594.858537,27857.680202
1896045756,22594.858537,27857.680202
2787134368,inf,-nan
2568475744,inf,14842.858807
1255245899,inf,14842.858807
3434584062,-nan,inf
701438603,27058.383402,inf
3767065712,28786.380400,29915.055755
2665273196,28291.590482,inf
46250102,28786.380400,29915.055755
803784433,24448.081127,25448.081127
755154238,24448.081127,inf
3437452604,inf,inf
3436194809,inf,inf
3433786966,inf,-nan
3434936978,inf,-nan
2788107935,-nan,inf
1813320529,nan,-nan
2526152943,-nan,-nan
1986276807,31485.628831,31027.605203
2368641076,32160.607984,-nan
3055892681,-nan,inf
4109099907,31027.605203,32160.607984
3676414400,31137.204167,inf
4109099907,inf,31485.628831
3810533174,inf,32160.607984
1673545259,23421.538600,23421.538600
4281917321,18579.701189,18672.810593
1893685852,24119.213476,24119.213476
1945264949,inf,32160.607984
1860992721,20851.125211,inf
63948823,31160.607984,31027.605203
2373446901,inf,22212.134322
1447401071,22505.161022,23174.818345
2005128668,22948.039646,25340.454114
421029176,12259.273842,12259.273842
1618632830,24642.208402,24642.208402
1618596894,24642.208402,24872.703408
3042649842,26857.581187,26867.120245
3042649842,26857.581187,26867.120245
1507022969,31092.574437,26571.880748
3057225935,inf,29832.424145
222715224,-nan,inf
2008755039,28864.185252,30048.565534
1946486841,31027.605203,inf
1862034893,inf,29832.424145
1828757161,28864.185252,30048.565534
2007566938,inf,29832.424145
1793467067,inf,29832.424145
3270781020,18781.072532,17321.831579
2381487579,22565.291061,inf
3270818047,18295.464167,17299.976091
3270819136,25618.527580,17299.976091
2867388680,inf,29186.113347
1537747916,32160.607984,22449.362379
655478921,22530.855813,23419.737954
655586766,22530.855813,23419.737954
956656075,22530.855813,inf
3195710972,22530.855813,inf
912962128,22530.855813,23419.737954
26107610,22530.855813,22530.855813
2760459163,23166.959054,26081.771022
1958702181,inf,25407.542963
1583203796,19588.649931,19681.759335
1583203796,19588.649931,19781.295009
1583203796,19588.649931,20003.687430
1583203796,19588.649931,20588.649931
3226975997,31092.574437,31092.574437
1583203796,19588.649931,inf
4092612761,inf,inf
4083412759,22167.109986,21400.087158
4084383086,21400.087158,21752.072487
1469427283,inf,22887.560493
2011152389,27871.811592,inf
1832018834,21492.205360,21655.704092
3415478498,21835.871582,21186.182378
1041963997,20186.182378,inf
1886432907,inf,23074.723742
2639859472,19467.004864,inf
2681654135,20467.004864,inf
2718482276,31027.605203,inf
4109020416,20669.083122,23192.645078
2374413934,inf,21874.429302
3809408319,23093.109404,21923.184403
2184868368,23245.112498,inf
2876177102,21752.126416,inf
1890116509,24433.772451,24335.499303
1890116547,24539.232265,24335.499303
1890152446,24776.542349,24335.499303
1890152512,25414.965956,24335.499303
3034694377,16914.857376,17503.013492
3085376755,16817.786366,17102.184260
3085377846,16914.857376,17317.516116
2985927869,inf,inf
3048685082,18149.403316,inf
712353305,15198.641140,inf
3449092222,inf,inf
3445426676,inf,inf
877240750,22981.918396,22981.918396
2001641690,28137.204167,28137.204167
2478851666,20334.863394,20357.508389
2478851729,20334.863394,20334.863394
2083402720,25190.014782,25190.014782
33819149,25190.014782,25190.014782
56274929,28413.606891,28413.606891
2108129114,26040.055679,inf
879645262,23766.416067,inf
873677537,25908.608873,inf
3237703281,inf,31160.607984
3700833958,31126.190213,32160.607984
2336524307,17547.228469,18547.228469
2717115584,inf,31027.605203
2375777362,inf,22069.365495
3850915555,32160.607984,inf
2775448847,22304.019183,inf
3234333828,21044.245019,31027.605203
2296173210,30701.420649,31027.605203
1854721191,inf,26000.000000
2933801081,22327.574658,inf
1481972432,inf,31027.605203
1872608000,22212.122941,inf
4095388354,31027.605203,31160.607984
2045238551,21271.898311,inf
1922154326,21271.898311,inf
3865756628,12384.433512,inf
2849339352,15626.430884,31027.605203
3017031070,11384.433512,inf
3013155663,20748.141068,20719.519190
3013155725,20748.141068,20691.454117
3013083823,20733.759151,20669.897974
3015563476,20669.897974,20691.454117
3020127442,20669.897974,inf
922375440,inf,31027.605203
4268427418,inf,31027.605203
3963696697,26346.636724,inf
2933734955,22302.242605,22788.775370
2902900940,23143.257829,24443.547015
1682264027,25211.504105,inf
2343532025,22998.005886,inf
3549320755,33160.607984,31027.605203
732527848,inf,31027.605203
4240212226,22072.069051,inf
834689156,16022.139241,inf
501811316,inf,16049.631661
1782721863,16022.129242,16049.631661
3808906455,inf,16049.631661
3585620794,18546.282033,17653.197236
3554714973,18105.709441,18605.444105
1559066546,31027.605203,31027.605203
3554786810,18105.709441,18260.879814
3086641088,inf,31027.605203
4280595277,18905.277807,inf
626293882,18469.877003,18530.993158
3902447201,18469.877003,inf
703234972,inf,18469.877003
4279517164,18469.877003,inf
349928810,31485.628831,32485.628831
3112677671,28115.477217,27911.550083
16643787,18469.877003,inf
3904711232,18469.877003,inf
3212148151,21245.112498,22245.112498
1891526368,24147.160796,24147.160796
1831982835,21492.205360,21655.704092
2166630633,19088.717875,19145.395828
3451607845,21131.260470,22358.558564
764798233,inf,23140.814822
2161781316,18824.773012,18824.773012
3164590615,32485.628831,31485.628831
2655854571,19260.736073,17048.098631
3164617840,inf,31485.628831
2656968619,inf,18260.736073
1199876917,31027.605203,31160.607984
2659376404,17119.989368,17048.098631
2660706039,17195.651221,17048.098631
2662035709,17398.693871,17106.014121
2695025875,19260.736073,18260.736073
2695025939,17888.782805,18260.736073
3575201617,15844.236342,inf
2737754962,16508.146904,16955.605881
2737790935,15955.605881,inf
2453793275,nan,-nan
2453823766,-nan,nan
3524117150,20594.007640,20424.082639
3524117256,20594.007640,20272.079545
3524153087,20594.007640,20009.045140
2195357731,21895.663340,inf
3376111458,22093.109404,22093.109404
883204114,22607.682577,22607.682577
2082394307,inf,22965.634224
2606933828,inf,23678.071905
2855392229,inf,23678.071905
1005128539,21678.071905,21678.071905
1443202846,28291.590482,inf
1006062899,21678.071905,21678.071905
4226431683,32160.607984,31027.605203
1003834806,24000.000000,22415.037499
911793542,inf,31027.605203
2939874338,21678.071905,21678.071905
2937502497,24000.000000,22415.037499
4277119556,20678.071905,inf
2289630505,inf,31027.605203
3217090230,23415.037499,21983.191712
3429584562,inf,24713.337235
2438709797,20767.279292,inf
2442447247,21111.066535,21111.066535
2202707460,24460.841189,25977.632187
1760678556,27000.000000,28000.000000
2267817522,27000.000000,inf
2746856622,inf,26289.506617
2382887764,26087.085214,inf
3473755392,28844.721775,inf
1872158395,26277.037265,inf
393571946,32160.607984,31027.605203
1366866222,18837.164570,15755.060388
1366866290,18837.164570,14842.858807
1087647708,21163.330124,inf
564034967,21765.763781,inf
1587655135,26857.581187,26857.581187
3041579350,26857.581187,26857.581187
2330588097,inf,inf
2002940865,30193.052446,inf
913064272,27857.680202,27857.680202
238703798,26857.680202,32160.607984
598937463,nan,23632.339096
222937375,nan,-nan
222963511,nan,inf
2007538545,nan,nan
2448117454,27857.680202,27857.680202
392350084,31485.628831,inf
2367514030,32160.607984,22955.605881
105522485,-nan,inf
957210258,14436.340044,inf
226350302,nan,-nan
226351391,nan,inf
3855327105,31027.605203,inf
23434791,-nan,inf
4279262341,20130.872252,inf
1962250249,28272.717701,inf
25910086,inf,26857.680202
2198106439,31092.574437,31027.605203
1702958105,nan,inf
625323971,27857.680202,25857.680202
627731821,25857.680202,inf
2046803225,-nan,inf
2455015130,24173.451513,24173.451513
880866031,12842.779467,12842.779467
756496786,13842.779467,inf
2101100678,inf,nan
325157337,inf,inf
4222869557,14843.542993,14843.542993
1251652234,inf,inf
3549438568,28058.383402,inf
2248790388,inf,inf
2982365577,-nan,-nan
2033148103,31485.628831,31485.628831
27021957,26272.717701,21138.018623
4226433861,inf,31027.605203
1003762927,22192.645078,23415.037499
892946359,20138.018623,26857.680202
1003798869,24000.000000,23000.000000
894060408,20138.018623,inf
3196825019,27857.680202,inf
2005043033,27821.589880,inf
1355985327,24415.037499,24415.037499
956945749,27857.680202,inf
955543113,27857.680202,inf
957922582,27857.680202,inf
1128219342,-nan,inf
3710190350,inf,31027.605203
1548746798,-nan,inf
838171571,inf,32160.607984
2491123521,-nan,inf
4236646501,inf,-nan
2972179925,inf,32160.607984
1263889093,inf,31027.605203
2971756234,inf,31027.605203
39549248,-nan,nan
920369801,25857.680202,25857.680202
2220238194,inf,31027.605203
3750439791,nan,nan
3752631948,nan,nan
3664436865,-nan,nan
2290439191,inf,-nan
2374480316,-nan,nan
1287667510,26272.717701,inf
1253563267,26272.717701,inf
2435188007,26594.858537,inf
236116333,25857.680202,25857.680202
2868474413,inf,29975.386528
4170908556,26272.717701,inf
2440003632,27857.680202,27857.680202
59049450,13842.692319,inf
1366902163,inf,13842.779467
1255245971,inf,13842.779467
3115965676,17005.482517,inf
2128428515,13842.779467,inf
704816678,26273.010697,inf
1249815162,27786.380400,inf
3809264532,23111.256751,21923.184403
1285610592,27786.380400,inf
757382270,24354.971722,24547.616800
757382332,24354.971722,24770.009222
803855217,24354.971722,25354.971722
803856306,24354.971722,inf
3432744862,nan,nan
2788147143,nan,inf
3628382945,31027.605203,-nan
1764239661,inf,26576.611378
1772963310,inf,-nan
1673545259,26042.109235,23421.538600
1673545259,23421.538600,23421.538600
4281918410,18579.701189,18772.346267
4281919499,18579.701189,18994.738688
1945300884,31027.605203,inf
1861028588,inf,19851.125211
1014372192,20614.492536,inf
1479456950,23166.959054,23573.200490
1618632830,25147.158431,24642.208402
1618632830,24642.208402,24642.208402
1618632829,24642.208402,24642.208402
3042650931,26857.581187,26857.581187
3042650931,26857.581187,26857.581187
2188146461,27986.918247,24708.090976
2188182391,28571.880748,24708.090976
3719677688,32160.607984,32160.607984
2189583940,inf,24708.090976
2452761804,22712.215122,inf
3176680526,13000.000000,13000.000000
561591148,18781.072532,16589.538768
1509178027,22428.759087,22428.759087
656521158,inf,inf
1238139295,inf,inf
3195713146,inf,inf
27509222,31059.724129,31027.605203
912964302,inf,inf
26215490,inf,inf
3077076399,23166.959054,23166.959054
3417200549,24793.265782,inf
1958702181,inf,24407.542963
1584353780,19047.591584,19635.955646
1584353780,19047.591584,19735.491319
1584353780,19047.591584,19957.883741
1584353780,19047.591584,20542.846241
1584353780,19047.591584,inf
3336633854,21058.952394,21201.325701
3336705735,21058.952394,21359.303162
3336705827,21058.952394,21739.080466
3298331501,inf,22407.542963
3298326056,23407.542963,22407.542963
1356056114,22698.503805,21915.191612
1357024233,21492.205360,21492.205360
1041676560,20186.182378,inf
1886432907,inf,22074.723742
2598639794,19986.671066,inf
2639967215,18986.671066,18986.671066
4111361766,31485.628831,31485.628831
1626076637,21787.269572,22034.780844
1626076637,21787.269572,22134.316518
1626076637,21787.269572,22356.708939
1626076637,21787.269572,22941.671440
1626076637,21787.269572,inf
2454801389,inf,19669.083122
1471697873,-nan,inf
3472678586,25306.905385,inf
2213366407,22245.112498,inf
425498002,21452.470074,21752.126416
3086638910,16580.325701,16914.857376
3065420585,16580.325701,16914.857376
2065340116,inf,32160.607984
3035628839,16580.325701,16914.857376
3032322574,16580.325701,16952.988725
3033185089,16580.325701,17102.184260
3081891959,16580.325701,16914.857376
3081891959,16580.325701,16914.857376
2877865375,16580.325701,32160.607984
3048687260,17149.403316,inf
2854083130,18576.623061,18900.700389
2168924067,18576.623061,18900.700389
573082445,17093.220945,17093.220945
1969626178,17093.220945,17093.220945
572280680,19811.200447,31238.516302
173385307,21540.568381,23000.000000
387021650,21449.490695,21449.490695
877242928,21798.627021,inf
1921992333,25800.327655,26800.327655
396616828,20669.604810,20669.604810
2861252158,31027.605203,28771.199554
38742512,28857.680202,inf
3676558209,inf,29857.680202
2108131298,24279.051349,inf
879647440,23356.585754,23356.585754
3032158528,24788.071586,27186.169570
3700869895,31126.190213,31027.605203
4090893919,18547.228469,18547.228469
3663101354,15369.939374,15369.939374
3851849916,31027.605203,inf
2776670674,inf,21304.019183
4003721564,22830.074999,22830.074999
2973113543,inf,20661.914946
3234621387,19639.941677,31027.605203
2779226328,19088.717875,19116.778537
532589120,21310.101271,inf
2933944767,21327.574658,inf
2046424469,20271.898311,inf
1924274605,20271.898311,inf
3013329694,13377.347452,inf
2167890603,16626.430884,16626.430884
3016779511,11380.050155,inf
4284331713,25821.416782,27063.161055
3124406517,16449.151739,16449.151739
3697680505,32160.607984,31027.605203
3011933805,21050.361860,inf
3429692310,inf,23669.897974
2600965022,inf,23669.897974
3013227537,20669.897974,20830.872162
3013227599,20669.897974,20691.454117
2933806767,21887.205106,22887.205106
2933806829,21887.205106,inf
2931363044,23070.762610,23219.589556
2931399047,23070.762610,23385.554182
2931399089,23070.762610,23143.150087
2343569051,inf,21998.005886
3810342650,inf,22093.109404
2374416112,inf,20874.429302
834694603,inf,15022.139241
2097615884,inf,15049.631661
3088922407,inf,15022.139241
2006310232,32160.607984,15022.139241
3808942358,inf,15049.631661
804861449,inf,15022.139241
3585441074,17830.074999,17653.197236
3585548948,17653.197236,18031.708860
559945883,25769.160766,inf
2584699315,32160.607984,inf
3968672182,inf,22546.282033
619142326,18469.877003,17386.500147
549172987,19579.701189,17386.500147
620112625,inf,17386.500147
3902483167,17386.500147,inf
3785040956,19579.701189,17386.500147
27163530,17386.500147,nan
3112713608,28115.477217,27430.821953
577383532,inf,17386.500147
540907477,27041.579104,17386.500147
3904747198,17386.500147,inf
4282825549,inf,17386.500147
1831982902,21492.205360,21655.704092
3174827928,inf,18607.682577
2959234214,18607.682577,18607.682577
3166562449,18607.682577,18607.682577
2959298465,18607.682577,18607.682577
800223402,23356.782559,21131.260470
764798233,inf,22140.814822
2483535741,inf,31027.605203
577635118,17386.500147,inf
3087785623,25511.218260,28115.477217
2161816164,18744.872282,18909.359669
2624014362,18260.736073,16862.813319
2625056599,18481.864103,16862.813319
3164591704,31027.605203,32160.607984
2655890512,16862.813319,17260.736073
3164591704,32485.628831,31027.605203
3164618929,31027.605203,32160.607984
2657004591,inf,16862.813319
2659520145,16862.813319,17260.736073
55062746,13842.779467,15844.236342
55134618,13842.858807,inf
2660742003,16862.813319,17260.736073
2661820086,17244.944691,16862.813319
2662898255,17398.693871,16862.813319
2663149756,18260.736073,16862.813319
2663149819,inf,16862.813319
2695061878,inf,16862.813319
2453822678,-nan,nan
542581749,31027.605203,31160.607984
3176752400,13000.000000,13000.000000
1947302097,14842.771655,inf
3525015576,20594.007640,19594.007640
3525051511,inf,19594.007640
2192318858,19074.000581,19074.000581
914036971,inf,32160.607984
2195362087,24000.000000,20722.015253
3376075518,22093.109404,22093.109404
4294502607,inf,21965.634224
2981219215,inf,inf
2375343893,22415.037499,22415.037499
1077979101,21678.071905,23000.000000
2855464101,inf,22678.071905
3302368732,20678.071905,20678.071905
1006350396,21678.071905,21678.071905
910940858,inf,32160.607984
2940018087,21678.071905,21678.071905
2937538434,24000.000000,21678.071905
4278305376,20678.071905,20678.071905
2041074182,inf,31092.574437
4234233278,33160.607984,32160.607984
1896003284,20767.279292,23594.858537
1896120893,20197.584611,21111.066535
2442447247,20197.584611,20503.895221
1896120893,20197.584611,20503.895221
2472957892,19783.254142,19783.254142
3972241202,24460.841189,24460.841189
2397346413,19912.537159,19912.537159
2296135806,25815.575429,inf
451991033,inf,inf
2383929963,24865.375715,31027.605203
1872158395,25096.391988,inf
16419453,26041.579104,inf
220490397,nan,nan
1364566254,17842.731634,17842.731634
2127458252,23806.551791,inf
1087719612,22000.000000,20637.195748
3621593026,inf,31027.605203
3414828676,23825.306397,inf
3056022717,inf,31027.605203
564070768,22818.115338,20938.713086
1616189181,inf,22806.551791
916514128,27857.680202,27857.680202
914142284,27857.680202,27857.680202
1358174219,27857.581187,inf
4283013187,-nan,inf
222964599,-nan,inf
2302102751,31027.605203,31027.605203
818587386,21655.704092,22752.072487
1523239105,inf,inf
226377526,-nan,inf
617238146,25272.717701,25272.717701
618280358,25272.717701,25272.717701
618316253,25272.717701,25272.717701
774318288,nan,-nan
1606433690,nan,inf
1608668318,inf,nan
3223474726,inf,inf
4279264519,18948.352477,inf
1963292358,27272.717701,inf
858446807,27857.680202,27857.680202
1164371749,-nan,inf
625359945,25857.680202,25857.680202
656050103,25857.680202,25857.680202
2049139156,inf,16302.211085
3707094156,inf,inf
800408532,inf,12842.779467
3490491673,inf,12842.779467
3488263510,inf,12842.779467
616953469,-nan,-nan
257452055,-nan,inf
2135580011,-nan,inf
1886558808,inf,27857.680202
3550444764,27050.325279,inf
3142572719,-nan,inf
2984809393,nan,inf
220523067,nan,nan
2574035926,26694.018735,inf
26983841,21121.074643,21121.074643
2033112166,31485.628831,31485.628831
891940156,20138.018623,inf
1003870743,24000.000000,21678.071905
894204117,20138.018623,20138.018623
3155284810,16844.236342,16844.236342
2370945311,26857.680202,inf
3196827193,26857.680202,inf
841667476,26857.680202,32160.607984
956947923,26857.680202,inf
2326585173,25714.784474,28571.880748
954573903,26857.680202,inf
1469301559,26857.680202,inf
957949803,26857.680202,inf
1552196750,nan,inf
1006206647,21678.071905,21678.071905
1993373241,14842.605176,inf
1726175774,nan,inf
3711160649,inf,32160.607984
1608772862,inf,nan
2005123222,25340.454114,31160.607984
4261097281,nan,32160.607984
4262139487,nan,inf
2457953666,31043.575284,nan
4255131739,nan,32160.607984
4256173945,nan,inf
3750547662,-nan,nan
3752667885,-nan,nan
4223004061,inf,32160.607984
701618470,nan,inf
2453758420,inf,nan
2290441374,inf,nan
2563055100,inf,nan
2375337359,22415.037499,nan
1287919007,inf,inf
1255719455,inf,inf
1251047645,inf,inf
3400188071,32160.607984,31027.605203
2435188070,25594.858537,inf
170410841,inf,25419.701542
4172058578,32160.607984,inf
2443309804,20503.895221,20503.895221
1896076246,26857.680202,22594.858537
1519065819,29915.055755,inf
2787137637,inf,-nan
1796071061,-nan,inf
745066153,26050.325279,inf
1043443715,26050.325279,inf
2589446063,26857.680202,31027.605203
3770695253,26857.680202,31027.605203
1138884995,26857.680202,31027.605203
798889505,25050.325279,25465.362779
798889567,25050.325279,26050.325279
798925442,25050.325279,inf
759682238,25242.970357,23809.362305
1706894864,inf,25364.232267
759682300,25242.970357,23104.670810
1707793219,inf,22928.505299
803924913,25242.970357,22278.598187
1707793258,inf,21928.505299
803926002,25242.970357,21374.114358
3487971050,-nan,nan
703414717,inf,17386.500147
2788181991,-nan,nan
3904136689,inf,25541.388063
3901764846,inf,25541.388063
3217285746,inf,nan
2002971357,22453.682033,27925.678981
2290971570,23048.671284,23048.671284
4281920588,18579.701189,19579.701189
3808150554,24532.394450,inf
1015306554,20667.227839,20667.227839
2005159156,22113.892581,25150.961688
764863566,inf,15022.139241
2188218329,inf,23708.090976
1991712780,24808.633773,inf
3270889918,22146.915539,21147.613494
565220749,32160.607984,21147.613494
3270782110,17034.447078,16249.980616
3270783199,18781.072532,16249.980616
134581652,inf,25126.782526
3300360440,20663.945417,23447.642335
1504542124,22248.907918,22881.627340
1505440579,22248.907918,24035.185671
3299383606,22248.907918,inf
3773686967,22185.333472,inf
2758374787,22807.053295,23279.711675
2759237275,22807.053295,23166.959054
3356057525,inf,22786.066356
3417236456,23793.265782,inf
1958702181,inf,23030.680938
4083340889,21356.143810,21944.717564
3337747937,20998.591806,21121.949087
1470792958,inf,inf
1470613273,23611.982715,24733.213459
1828676661,21356.143810,21377.948181
1829539188,21356.143810,21400.087158
1829575060,21356.143810,21445.411148
2960412513,inf,-nan
1357026411,21356.143810,21356.143810
3309239562,31238.516302,31027.605203
1886468846,21977.632187,22178.823944
1886576693,21977.632187,22412.691272
1886612567,21977.632187,22159.222076
1887546956,22367.004803,21977.632187
2027193221,31027.605203,31160.607984
3332544610,18986.671066,inf
1446118300,inf,31027.605203
2682696338,inf,18986.671066
3336066436,18986.671066,inf
2455017006,19102.532658,19669.083122
2455017080,19102.532658,19669.083122
9037711,20093.109404,20093.109404
878460430,21678.071905,21383.451156
1157562298,inf,31027.605203
3787227356,17027.414255,17683.989076
3788233598,16951.453896,16835.803559
2213366448,21192.645078,inf
2876213036,21037.432574,22037.432574
426683961,21037.432574,inf
3085340822,16316.285588,16580.325701
3085340822,16316.285588,16580.325701
2711452209,29915.055755,inf
3034406884,15446.359056,15715.403177
3034406884,15446.359056,15672.127704
3080634164,16368.677209,16580.325701
2879015296,15495.844320,15722.952664
2879015296,15495.844320,15851.975472
3967074713,31027.605203,31485.628831
3048688345,17065.763121,17149.403316
3967074781,31027.605203,32160.607984
3048693790,17065.763121,17149.403316
3967110676,31027.605203,inf
1707764887,18921.739244,22572.258611
736387807,22748.842082,22748.842082
2295709103,31092.574437,inf
3488083826,13842.858807,13842.858807
173277497,21540.568381,23000.000000
386985753,21449.490695,21560.212196
1833836358,21449.490695,21449.490695
1962578173,31160.607984,inf
1833837447,21449.490695,21449.490695
1833838536,21449.490695,21449.490695
2636401079,21540.568381,21540.568381
1833839625,21449.490695,21449.490695
1101889611,21540.568381,21540.568381
3180147029,20754.916646,inf
1629702119,32160.607984,27104.312905
2478743855,20339.767529,20333.421633
2478815729,20333.421633,20346.141462
2083468063,24130.205023,29857.680202
2087062850,28272.717701,inf
2083475683,28857.680202,inf
56310964,28857.680202,28074.533733
3677420636,inf,28857.680202
85958989,28857.680202,28074.533733
2081165916,27857.680202,27857.680202
4253965642,27857.680202,27857.680202
848927795,23279.051349,inf
882059575,23338.409765,23338.409765
42228474,inf,23663.720817
4130244941,17308.141538,17547.228469
3663106799,14174.768817,inf
2375779540,inf,21026.116074
84144808,21179.993333,21439.718738
4003721564,22508.146904,22875.878688
2973113543,inf,19452.786317
1562230819,inf,20066.015498
2448867940,20066.015498,inf
2046675959,19971.764271,19779.190580
1924490159,19971.764271,19779.190580
3397309088,14520.219736,13663.493440
3010855688,21050.361860,22650.762758
2439752034,23003.768534,23003.768534
3429692412,22669.897974,inf
3013011908,20669.897974,20717.526892
3965780974,23332.565852,23472.167607
2932441154,21811.074037,22568.478653
28474953,20966.447547,inf
3301709579,19667.299009,19950.425226
3765697216,inf,14022.113668
1775154110,14022.113668,inf
501847325,inf,14049.631661
3089066158,inf,14022.113668
1783764107,14022.111168,32160.607984
1910027974,nan,-nan
3809014237,inf,14049.631661
790659996,14022.113668,inf
3552307193,19316.547636,inf
3968708126,inf,21546.282033
619178360,18579.701189,inf
544393459,17386.500147,inf
543207538,26033.166864,inf
3200903731,31160.607984,inf
540620074,33459.431619,inf
3902375354,19579.701189,inf
620148659,inf,inf
538571665,inf,inf
3902554981,inf,inf
743448470,inf,inf
544465333,inf,inf
539721649,17386.500147,inf
744849983,-nan,inf
442142939,20965.963182,32160.607984
3857490045,inf,inf
538499791,17386.500147,inf
540835696,18468.525038,inf
3112713673,28115.477217,26291.566724
3904639385,19579.701189,inf
3904819012,inf,inf
1357020966,21492.205360,21655.704092
2959235303,18607.682577,18607.682577
14787631,31027.605203,inf
2959269062,18607.682577,18607.682577
2959299554,18607.682577,18607.682577
3701768327,31160.607984,31092.574437
4091001730,17308.141538,inf
800258249,21121.495912,21064.063405
4119356023,17547.228469,17547.228469
2004010265,21453.164093,22642.208402
803927091,25242.970357,20424.353550
764798233,inf,21082.621900
578569550,inf,inf
3113971399,inf,24356.684903
3164618929,inf,31027.605203
55098711,14844.236342,inf
55314337,13844.236342,inf
2223044489,31160.607984,inf
2731969136,16108.406138,15952.790865
4111174756,23713.337235,24254.860474
2738869044,15365.188950,15365.188950
535281062,17267.594053,17462.766430
2453828119,19607.682577,nan
1164215880,21000.000000,inf
2971891754,21661.914946,inf
3728765654,23000.000000,inf
2930984155,21000.000000,inf
914038057,inf,31027.605203
3727543796,20000.000000,22234.465254
2891597203,24000.000000,inf
4294538480,22962.384549,21381.756577
2082396486,25348.256807,21381.756577
130799995,22678.071905,inf
2375373296,21678.071905,22192.645078
2559390264,inf,21678.071905
3218240214,21678.071905,22071.481625
3218240254,21678.071905,21959.710279
2290888300,inf,31027.605203
2202809830,22235.128409,inf
1896113273,20767.279292,20767.279292
2473065631,19783.254142,19783.254142
1897045455,19783.254142,20026.302634
2472957856,19783.254142,19783.254142
1894783603,19912.537159,19320.519900
1688340786,24779.951519,inf
1807076600,22063.362061,inf
1644569515,25264.674764,inf
1640868002,25264.674764,inf
2064636404,25815.575429,inf
1843732234,23967.578522,inf
2296243656,24815.575429,inf
2384181457,23875.483340,31027.605203
544249646,inf,25815.575429
1876758469,26815.575429,inf
1879309971,26815.575429,inf
541949678,26289.506617,25815.575429
1873013260,24140.888809,inf
1873020883,25110.703464,inf
544177772,26815.575429,25815.575429
4227502856,inf,22669.897974
541877776,26033.166864,25815.575429
543279319,26289.506617,25815.575429
393643820,32160.607984,31027.605203
2367554320,32160.607984,20314.156189
217274431,19154.509949,19356.143810
1364566293,17594.030708,17842.731634
2127458252,22806.551791,inf
1087683643,20637.195748,22000.000000
3927784798,inf,22912.197337
3414828809,21724.334803,inf
564142679,22818.115338,20033.640120
1616260987,22806.551791,22806.551791
3413499044,22738.556721,inf
1235947040,24175.402891,inf
916621937,26857.680202,inf
914214158,inf,26857.680202
1870183862,23806.551791,nan
4283120935,nan,nan
3062972264,nan,-nan
3062972304,nan,inf
2035856867,nan,nan
2418360477,26857.680202,inf
2491627313,25272.717701,25272.717701
2411305638,31160.607984,31160.607984
3061554932,24788.071586,inf
3785148767,inf,17386.500147
1968359474,26857.680202,27857.680202
3816299591,32160.607984,inf
873678625,23788.071586,inf
1968359474,26857.680202,inf
914245970,inf,32160.607984
900026012,nan,inf
26013542,inf,26857.680202
3569726383,inf,32160.607984
527349602,23309.339700,inf
1039484402,21692.718322,inf
3298990654,inf,inf
617061278,nan,-nan
1886826244,inf,nan
3521541245,20182.765469,inf
3550552575,26050.325279,inf
3171034922,inf,inf
2985815563,-nan,inf
4242820045,inf,inf
26126798,20549.801969,21121.074643
2033112207,31485.628831,31485.628831
3155284810,inf,16844.236342
2371951615,inf,inf
2417196298,inf,inf
956981682,inf,inf
2326728847,inf,23755.560962
1436383335,inf,inf
4198655650,inf,31027.605203
1469481312,inf,inf
2065312874,inf,32160.607984
1797770849,24415.037499,24415.037499
3338723276,inf,31027.605203
2412380740,inf,inf
2014638219,nan,inf
1553346698,inf,inf
60411785,13842.605176,inf
112461596,32160.607984,31027.605203
1843507897,25815.575429,inf
3430372914,inf,-nan
4262103517,-nan,-nan
2458816155,-nan,nan
3334015529,inf,31027.605203
3738859817,inf,31027.605203
4255311424,-nan,-nan
2411558964,inf,-nan
2304688851,13842.469720,inf
3751446022,nan,-nan
1564602587,inf,31027.605203
3098733206,inf,nan
895599115,15302.211027,inf
3628384031,31160.607984,nan
1764275569,26535.752107,26618.661659
1875572415,26535.752107,26547.046123
3200903731,31160.607984,31206.411673
2710302264,32160.607984,inf
1215362236,25272.717701,inf
1895931411,inf,22577.146804
2787138726,inf,nan
3437027744,nan,nan
3437027846,-nan,nan
1796110264,nan,nan
745317678,26273.010697,inf
736692798,26273.010697,inf
1249855451,inf,inf
1826421329,31608.089946,33353.636955
1046356089,inf,19460.070978
1286477432,inf,inf
791953664,25050.325279,25465.362779
791953726,25050.325279,26050.325279
791989601,25050.325279,inf
3488006987,nan,inf
920435141,nan,-nan
442143039,31027.605203,20965.963182
2788183080,nan,inf
2255906806,inf,nan
3433966619,-nan,inf
3588681766,27857.680202,32160.607984
3042647666,23806.551791,26867.120245
3586202088,27857.680202,32160.607984
2184088720,31027.605203,31160.607984
1673581194,21453.682033,32160.607984
2073721045,23221.564352,inf
63978226,31160.607984,31027.605203
1015270592,20268.610351,20667.227839
1745958348,21453.164093,21806.551791
2445793758,inf,32160.607984
2450569578,inf,21762.691200
2188362114,31027.605203,21762.691200
2217758580,inf,21762.691200
4225209825,23806.526853,inf
2286558001,20415.037499,inf
926398456,19625.355193,inf
2127246945,23166.959054,23166.959054
171381140,inf,23371.895024
134617586,24126.782526,inf
1538862029,inf,31027.605203
3773830690,21185.333472,inf
3077049172,21806.526853,inf
1793660971,22222.266317,31485.628831
2373866836,-nan,31027.605203
3356093331,23220.796666,22222.266317
239817839,inf,inf
2327627273,inf,inf
3417272393,22763.846521,inf
3445590748,21806.526853,inf
1958702181,inf,22030.680938
2796437047,21034.215715,inf
1829682870,21356.143810,21356.143810
1356917513,21508.146904,21159.222076
1832198488,21356.143810,21356.143810
1926897976,28733.213459,inf
2976509936,inf,inf
1044192084,inf,inf
1888912628,inf,inf
2192211052,19074.000581,19074.000581
1887690801,22367.004803,22559.130832
1962295915,31160.607984,31027.605203
1959995920,inf,inf
2600939637,inf,inf
2640146971,inf,inf
4111363944,31485.628831,31027.605203
2682732349,inf,inf
2717159960,inf,inf
3896126837,15385.685560,15385.685560
2455124818,19324.925080,18909.887580
4109090108,19909.887580,18909.887580
1156818641,nan,-nan
4109091197,inf,18909.887580
88350738,21093.109404,inf
3219462073,21678.071905,21138.913094
3788305471,17214.938511,16728.739983
561813111,23305.397174,23313.293030
3032070979,15234.160194,32160.607984
3034406884,15274.579294,15517.760422
3034406884,15274.579294,15672.127704
3034478857,14810.396461,17921.251692
1677478961,31027.605203,32160.607984
2879015296,15355.797783,15605.069834
1660176035,33160.607984,31137.204167
2879015296,15355.797783,15851.975472
2879087269,14829.622071,inf
47921545,inf,31160.607984
2907729025,14491.758595,16580.325701
1822683181,25354.778671,16056.374698
2855053331,18474.762866,18530.660615
1969663204,15963.168344,15985.423710
1969663204,15963.168344,15985.423710
1969663204,15963.168344,15985.423710
3488083895,13842.858807,13842.858807
736603433,22748.430174,22749.254107
756453222,13842.858807,13842.858807
391693459,21277.598593,21277.598593
388315381,21112.774448,21435.932699
2636403258,inf,19977.632187
388315447,21112.774448,21853.022791
1921995600,25385.290156,26385.290156
397659002,20568.983263,20777.773960
1629702188,32160.607984,26126.156885
3096037928,inf,27137.204167
2477414219,20338.772746,inf
2478671981,20336.591092,20333.392675
2087063940,27857.680202,28857.680202
2083612898,inf,27857.680202
87180782,inf,27857.680202
84808905,inf,27857.680202
2865020104,28857.680202,27469.271804
3677456600,inf,27857.680202
86030795,28857.680202,27469.271804
849826223,22173.990894,inf
3440766560,23333.392675,inf
879651796,22214.791957,inf
3259891201,inf,21773.100800
882086800,22333.547126,inf
638790168,21121.495912,21121.495912
2578846910,31059.724129,31027.605203
2337714585,17308.141538,17364.302190
2578874135,31092.574437,31027.605203
4130209001,17308.141538,17547.228469
2338786157,17308.141538,17308.141538
683998913,14989.343400,15345.126660
4165571006,17308.141538,17308.141538
651758225,inf,13153.399606
586620141,25289.506617,inf
1091349213,inf,20026.116074
2813290547,18922.767106,18899.598628
756275719,21121.495912,21064.063405
2973113543,inf,18452.786317
2976635406,16076.115454,16076.115454
610752025,20677.567812,31027.605203
3397929721,inf,31027.605203
262990920,31027.605203,31160.607984
2935022838,21678.071905,20977.632187
2459830691,inf,19066.015498
778158258,31485.628831,16011.244139
3719713658,inf,31027.605203
2409061556,32160.607984,23712.215122
958426668,19066.015498,inf
2446675746,19066.015498,inf
2449011651,19066.015498,inf
2047897888,20186.182378,19365.178639
1925676151,20186.182378,19365.178639
2817247604,inf,16629.761097
3014407776,11374.761060,inf
3397237214,14029.175099,13364.338555
3397309088,14520.219736,13020.574805
2756367158,inf,21467.004864
3697860257,31160.607984,31575.645483
3012041609,20711.328875,21494.366043
3012077612,20711.328875,20814.052879
3965817016,inf,inf
2296137138,31092.574437,30855.313952
1853407802,inf,31092.574437
2451639280,19460.070978,inf
2452613935,19460.070978,inf
2007606145,32048.565534,31608.089946
2374418288,19460.070978,19460.070978
1826493196,31608.089946,29832.424145
3695416187,inf,inf
764865750,13022.113668,inf
834721833,inf,13022.113668
2097616970,inf,13022.113668
1557799507,33160.607984,32160.607984
3089102054,inf,13022.113668
2006312408,32160.607984,13022.113668
1912112353,nan,-nan
3809050239,inf,13022.113668
804863632,inf,13022.113668
3552486840,18316.547636,inf
2332823885,20529.208519,inf
3900075390,16353.047029,inf
3043727954,inf,31160.607984
1658954146,30137.204167,30137.204167
1658990084,30137.204167,30137.204167
3701804257,31160.607984,31027.605203
4119463834,17308.141538,17547.228469
803928180,25242.970357,19446.955976
764798233,inf,20058.059194
3113971438,inf,23284.943109
2622720626,17560.615483,17560.615483
2161922887,17351.395940,17207.884895
2699985177,17163.054006,17080.929278
2164183646,16745.699438,16745.699438
2698619639,16745.699438,16745.699438
2699985281,17163.054006,17003.228747
2733011375,16108.406138,15543.517237
2734376886,16389.897937,15711.133926
2165340172,15984.584948,15984.584948
2736425296,15365.188950,15365.188950
4111282605,23713.337235,23713.337235
565148874,32160.607984,21819.226920
535352936,17095.512374,17267.594053
1317801026,17112.350981,17187.885382
3684012358,inf,32160.607984
1317802116,17112.350981,17187.885382
3746373328,18557.056504,nan
3631084754,31092.574437,31092.574437
3667922883,18557.056504,nan
140081688,32160.607984,31027.605203
2162850617,18450.792911,19074.000581
1159364386,19519.088654,inf
2359790925,31027.605203,32160.607984
88844932,19519.088654,inf
2891740951,22388.827620,inf
3377225502,inf,20633.677786
757139,21166.959054,20616.244190
388351321,21336.681651,21701.349950
1101961482,inf,18977.632187
2375408144,33160.607984,20218.640286
1885354833,31027.605203,20218.640286
2559391353,inf,20218.640286
3303554654,20218.640286,20678.071905
3414436325,inf,20218.640286
3863483888,inf,20218.640286
4279419423,20218.640286,20218.640286
878500723,inf,20218.640286
2202815274,22235.128409,22235.128409
3433178200,31160.607984,inf
2394687071,22815.124657,inf
2397310475,19586.372071,19586.372071
2398424422,19320.519900,19320.519900
1875531031,23273.317379,inf
1873301846,23582.914672,inf
1876899904,21063.362061,inf
1871833876,24264.674764,inf
1871836054,24437.063806,inf
1873053556,24437.063806,inf
1877979102,23437.063806,24815.575429
1877980191,23437.063806,inf
2296423301,23437.063806,inf
2385331506,22784.356698,31027.605203
542021552,25437.063806,26815.575429
3061896213,31160.607984,31160.607984
1878979894,25437.063806,inf
1878082558,25437.063806,inf
3514256464,25437.063806,inf
1879059391,25437.063806,inf
3437063781,-nan,nan
1873020883,24110.703464,inf
4227574799,inf,inf
2337679082,24797.653521,inf
216088445,19422.571172,18977.632187
217166582,18977.632187,19251.807150
217310394,18977.632187,19356.143810
2123758878,inf,16594.030708
4042655422,inf,18005.482517
2127458323,21170.382481,inf
2375672816,19391.538032,inf
2119087071,20806.551791,20846.751228
2913458,20806.526853,20808.633773
3195424561,27857.680202,inf
1360578727,18170.382481,18170.382481
3432141744,21587.496436,20451.179039
3927856672,inf,18831.527343
3414900515,25793.265782,20767.968830
3434513586,21587.496436,20451.179039
3270885562,22818.115338,19480.440834
3413678657,inf,21497.584596
2649588751,inf,25857.680202
1236090956,22530.855813,25857.680202
917771926,inf,25857.680202
914250100,inf,25857.680202
1358429041,18806.551791,18733.616305
1358429041,18170.382481,18170.382481
1871046350,22806.551791,nan
3063044143,-nan,nan
3063044206,-nan,inf
2445780460,25857.680202,inf
2491631669,25272.717701,25272.717701
1359433103,inf,25857.680202
3592528548,20874.429302,20874.429302
2411307816,31027.605203,31027.605203
1968359474,25857.680202,inf
900061889,-nan,inf
2450341145,inf,25857.680202
3926634814,23936.650019,24437.682684
2378002138,-nan,-nan
3569798253,inf,31027.605203
3223364741,25504.476304,inf
1165701315,-nan,nan
3926706688,25272.684695,23912.197337
1766683311,inf,25857.680202
617097254,-nan,-nan
3111105855,31027.605203,31027.605203
2366327017,31485.628831,14009.515593
3598242531,20874.429302,20874.429302
2449230412,inf,25442.642702
2234495302,31027.605203,31027.605203
1886827331,inf,-nan
757501933,inf,19102.679984
3931262085,31027.605203,inf
2450306297,26857.680202,25535.752107
2571807965,inf,25687.755200
2033112273,31485.628831,31485.628831
27020871,19561.228456,26535.752107
2568474652,inf,15842.858807
349945814,inf,-nan
1789433525,22806.551791,-nan
1836868231,25857.680202,inf
1048726697,-nan,inf
620580351,25857.680202,25857.680202
1994595092,12842.605118,inf
1359286088,inf,25857.680202
3430408924,inf,inf
4262391048,inf,32160.607984
2458888124,31043.575284,31043.575284
2411594974,inf,inf
3357243354,32160.607984,31027.605203
2374873135,inf,inf
2063767264,-nan,inf
1761796959,13427.406578,14427.483506
1545296847,-nan,inf
2304724820,13427.406578,inf
3752811629,inf,-nan
3126907819,inf,-nan
908491694,inf,32160.607984
1054512555,-nan,inf
581968606,-nan,inf
1874275412,23779.951519,inf
1216548086,25272.717701,31027.605203
2436517638,21577.146804,inf
2787139815,inf,-nan
1951937878,11842.767296,25857.680202
2132237844,11842.767296,inf
1790403758,25857.581187,11842.723718
1796114619,-nan,nan
3437207528,-nan,nan
3435152537,-nan,-nan
310882262,-nan,10842.767296
540510188,31027.605203,31160.607984
2065459890,31027.605203,inf
922812432,inf,10842.767296
794328646,19074.904398,inf
2788216839,-nan,nan
1816914232,-nan,nan
794335176,inf,inf
2537887802,26857.680202,25535.752107
1765497385,inf,25535.752107
3582461990,-nan,inf
1728850738,-nan,inf
3091777653,-nan,inf
3134199530,-nan,inf
1121348830,-nan,inf
1359427654,18806.551791,18733.616305
1359427654,18170.382481,18170.382481
2002975717,inf,19942.232912
3164046931,18607.682577,18607.682577
1891535077,20582.884509,inf
1330353246,inf,31027.605203
4227719970,23806.526853,21748.850688
344088051,11838.295689,25886.082771
1015378396,19129.862190,inf
2005162429,21073.360039,21883.892654
2005167870,21169.531387,21806.551791
3857007866,inf,31027.605203
1355729414,22170.382481,nan
2751310631,nan,-nan
2374467206,21170.382481,inf
2369638669,20520.708176,inf
3863412012,23000.000000,21678.071905
1995306448,inf,21748.850688
2369813998,19942.232912,19942.232912
1764383380,26547.046123,26547.046123
2341381891,16822.762911,17897.436120
3296204794,25800.327655,inf
2342388123,16822.762911,inf
2127246945,23166.959054,23166.959054
171417074,23956.857525,22956.857525
171453086,inf,22956.857525
569856661,20170.382481,23257.243213
2105453353,inf,21748.850688
1005926965,19129.862190,inf
1087034737,33160.607984,31027.605203
3774729074,20741.413454,20741.413454
2493459421,-nan,inf
1916219163,18494.827527,18494.827527
1916255195,18494.827527,18494.827527
2494429725,inf,inf
2496837596,inf,inf
1359612784,18806.551791,18733.616305
2498203106,inf,-nan
1359612784,18170.382481,18170.382481
2794922721,21806.526853,21806.526853
3258435766,21585.224132,inf
1246980464,21100.491833,inf
3417308297,20724.674141,inf
3445698559,20806.526853,inf
1958702181,inf,20937.711381
1588019354,18897.883613,19002.817422
1588019354,18897.883613,19102.353096
1588019354,18897.883613,19324.745517
1588019354,18897.883613,19909.708018
1588019354,18897.883613,inf
1828640693,20977.632187,21367.004803
3514149983,26442.642702,inf
3172420145,nan,inf
1830760980,20977.632187,22356.143810
3172420247,-nan,inf
1830761044,20977.632187,inf
1008722335,18869.341692,inf
854372914,18863.008888,24000.000000
931637499,16063.362061,16752.072487
2644603085,18959.274543,18988.814037
3081894137,inf,31027.605203
2644603085,18959.274543,19018.971024
2644603085,18959.274543,19081.244675
2644603085,18959.274543,19214.486867
3896270455,15382.073443,15396.576490
4109092285,inf,17870.716983
2605694316,19633.677786,inf
2603283270,19633.677786,20093.109404
3219462142,21678.071905,20747.334568
3783705503,17595.547512,inf
2878506472,15105.940154,15135.813855
2336517669,28857.680202,inf
426791734,inf,19351.228790
3032286602,14950.659422,15587.342743
3032286664,14950.659422,16754.657680
2713824083,inf,inf
3085414871,14963.247331,15672.127704
3817341696,31027.605203,inf
45837199,31027.605203,inf
1660176072,33160.607984,30137.204167
3080706035,14987.289440,15851.975472
1662547846,30137.204167,inf
2907693019,14491.758595,15271.616035
2580135316,inf,32160.607984
3073578216,15029.825578,32160.607984
2916102282,15029.825578,32160.607984
2750971767,inf,15056.374698
2751115551,15099.377454,15064.182422
2751151547,inf,16029.825578
2578876313,31027.605203,31160.607984
4158419576,17547.228469,17547.228469
677997437,16222.477928,17258.829640
677997499,16222.477928,inf
2168925156,inf,17474.762866
574124619,15370.082122,inf
1969689340,15904.480979,15963.168344
1969689340,15904.480979,15963.168344
110651759,17699.535695,17736.503924
3696279868,31160.607984,32160.607984
110651798,17699.535695,17728.672475
2064267436,inf,31027.605203
3155094535,17699.535695,17713.135970
659410793,18918.955423,18918.955423
737537794,inf,inf
1833939817,21487.533081,20676.354152
393059066,21369.368317,21369.368317
1629738057,25137.204167,32160.607984
2410167982,inf,31027.605203
3096145747,inf,26137.204167
2477593869,20344.172956,20333.392675
3665823128,inf,31027.605203
4228014252,30137.204167,26857.680202
39748814,inf,26857.680202
87216689,inf,26857.680202
2865882588,inf,26857.680202
2865021193,28857.680202,26716.269840
3677492537,inf,26857.680202
86066732,28857.680202,26716.269840
409010451,31160.607984,31027.605203
2081170272,inf,26857.680202
879684466,22773.100800,21760.186219
3339168254,21333.547126,inf
3339383842,21333.392675,21333.392675
3016449769,inf,31160.607984
3786226904,17386.500147,inf
3061806453,23335.976397,24356.937806
3061806493,23335.976397,inf
712281330,15198.641140,inf
4166972549,17537.548654,18125.566770
4167871046,17120.985770,inf
303020269,17830.074999,inf
2375781716,20026.116074,20026.116074
2778000308,20987.871749,20763.195560
2979079087,inf,21338.221902
2973113543,inf,17405.141924
2953518052,15947.516856,15947.516856
3848822356,30915.055755,inf
3877248554,28786.380400,29915.055755
4002569402,19377.490545,19377.490545
1287988968,29857.680202,inf
4002569402,19377.490545,19403.286104
4002569402,19377.490545,19377.490545
4002569402,19377.490545,19377.490545
573808792,19937.831179,19937.831179
578660312,22070.233926,31027.605203
539110828,19430.144392,31027.605203
166657468,20148.250959,20484.300162
539177256,19356.143810,18977.632187
166693433,19633.677786,22830.074999
2935058776,20800.327655,20218.640286
971886806,24000.000000,24000.000000
1901070074,inf,inf
3111069914,inf,31160.607984
779272345,31485.628831,15011.170096
1563416671,31027.605203,32160.607984
2449910078,31027.605203,inf
2817998255,inf,18845.181891
2976186503,20186.182378,18845.181891
1925747993,20186.182378,18845.181891
654451416,20508.146904,31160.607984
3122179512,28530.514717,29530.514717
2817247604,inf,16629.761097
3371965001,33160.607984,31027.605203
3397165340,13786.933763,13180.940473
3397237214,14029.175099,12910.963385
3397309088,14520.219736,12301.295333
3398207513,15540.568381,11415.037499
3124411962,15333.462442,inf
2324616374,31160.607984,32160.607984
1267928526,inf,32160.607984
418632818,25217.638010,inf
2981279609,21637.828892,inf
2900529173,22306.196280,inf
2975313996,21306.196280,inf
4086365929,19931.360163,inf
2451645814,inf,18300.681959
857548378,27857.680202,27857.680202
2452645516,inf,18300.681959
2374446602,inf,18300.681959
2412617143,inf,18300.681959
3301709579,19667.299009,21467.004864
3558172774,18300.681959,inf
1060771076,19529.208519,inf
1558877678,inf,31027.605203
3968851941,inf,19529.208519
4283034637,15929.158428,16955.876325
4283034637,15929.158428,inf
1002452761,12169.168579,12169.168579
16045426,inf,31160.607984
3043735575,30137.204167,30137.204167
2166661125,17056.078495,17056.078495
800265872,21056.762433,20966.598508
803929269,25242.970357,18456.947417
764798233,inf,19053.202051
2375981335,19334.117504,19334.117504
1038904504,17699.535695,17682.556070
3087825914,inf,22173.901999
963693209,16333.540822,18869.341692
3175457168,12551.963136,12238.960271
2161921799,17401.250840,17277.856695
2161922887,17351.395940,17077.366784
2161922887,17077.366784,17077.366784
2164257706,17077.366784,17254.153679
2164257706,17077.366784,17455.669420
2164190181,16732.346177,16759.177449
2164190181,16732.346177,16786.517200
2699733652,16993.158440,16788.106731
2700847665,17163.054006,16859.356666
2733190966,15491.710014,15300.183576
2735383123,15711.133926,15300.183576
2736748793,15984.584948,15721.804662
2734233139,15031.648201,15365.188950
2735526934,15031.648201,15365.188950
2739084666,15031.648201,15365.188950
4111426319,inf,22669.897974
2740018993,15031.648201,15365.188950
1317805381,17078.868035,17112.350981
1317806472,17078.868035,17112.350981
3200903731,31160.607984,31353.253062
3748673228,inf,inf
3747415468,inf,nan
3631086932,31027.605203,31160.607984
3668138472,inf,nan
140225503,31027.605203,inf
2192498608,18450.792911,18450.792911
1161700254,19388.827620,19388.827620
252420024,21388.827620,inf
3215813629,18450.792911,18450.792911
2932098295,19388.827620,19662.288908
2933176374,19388.827620,19388.827620
2445761091,33160.607984,31485.628831
2934326259,19388.827620,19388.827620
3401602884,32160.607984,31027.605203
923856779,12259.273842,12259.273842
87631782,21388.827620,inf
2872683589,17302.163642,inf
3377225543,21218.640286,20218.640286
3377225603,inf,20218.640286
3623755780,inf,31027.605203
505553,20506.108753,20218.640286
721201,20865.481830,20218.640286
793076,21166.959054,20218.640286
3123327319,inf,22625.011854
2647187627,20048.715285,inf
388387289,21336.681651,21701.349950
2644771131,inf,18218.640286
3303734346,inf,inf
3974397493,inf,inf
3886819055,18678.071905,19218.640286
1896119808,19596.322189,20097.554222
3434400055,31027.605203,31027.605203
2442411403,20872.086261,19596.322189
2394974504,21815.124657,inf
2397238532,19320.519900,19785.680879
2397310468,19586.372071,19320.519900
2397310475,19320.519900,19912.537159
1894753113,19320.519900,19912.537159
2144625415,inf,31027.605203
1875531031,22200.865585,inf
1873301846,22582.914672,inf
1843507897,23437.063806,inf
1245046158,32160.607984,31027.605203
1874275412,22582.914672,inf
1876899904,19977.632187,inf
1871833876,23171.719239,inf
1871836054,23437.063806,inf
1873053556,23437.063806,inf
2225088492,22797.653521,inf
1844702566,inf,22437.063806
593258202,31027.605203,inf
542093426,inf,24437.063806
3192259251,inf,31027.605203
1878979894,24437.063806,inf
1878082558,24437.063806,inf
3514292335,24437.063806,inf
2630701806,32160.607984,inf
1879059391,24437.063806,inf
3380081642,32160.607984,31027.605203
3516484554,24437.063806,inf
1873018712,24008.220507,24120.695236
3552062184,24437.063806,inf
2337930576,23797.653521,inf
3042543119,21556.590518,33160.607984
213608850,19202.338474,31027.605203
215872848,19183.016377,18977.632187
1364638161,16594.030708,16594.030708
2871499847,22302.337367,22369.186848
2375702219,19247.996223,19391.538032
2119088161,20806.551791,20888.102972
2085733181,19745.284999,20806.526853
2119089250,20806.551791,20974.541650
2877427,19745.284999,20807.579929
2510691845,25038.145439,27079.420874
2510691976,25038.145439,27079.420874
3929006656,inf,17831.527343
574402839,20967.578522,16985.159415
3414936488,20791.015028,20745.284999
3415798946,20838.242176,20745.284999
3415834883,20937.603895,20745.284999
3415870820,21159.561520,20745.284999
3415906757,21743.003268,20745.284999
3415942694,25793.265782,20745.284999
1249316295,19745.284999,inf
1616260987,28646.581244,20745.284999
3413750565,20497.584596,inf
929956147,19170.382481,19175.410972
1537783853,32160.607984,21450.223170
2678050826,inf,24857.680202
1237025188,inf,24857.680202
2497739870,27294.055091,inf
917772018,inf,24857.680202
914250192,inf,24857.680202
1358429041,18806.551791,18664.191312
4049657155,inf,24857.680202
1952009720,24857.680202,inf
3301709579,19667.299009,20303.025629
286971520,24857.680202,inf
2751522985,nan,nan
605945242,inf,nan
3808870483,inf,17049.631661
2036108426,inf,nan
877275598,20754.916646,20754.916646
3401451456,inf,24857.680202
2065521966,31160.607984,31485.628831
292002637,24857.680202,inf
2959447655,inf,nan
2491633847,25857.680202,24857.680202
1911655201,inf,24857.680202
2451607699,20460.070978,20874.429302
339308397,inf,nan
873682987,23771.975305,23804.349484
1968359474,24857.680202,inf
618103455,inf,nan
3551882215,inf,24857.680202
2149190785,inf,31027.605203
2378039168,nan,inf
657271964,inf,24857.680202
2797186777,inf,32160.607984
543911389,31027.605203,31160.607984
3291893076,23763.677789,24857.680202
1852430179,inf,10842.767296
2337715674,17308.141538,17422.737902
3702847252,nan,inf
3090323953,inf,20851.125211
617995637,-nan,nan
779416053,13022.113668,19855.229323
2452607401,20460.070978,20874.429302
849898056,21463.738381,23632.339096
1005530173,25857.680202,24857.680202
3705419357,inf,32160.607984
2572885974,27694.018735,24857.680202
2127458252,24722.041231,inf
581049171,inf,13022.113668
3414364449,23000.000000,21678.071905
895354103,18579.701189,24857.680202
3155356721,inf,13842.779467
921663537,inf,nan
3737858970,31160.607984,31027.605203
322549088,24857.680202,inf
209994465,24857.680202,inf
1789505304,12842.636568,nan
3310282824,inf,24857.680202
2491669784,inf,24857.680202
1994774749,11842.767296,24857.680202
1352351333,10842.767296,nan
1832126617,21492.205360,21492.205360
4136193385,inf,24857.680202
1843507897,24437.063806,inf
1906803706,inf,24857.680202
2257431059,nan,nan
2257610679,-nan,nan
2257610743,inf,nan
3981089290,inf,24857.680202
308474549,24857.680202,-nan
3752811666,inf,nan
3126943715,inf,nan
1586761559,18955.511707,19970.231556
6343529,inf,nan
697737024,inf,24857.680202
2965451,inf,nan
1780078806,inf,-nan
1707739976,31027.605203,31160.607984
3661880585,inf,nan
3979939374,25857.680202,24857.680202
1781336598,inf,nan
1995745074,inf,10842.767296
1952117556,inf,10842.767296
1886746747,inf,10842.767296
1790403796,25857.581187,10842.767296
2459578041,25857.680202,inf
3053441034,20254.860474,inf
996637461,13896.712192,inf
155295993,10977.766439,inf
2759849032,13000.000000,14000.000000
2759884969,13000.000000,13678.071905
881890678,13000.000000,15000.000000
882789036,13000.000000,inf
3722267390,8000.000000,8300.427547
2195538505,inf,29137.204167
3747118793,12681.380569,11415.037499
3937200613,12415.037499,13415.037499
1856394648,6000.000000,6000.000000
1004650362,10271.530846,10263.325301
3089876681,10263.325301,10263.325301
1447652604,26905.677129,25070.054789
1063504450,11000.000000,inf
3780475950,9165.067329,8848.287802
890856723,18441.596894,18537.193056
3510412506,inf,25179.608296
352230715,9244.359045,inf
2598701630,19218.640286,inf
2450285884,9230.988679,9230.988679
3922385428,32160.607984,inf
104686218,inf,10842.767296
4110176931,19669.083122,19672.447356
2872616071,18336.441896,19642.447995
2895313834,10760.516750,10760.881519
155403765,9977.766439,inf
3588683286,19485.580638,19475.319276
2340050893,inf,32160.607984
3158723342,8613.082903,8540.658941
2555694953,22016.650072,inf
4283036815,14915.010986,inf
3398279387,inf,11415.037499
2413543723,21415.037499,inf
2974863261,31160.607984,31575.645483
1316470263,9664.677392,9664.677392
1718242228,-nan,inf
2527248359,inf,12828.604900
2522628156,inf,9000.000000
685915350,16840.916924,17537.193056
2019723473,8207.901394,inf
1232563908,8208.722816,8222.452923
2688688145,32160.607984,inf
3705656120,inf,27857.680202
2824840000,9555.452618,9555.452618
2412431730,12218.640286,inf
1315542438,9664.461690,8604.482109
4047026133,inf,32160.607984
678105248,16129.368523,16322.013601
464089865,8604.482109,8604.482109
2798808785,inf,17896.712192
4047062102,inf,31027.605203
678105310,16129.368523,16544.406023
1104405226,16253.438183,inf
2335021482,14000.000000,inf
2736712795,15721.804662,16260.219390
1627334432,21741.465882,21934.110960
2483558103,11828.613430,13414.560613
3072500106,16029.815525,14266.142478
1673337304,12360.070714,12776.149117
707727835,13830.074999,inf
2022369176,17275.673820,inf
884226485,inf,9000.000000
3781483277,8934.916738,inf
3135377397,inf,31238.516302
2374188464,inf,24857.680202
4184262965,inf,31027.605203
3513187342,12919.182472,nan
1033247505,9848.287802,9848.287802
2715820273,31027.605203,inf
2872437476,20957.793440,20957.793440
998754517,10334.974465,10310.252158
998755606,10285.946370,10334.974465
3090882917,10263.325301,10263.325301
3546224826,32160.607984,31027.605203
3090882917,10263.325301,10263.325301
2406434888,32160.607984,inf
1874457275,23437.063806,inf
3818210888,9000.000000,10000.000000
3663032741,18154.444611,inf
1004789754,9848.287802,9848.287802
3663033830,16583.234232,inf
1004789754,9848.287802,9848.287802
3663034919,15369.939374,inf
1004789754,9848.287802,9848.287802
1447841973,9999.999692,10000.000000
1002346035,10263.325301,11574.357182
517286546,32160.607984,inf
3355729975,inf,9885.591420
2974626722,10285.547310,10285.547310
293101529,inf,-nan
2303583789,10127.585745,10009.200443
3437378837,8407.542963,inf
2412518274,9761.595261,9772.078577
3046101974,16022.085730,16049.621527
3576680307,31027.605203,inf
3862301234,9848.287802,9848.287802
3010831373,11167.159421,inf
3970181829,23859.518776,inf
196659412,8820.541126,8830.074999
1682122457,22522.793680,inf
3616831216,32160.607984,31485.628831
3007796573,11516.092956,11406.459380
3277279607,12000.000000,inf
2287777681,13523.329729,12405.678312
2448037601,31160.607984,31027.605203
3461731462,inf,12868.700673
571096601,inf,24857.680202
2570031235,13000.000000,13000.000000
2939604134,11180.020539,inf
2368450802,9642.447995,9642.447995
1986133060,31485.628831,32160.607984
3670827386,nan,-nan
2411206841,23437.063806,23437.063806
3628709642,10000.000000,11000.000000
2419968322,31485.628831,31485.628831
2956930976,inf,32160.607984
3480143869,9504.969536,9089.588427
3939859951,inf,10415.037499
2564313637,19461.601607,inf
2764591625,inf,13218.640286
126954731,23678.071905,13218.640286
4145638405,32160.607984,13218.640286
433788998,13444.002954,9000.000000
2686498346,21564.613855,21564.613855
1116051798,inf,8385.290156
2135759697,inf,nan
2418289427,inf,13218.640286
2418145677,14633.677786,13218.640286
2879584580,14310.766370,13218.640286
3397309088,14520.219736,11415.037499
3043733395,28827.432312,inf
2876751265,15301.783684,32160.607984
1273873643,8192.645078,9192.645078
1541583972,11827.633170,15422.982199
2701980094,11842.779467,inf
3474108250,11218.640286,11218.640286
1671971665,13969.332864,inf
3168970199,18607.682577,18607.682577
1586761559,18955.511707,19049.597776
1225261331,15317.497969,inf
1234725254,27064.565022,inf
419746872,inf,20077.667472
2638809944,14550.085176,14552.803144
307157459,19000.000000,20415.037499
2492858740,19102.532658,19669.083122
998823125,10774.777649,10415.228983
2443271634,inf,9000.000000
656931065,31027.605203,31059.724129
387787445,11842.779408,10842.779408
585828721,15920.114756,15880.709033
2953587747,inf,17311.749691
1003429593,9848.287802,9848.287802
1969698055,inf,13842.858530
586942801,14925.322703,19908.981131
3867048185,31027.605203,31160.607984
1200166857,11192.645078,inf
1074864724,9672.968048,10673.493844
2101574221,inf,31027.605203
392372317,9839.152660,inf
4228050186,32160.607984,25857.680202
1074865812,9672.968048,inf
4228086159,32160.607984,24857.680202
2751151483,17029.825578,15029.825578
2296037748,9492.093371,9479.547362
4187752131,8000.000000,inf
3856663913,24857.680202,inf
3356879960,19000.000000,9384.273388
4109804677,10550.746996,9581.814737
2644813603,31238.516302,31238.516302
1682654391,8606.083601,8771.106683
2644809245,inf,31027.605203
1681576248,8606.083601,8771.106683
2300735523,inf,15459.431619
573574412,20218.640286,14984.620588
1509384352,inf,10842.767296
2899588956,9848.287802,8995.099968
895814730,14302.198914,inf
437724771,10848.287802,9269.119045
3827944370,9074.168711,9276.966640
2338898327,18102.497438,18131.885967
3361200681,inf,inf
465899414,8980.140288,10848.287802
1192197942,9437.757576,8000.000000
1065732508,inf,10000.000000
2487304263,12410.158699,12410.158699
3055341328,9325.443331,inf
2644850628,31027.605203,32160.607984
435245185,11856.740236,8848.287802
1586761559,18955.511707,19150.250448
5265351,nan,14094.923003
1709015113,18558.329561,inf
3556771161,15808.362909,16822.762911
1113932599,8654.040404,8666.285574
388580292,9360.746300,7703.140911
388688099,11188.343087,8579.792518
2484752728,10307.357927,10318.201428
2751456557,18367.669553,nan
52285605,19977.279923,inf
814814039,14902.667386,14896.712192
156625592,9630.860021,10848.287802
3768871418,inf,17537.193056
569381033,14761.773771,14770.953549
3611976843,12906.912610,inf
1268914365,8000.000000,inf
2790214973,27119.000938,27509.112051
3319972661,12847.826186,12847.826186
2737081881,9497.204279,inf
1316471352,9664.461690,9664.677392
4160791384,21956.798119,21956.798119
680369279,16126.497757,16132.245014
271615806,21517.343277,inf
998752339,10329.474470,10320.275028
3043696373,inf,31160.607984
685951253,15842.684508,25514.573173
3428453803,9419.586841,inf
3480323589,8730.025344,9596.027104
2019831212,8193.495171,8222.452923
3705656186,inf,26694.018735
3709177942,26694.018735,26694.018735
1315497789,9040.679794,9040.679794
464233613,8604.430385,8604.482109
3103385596,inf,inf
2798808785,inf,15896.712192
997745016,10453.211321,9085.356145
3315027597,32160.607984,31027.605203
3315028686,inf,31027.605203
2335058516,13000.000000,13000.000000
2531148189,8000.000000,8000.000000
2338608650,15000.000000,15734.658666
2106991203,12000.000000,13000.000000
4241721512,20966.447547,20966.447547
1627334432,21741.465882,22741.465882
354188543,11089.814638,13414.560613
2392706202,8590.004200,8649.682327
1586761559,18955.511707,19375.439154
5301317,inf,-nan
3556771203,15808.362909,inf
41078417,24078.758317,24168.807905
2857973949,9839.152660,inf
2484895389,10992.386503,10323.799416
1037887731,9555.452618,9555.452618
3495160628,nan,inf
3393301437,9415.037499,9415.037499
922344948,32485.628831,31485.628831
923325941,inf,inf
561849048,23305.397174,23321.232336
854129181,20936.604919,18537.193056
4249401678,15936.040738,inf
1675745055,12359.638344,12359.638344
3803053765,inf,9848.287802
2812191486,10774.805155,10774.805155
2337607863,14829.033888,14904.995274
2525182649,nan,8000.000000
435137347,10679.299518,inf
1061096674,inf,inf
4144452453,15218.640286,inf
3020552899,9025.817347,9403.293187
3020552899,9025.817347,9915.944734
3020552899,9025.817347,12681.163251
1033247505,9848.287802,9848.287802
2894020028,10350.997638,10283.137100
301048169,21021.289541,inf
998753428,10332.617194,10283.137100
2872439653,20957.793440,20957.793440
998754517,10334.974465,10283.137100
3090882917,10263.325301,10263.325301
2406434888,31027.605203,inf
394708182,9808.264165,8981.126807
1004789754,9848.287802,9848.287802
1447949847,9000.000000,31027.605203
1004821338,inf,8848.287802
3663066503,15840.752048,15840.752048
1004822424,8848.287802,8848.287802
572531150,31485.628831,31027.605203
1449063831,9000.000000,9000.000000
3663068681,15583.234232,16154.444611
2878152807,14410.389318,15616.269940
1003392570,9848.287802,10848.287802
1969694781,14724.249844,14724.249844
576568365,11842.772921,11842.772921
2417135690,31485.628831,32160.607984
2413581997,inf,18300.681959
3745904555,9857.733629,10096.535057
1198463870,21000.000000,inf
1695638202,31485.628831,32160.607984
2955928010,12392.669686,inf
2303583789,10009.200443,10009.200443
619405236,31485.628831,inf
2471788394,13205.584134,inf
571724480,20063.362061,20063.362061
3437450750,8977.632187,8000.000000
2304590022,9624.960569,9912.537159
3487077590,13842.858807,13589.983585
3474393950,inf,9263.325301
1738159291,31485.628831,15022.101694
2067785989,inf,31027.605203
4222977375,31027.605203,13842.779467
2564100543,10162.643090,inf
1444022967,26905.677129,27905.677129
1031592394,10836.232525,10836.232525
1682122457,21522.793680,inf
196803160,8867.464836,8775.095657
347869614,inf,11476.438044
541583948,14902.296746,31027.605203
2774482643,inf,12180.895371
1680534074,8738.623237,8729.217046
2935238461,24476.438044,19857.892943
2304661937,9624.960569,9624.960569
2668055631,12101.276472,inf
1768220387,9067.880851,9067.880851
3782670284,8943.700985,8943.700985
3081747117,16198.397280,16657.506444
2522612551,14830.074999,10758.558844
3277387384,12000.000000,12000.000000
2555694953,22016.650072,22109.759477
357746344,9119.150325,9000.000000
3461875213,inf,11783.538314
1001341980,11514.583041,11406.308793
2978436047,11430.779588,11507.572550
2394143683,8235.620792,8113.005537
2556916871,inf,inf
603717045,-nan,19391.957867
3436282096,13651.388537,11351.625301
2004015706,21169.531387,21806.551791
803930358,25242.970357,17463.498812
3437288329,11360.558708,11364.738887
3492645824,31092.574437,32160.607984
3438366435,11356.390606,11364.738887
3492681796,31027.605203,32092.574437
397021992,inf,32160.607984
3438438345,11364.738887,11348.090355
3622497905,nan,inf
2368451891,9642.447995,9642.447995
1986133167,31027.605203,31485.628831
1798157150,inf,12173.451513
2816991954,19845.181891,20218.640286
4274628646,-nan,nan
1361912756,inf,31027.605203
2346088236,inf,19356.143810
2567762850,inf,9532.394450
2331654582,10958.340848,10958.340848
3273541164,23111.256751,32160.607984
2897145345,9617.305579,inf
471878665,32160.607984,32160.607984
2451511010,10115.066352,10115.066352
1074649101,9827.835488,inf
2064300108,inf,31027.605203
1039084221,16057.738983,inf
1074650191,9412.450819,10412.797989
3629569949,10000.000000,inf
571060698,25857.680202,18334.603318
2570029059,13000.000000,13000.000000
3781695629,8943.700985,8943.700985
3043909817,31027.605203,27068.065607
2910064870,16451.673933,12936.811327
113752752,9596.027104,8192.645078
3020414972,17253.810165,19254.860474
920990137,12896.712192,inf
2603241888,12214.113358,inf
2162117095,24000.000000,inf
3489041537,11218.640286,11218.640286
1711458798,inf,31027.605203
3469364594,11218.640286,11218.640286
3469364664,11218.640286,11218.640286
3469436467,11218.640286,11218.640286
804975799,25336.079762,26336.079762
3469292692,11218.640286,11218.640286
2004119165,inf,32160.607984
795295867,25336.079762,inf
3469328726,11218.640286,11218.640286
796661411,25242.970357,25435.615435
2752607629,17253.810165,23118.651150
2939664492,22530.057614,22630.886012
3039099701,14287.260890,11215.338386
3046032274,16035.787935,16055.111931
2701989899,10842.772921,inf
2876966888,14974.869418,15725.169957
3168970234,18607.682577,18607.682577
2086763769,-nan,nan
1229969040,15514.429636,15514.429636
2086763838,-nan,nan
2640173378,14317.497969,inf
3587992597,17546.282033,17546.282033
2494112621,30865.738324,inf
3132981131,-nan,26857.680202
2638811033,14550.085176,14550.085176
774780254,14896.712192,14896.712192
2334081680,13607.131381,16192.480650
2195574442,inf,31092.574437
2258473966,22797.653521,inf
997715613,9612.902833,9653.801160
886392720,16891.475543,16894.091491
3633057594,32160.607984,inf
1314174657,inf,8540.568381
307193397,19000.000000,19000.000000
998824213,10774.777649,10088.015005
3716012147,inf,32160.607984
2186960532,28697.582541,31485.628831
3318588414,9000.000000,9000.000000
2065458804,32160.607984,32160.607984
656931133,31027.605203,31092.574437
3483340143,17737.716358,17737.716358
2953587747,17896.712192,16896.712192
1003429593,9848.287802,9848.287802
3740751772,31160.607984,inf
1015918185,31027.605203,31160.607984
1003429593,9848.287802,9848.287802
575562099,inf,12842.779467
3461463318,inf,inf
995301300,10189.063540,10212.797391
909715725,inf,31485.628831
3652441799,inf,9733.213459
1200238690,10192.645078,inf
809287457,12000.000000,12000.000000
2247599026,10000.000000,inf
2405358102,inf,32160.607984
694523290,9192.645078,inf
2296037748,9485.806729,9467.109516
2296037748,9492.093371,9467.109516
1500662871,32160.607984,inf
1508306279,inf,12257.812602
3450478153,inf,19744.603703
1508306372,11257.812602,inf
3450514115,inf,18744.603703
1043684096,16107.212441,17088.737769
2451472893,10115.066352,10115.066352
1768112512,9276.966640,9230.203861
2911250818,16409.548381,16417.289148
2451509920,10115.066352,10115.066352
1039048215,17065.668285,16057.738983
1768112512,9230.203861,9230.203861
270473977,8943.700985,10943.700985
2776361089,11614.521472,inf
1075765332,inf,9098.883164
3857376773,8372.289621,8471.262338
156661529,8980.140288,10848.287802
1003676796,8775.668611,9187.272248
4182718718,15347.605680,15529.208519
2899660865,8794.955660,9848.287802
3936122542,12415.037499,inf
3745939406,10190.231871,8870.242402
3060113132,inf,31027.605203
2417243501,31027.605203,32160.607984
2746023637,29272.717701,inf
3356987768,19000.000000,9191.840227
1680390292,8442.512772,8744.519464
1796208137,32160.607984,31027.605203
965622780,8646.426278,8941.222662
2346196049,inf,inf
3862232624,8794.955660,9227.552389
2331834264,12830.074999,13415.037499
3089696996,10263.325301,10269.885999
3779110343,8980.140288,10114.795661
2488161306,14212.097441,11631.629957
3745862086,9642.942498,8742.744655
3745864264,10885.708989,8985.258654
1140553344,12088.591599,8192.645078
1800816525,8646.426278,9312.144617
1035619344,9073.110129,10374.601846
2644814691,31238.516302,31238.516302
1682690268,8458.014071,8771.106683
3788482277,8980.140288,9630.860021
4197432699,inf,31027.605203
200289047,8000.000000,9166.461803
1237015737,8668.277558,8605.452135
1607295743,8716.432105,8722.262674
3587092417,inf,31027.605203
1681612185,8458.014071,8771.106683
2412429782,inf,14459.431619
996987667,31160.607984,31027.605203
881674961,13000.000000,13000.000000
882968693,13000.000000,13000.000000
2975487964,10823.826851,inf
2859664294,9612.902833,9653.801160
893372350,20453.682033,inf
236080396,25857.680202,25857.680202
353416569,9499.720290,9023.108058
2681793869,23748.430174,23749.254107
2450322910,9497.168196,9000.000000
1358204705,21170.382481,nan
317946884,11064.390811,inf
3517966890,10426.411979,11268.362763
103464394,15116.583175,14167.618743
193317298,8984.158101,inf
194539090,9073.367587,9081.825568
3780259238,8598.431297,9079.924493
3126779450,11842.772921,11842.772921
349786964,8724.598416,8000.000000
4110882827,8927.080186,12000.000000
156553683,10848.287802,9438.681255
2339978952,inf,20356.143810
2644770043,inf,19218.640286
1679240350,8666.309346,32160.607984
1680426263,8744.125632,8729.217046
1680462200,8743.338289,8729.217046
2644809245,inf,31485.628831
1681468436,8686.236901,8729.217046
2936136987,24678.071905,inf
3396634661,-nan,inf
2644851717,31027.605203,31109.284418
3158687406,8487.487377,8540.658941
1381848786,31027.605203,32160.607984
4205084612,inf,inf
2620492530,17560.615483,inf
2879415516,15896.712192,inf
1113933688,8654.040404,8654.040404
388688135,7703.140911,11188.343087
52357411,18977.279923,inf
815029661,14919.432268,14896.712192
290585838,-nan,nan
1354541315,18308.396395,17537.193056
2676766706,19896.712192,20311.749691
889706715,19358.776378,inf
3856269263,9392.343198,9395.587879
542129335,inf,23356.143810
542129335,inf,22356.143810
1704145190,33160.607984,32160.607984
1232258557,11456.968180,inf
3573499768,32160.607984,inf
2737081947,8497.204279,inf
2739417782,8372.289621,8577.528249
3775107449,12383.451156,12383.451156
3273605813,31092.574437,inf
1719428188,nan,-nan
801521490,16126.497757,16149.625448
998752339,10329.474470,10283.137100
2879661901,14218.640286,13218.640286
1986348689,32160.607984,31027.605203
3585870559,inf,31027.605203
3428669494,inf,inf
1445004292,32160.607984,inf
731799534,inf,31027.605203
4277101757,28857.680202,inf
1729783524,31485.628831,32160.607984
2798808785,inf,14896.712192
3315026508,31485.628831,31027.605203
4042307098,inf,13000.000000
4042450877,13000.000000,13000.000000
2737683087,16714.597781,14835.493212
4159857022,21956.798119,14000.000000
1627334432,21741.465882,inf
2483594034,10241.504973,13414.560613
122743403,31027.605203,31160.607984
1424449766,inf,inf
3485891705,15157.363330,15158.705104
1273963330,9438.107975,9438.473376
2851470727,10374.318839,inf
1277431498,9299.560282,inf
1843588483,13000.000000,13000.000000
1089013309,18876.132481,17537.193056
3782483645,19007.927559,inf
1950385233,23771.162973,inf
202804642,8192.645078,8998.621203
201474973,8540.066848,8998.621203
4126651238,14829.033888,14985.179589
356974399,9803.893682,9248.374960
2754673376,25354.778671,25354.778671
51315342,20977.279923,inf
435137413,9679.299518,inf
2756937310,24009.132007,inf
1839764878,19441.024945,19327.192979
1839798637,19564.613855,19327.192979
2598453788,15218.640286,15218.640286
1004575218,10269.031162,8848.287802
2399323085,18815.124657,18417.858018
3779210534,9848.287802,9848.287802
2399394959,18815.124657,18815.124657
3779210534,9848.287802,9848.287802
3020660710,8939.895181,9117.151831
3020660710,8939.895181,9319.242954
3020660710,8939.895181,9832.917755
3787155455,16116.095012,17318.668477
3785254484,9848.287802,9678.362800
3471091738,inf,15000.000000
1458113331,8000.000000,9999.999846
3785254484,9848.287802,9526.359707
1797147950,inf,14000.000000
1459011760,8999.999846,inf
3090882917,10263.325301,10263.325301
4039344051,15564.597845,inf
3817277618,8540.568381,8540.568381
1200059170,12192.645078,inf
2565543967,inf,31027.605203
2281376353,26857.581187,27857.581187
998681554,9088.979193,9088.979193
1247196052,20100.491833,inf
3745079528,10303.032474,10303.032474
3786399023,9808.264165,9808.264165
2281376353,26857.581187,inf
1247231949,19661.354957,20734.895483
3471734748,10678.362800,11678.362800
4287351080,25190.014782,25898.376938
2711364085,32160.607984,inf
2281376353,22806.551791,inf
2120229431,19661.354957,inf
3746229548,19607.682577,inf
572493035,31485.628831,31485.628831
572533328,32160.607984,31027.605203
2126165572,22808.633773,22808.633773
3778133513,9848.287802,9848.287802
232272980,9164.504438,8192.645078
1479456846,23166.959054,24309.252430
1254630720,27786.380400,inf
3358209629,9848.287802,9867.241710
315359284,9848.287802,9263.325301
2556024748,30915.055755,inf
2777511006,10576.067470,inf
3057242095,12392.669686,12392.669686
2611630517,inf,13022.113668
2412515007,9790.267027,10127.585745
2218074191,15139.992653,inf
4103587681,10351.798858,inf
2297690118,10192.645078,10192.645078
2527370749,8948.233457,8951.119385
878464781,21678.071905,18633.677786
2527371838,8948.233457,8951.119385
2527372927,8948.233457,8951.119385
2527374016,8948.233457,8951.119385
2527400152,8948.233457,8951.119385
2527401241,8948.233457,8948.233457
2779370006,18088.717875,inf
3020282740,inf,14022.113668
2374597975,10073.915792,inf
1738159360,31485.628831,14022.109677
2083613987,inf,25857.680202
4145638337,32160.607984,14218.640286
3695560256,32160.607984,11415.037499
1276368933,10238.960271,10238.960271
2752409276,25354.778671,25354.778671
554128699,19346.963476,19346.963476
1444993330,26905.677129,28905.677129
196946874,8468.418798,9165.067329
3971367676,20375.952291,inf
1029076805,10836.530135,10836.232525
195509428,8857.541583,9164.504438
3506976144,10415.037499,10415.037499
3056527144,9763.842899,8966.841033
504980263,14212.097441,inf
3279596770,10000.000000,10000.000000
1993230044,31238.516302,31129.209979
2735455000,15630.402654,14835.493212
583143207,8939.540220,9000.000000
2485866780,10306.890197,10272.527780
430159364,10381.304284,10236.126848
3624977617,-nan,nan
1115120699,8532.394450,8532.394450
2564206914,20669.897974,20669.897974
3932420991,inf,9958.340848
3464175252,11238.960271,inf
2555694953,22016.650072,22209.295150
916666903,inf,31027.605203
3498638765,9678.071905,inf
3047251951,32160.607984,inf
3615789075,inf,31027.605203
3012464599,16842.684508,inf
3615717166,32160.607984,32160.607984
1001341980,11514.583041,11486.743187
1642512703,9760.824961,9848.287802
1642548640,9678.362800,9848.287802
2902829069,21248.944571,21248.944571
1626004763,21987.475129,19614.975733
603753022,17946.263058,18961.334271
2932380798,11180.020539,10592.400284
803931447,25242.970357,16466.059324
3492789607,31160.607984,31027.605203
3438510219,11364.738887,11331.631756
3492717733,31160.607984,31092.574437
2486045376,10127.073234,10131.790100
2473348833,inf,31027.605203
1125800133,21890.936808,21934.965408
436340528,10125.517999,10128.630147
728301948,14061.642715,9564.595062
2367228937,12000.000000,12000.000000
1798157192,inf,11173.451513
2903146723,9848.287802,9848.287802
3785254484,9848.287802,9263.325301
1797149039,inf,13000.000000
956771509,27857.680202,inf
2485935382,13421.627309,10819.313805
1992118208,31129.209979,31027.605203
2376744347,17311.749691,inf
2473173385,19265.502058,19783.254142
1800744616,9312.144617,8786.307797
2346124246,inf,22356.143810
2897253118,11364.998710,8848.287802
3777443355,9383.451156,31027.605203
472848999,inf,31027.605203
1074651279,9412.450819,inf
2377131316,inf,nan
268484914,11864.290714,11864.290714
2190762151,19066.015498,inf
2900882724,9848.287802,9848.287802
2564312543,20475.836749,20645.180877
3938386602,inf,11415.037499
1987050693,8944.717564,9138.913094
1570045131,8446.854456,inf
2335255632,8000.000000,8000.000000
2486891201,16687.003630,inf
59076671,13842.692319,13842.692319
612532028,17537.193056,17826.699673
1664811940,31027.605203,26115.193553
2451435868,10810.175441,10810.175441
1765884453,9321.679329,9339.809266
242047812,8943.700985,8943.700985
3043911994,25137.204167,31027.605203
2911214846,16409.548381,16450.808095
2375981372,19334.117504,19334.117504
3155095624,17699.535695,17623.274709
922341681,32485.628831,31027.605203
2761099205,inf,11896.712192
1847146356,26815.575429,inf
1119378523,10633.677786,inf
2376634357,10218.640286,inf
7779986,19633.677786,11217.564814
3474180217,11218.640286,11218.640286
640480634,inf,inf
3469400530,11218.640286,11218.640286
641594680,19231.685785,inf
3469472439,11218.640286,11218.640286
796661473,25242.970357,25658.007857
3263948788,14873.533038,15873.533038
1506904703,11716.444082,10842.767296
2472993827,19783.254142,19783.254142
965586840,9025.400378,inf
2346016361,inf,20356.143810
1875635579,26857.680202,24857.680202
3131723336,10532.394450,10532.394450
571304936,12553.950593,inf
2644854684,19006.530838,19006.530838
2084660517,19327.192979,19333.392675
3040208305,18617.779170,10842.767296
1672043505,12968.858825,inf
3130429604,10532.394450,10532.394450
2412421076,16459.431619,inf
3268476858,10842.767296,10842.767296
2876966950,14974.869418,17378.721162
2577617429,31092.574437,31092.574437
105692488,inf,10842.767296
1507120325,14288.138368,10842.767296
104542470,inf,10842.767296
2598378157,inf,21098.876117
2450253213,10115.066352,9428.010402
233744516,27871.811592,28310.713426
1046199748,inf,10842.767296
2640210404,15514.429636,13672.442245
777116125,17011.224291,17044.307212
2418318011,29857.680202,inf
3589070707,17529.208519,17529.208519
422190582,inf,18447.505552
3734515574,31027.605203,31160.607984
266656560,22335.374945,22692.116151
997715613,9612.902833,9653.801160
2645888444,19870.716983,19870.716983
1271408538,9914.690126,8694.580922
1273956796,9675.929355,9675.929355
800300720,19051.050485,inf
810545252,inf,10000.000000
308055918,19000.000000,19000.000000
2492966478,19324.925080,18909.887580
2896427812,10774.777649,9624.650291
3717054345,inf,31027.605203
2408982059,32160.607984,31027.605203
2443347862,9000.000000,9000.000000
1003429593,9848.287802,9848.287802
3460564956,31027.605203,31027.605203
1110977259,10098.958462,8851.651899
2406432708,32160.607984,inf
2796036826,inf,17744.603703
2780171646,10181.236408,10189.063540
909717908,32160.607984,31027.605203
3652441899,inf,8733.213459
384812983,9192.645078,inf
3543508648,inf,31027.605203
2248930869,9192.645078,inf
656060983,29329.849245,28613.642211
995379708,10650.863770,10554.375774
2296037741,9416.799677,9519.237354
1508342179,11842.772921,10842.767296
3451448514,inf,17537.193056
1463569520,inf,21467.004864
2754909287,9415.977060,9415.742112
2396587536,8507.364404,8000.000000
2555694953,22016.650072,22431.687572
1043720130,16673.394215,inf
3080390225,inf,11842.772921
636382422,23587.447016,inf
2336421940,18931.360163,inf
3046784394,inf,11415.037499
345785396,inf,12476.438044
3098445682,inf,nan
3744818821,inf,11845.261111
3360473665,8192.645078,16000.000000
2856788124,10839.152660,inf
2161918530,17560.615483,17560.615483
2337429261,15903.131098,inf
1693773492,32160.607984,inf
2739597468,8577.528249,8192.645078
1523848758,10165.885807,8192.645078
2119010843,21826.511499,25870.305715
2676766706,19896.712192,19989.821596
2084870694,19327.192979,19327.192979
465935321,8192.645078,10848.287802
3089876681,10263.325301,10263.325301
3274655138,inf,21338.221902
2899696772,8192.645078,9848.287802
2746023574,30291.590482,inf
3856735752,24857.680202,24857.680202
3356951866,8192.645078,10190.231871
1765207709,31160.607984,31027.605203
3357023739,19000.000000,8192.645078
2028270429,inf,9000.000000
2739453689,8192.645078,8577.528249
1319978864,inf,32160.607984
2856034653,8192.645078,9731.690258
741184442,nan,-nan
2331869112,12415.037499,inf
3089696996,10263.325301,10267.695783
573010570,17093.220945,10842.767296
1002449494,11250.748081,11250.748081
2939228812,9830.074999,8192.645078
4017709130,25857.680202,inf
3354400337,8192.645078,9642.942498
3354472186,10885.708989,8192.645078
4146316705,11097.523222,8192.645078
1682726205,8192.645078,8771.106683
1491003749,11415.037499,11415.037499
3057605290,9765.391449,8192.645078
1607367653,8000.000000,10196.611827
1681648122,8192.645078,8771.106683
2342539494,9624.960569,9624.960569
1916362907,18274.873192,18754.455518
1141096903,13984.544359,inf
2371073966,22724.128231,inf
2473281421,19265.502058,19783.254142
2452797118,10415.037499,inf
1047493410,16692.174942,15631.685343
879518905,13167.109986,inf
4001129748,31160.607984,31160.607984
2765690455,14415.037499,9966.576998
4113146890,13280.647947,13289.876313
4111853154,11725.726939,12081.308350
2971930269,10501.898756,inf
3124367670,10415.037499,inf
3057856849,10269.031162,9390.410090
1360578727,18806.551791,18733.616305
194575036,9003.125876,9164.504438
195653146,8987.149710,9164.504438
1463569520,inf,22472.519253
2754909287,9415.859581,9415.507203
879518777,14167.109986,inf
1878980983,inf,22356.143810
4111960902,8192.645078,10498.787474
2340014951,inf,19356.143810
2644877852,31160.607984,31059.724129
3396778345,nan,inf
3396886156,nan,inf
3399258059,-nan,nan
3825469074,8844.194613,8869.916155
436431104,10852.630927,inf
195725050,8827.167665,9164.504438
3824317995,9544.617474,32160.607984
3739932478,8335.635619,8657.223233
372537450,inf,17537.193056
139973870,15852.318072,15692.141047
1356780299,9000.000000,9000.000000
699087320,12153.399606,inf
261888726,17977.279923,inf
2940378796,10285.547310,9418.728940
3770201048,23000.000000,17537.193056
1148926632,inf,8733.213459
1704146272,inf,31027.605203
3548433817,28558.302383,28558.302383
1232258630,10456.968180,inf
1151687941,9755.137847,inf
3049991085,18174.968960,18254.860474
3288297353,15392.317423,inf
1150583988,10906.891971,inf
3435150782,9535.980752,inf
60057990,32160.607984,31027.605203
3628463531,12383.451156,12383.451156
2141040835,9771.696650,9730.515844
4160899228,20547.228469,inf
801522579,16126.497757,16173.129946
2020837514,8181.971871,8201.500194
1720468463,24779.951519,inf
2442096408,8000.000000,8000.000000
464341531,9664.461690,8000.000000
1729819494,inf,31027.605203
2798844789,inf,inf
2288923309,14292.283636,12142.538320
3765493332,21163.633514,inf
997748283,9081.642223,9084.839308
2288923309,14292.283636,11313.280634
997748283,9081.642223,9084.839308
4042379003,13000.000000,13000.000000
4041157114,15000.000000,13000.000000
4159857190,21956.798119,13000.000000
1893721784,32160.607984,31027.605203
2108949126,9928.402966,inf
2555623079,22062.453762,21479.058627
355446338,10487.995233,10031.047043
4210126654,31027.605203,inf
2392849956,8649.682327,8520.330241
569433151,20391.957867,21391.957867
2555623079,22062.453762,21064.805449
2483632149,11160.618595,10031.047043
2392885885,8654.040404,8397.968130
2751269248,20391.957867,-nan
969055702,11069.334875,inf
3398207513,15540.568381,13186.218809
2793046103,4912.537159,5912.537159
676847522,16673.867139,inf
2337712407,17308.141538,17335.948606
1156310652,21455.344675,22057.408331
2487014587,13421.627309,9420.087483
3665436170,12143.228667,12143.228667
601469829,13476.438044,9608.487877
1273994912,9842.100474,9122.847698
3013311024,9709.990156,inf
1277442686,inf,8000.000000
3003001931,31160.607984,32160.607984
2481159033,9912.537159,inf
3062848731,21333.469898,inf
907122824,inf,32160.607984
1547662139,17173.451513,15655.704092
3538924236,10000.000000,inf
2485965880,13421.627309,9943.277622
2066418294,inf,31027.605203
2251299450,inf,8299.560282
1037549982,25857.680202,25857.680202
3020445088,9111.335776,9465.646550
3803988128,inf,8848.287802
1978436737,11842.767296,inf
2812335234,10774.805155,10774.805155
633927572,inf,32160.607984
542883125,inf,23755.123513
3487077659,13842.858807,13374.891774
735201851,24804.701202,inf
756420553,13842.858807,13710.887786
552906845,19346.963476,inf
1763314291,9097.378599,9865.394865
4144668038,15218.640286,15218.640286
457046248,8429.507606,8000.000000
3779214890,inf,8848.287802
3048871255,8848.287802,9255.830765
3048871255,8848.287802,9773.040413
3048871255,8848.287802,13039.998068
3092212655,9848.287802,inf
2281376422,21806.551791,inf
2120230519,18425.368903,inf
3778137869,inf,8848.287802
1660176134,33160.607984,29137.204167
2879051268,14410.389318,15851.975472
1003462263,8848.287802,8848.287802
1361908400,31485.628831,31027.605203
2266856175,nan,9790.546634
316724890,inf,8848.287802
62597408,24437.063806,inf
3012632987,14218.640286,15129.327045
998715312,inf,8848.287802
2120237059,21170.382481,17537.193056
537361103,inf,16245.042071
2334212640,10123.710891,12000.000000
4223953119,23419.737954,24236.743120
166729268,21093.109404,23415.037499
722990559,12842.779467,14257.896810
2407671642,inf,31027.605203
531395561,14173.625622,14992.266402
3622605718,-nan,inf
2484896480,9868.699780,10992.386503
467193147,10848.287802,10848.287802
2955963945,inf,11392.669686
2219367992,inf,inf
2873373254,inf,10842.767296
4103695391,11411.949929,9747.330693
1797705966,8949.699893,inf
2337493516,15068.879625,17923.967328
643569786,13022.113668,13842.779467
2779370045,17062.968719,inf
3020318636,inf,13022.113668
572004340,11823.946599,11823.946599
1002423358,11250.748081,11251.717693
2939049126,8790.546634,9830.074999
2451537146,10115.066352,10115.066352
172173527,14896.712192,inf
3632192267,31027.605203,31092.574437
692314344,32160.607984,31027.605203
3897528212,15148.250959,15148.250959
3046134639,13022.113668,31485.628831
39784784,24857.680202,inf
3135413369,32160.607984,31027.605203
1524998776,9153.296410,inf
2527587459,9299.560282,inf
3046784394,inf,8415.037499
2185998026,11000.000000,10540.568381
4085676791,21356.143810,21356.143810
1761912710,9097.378599,9461.226304
877457457,19965.963182,19965.963182
1796556016,8895.433064,9949.699893
2815911042,32160.607984,inf
2342755116,9624.960569,9624.960569
3020445088,9111.335776,9936.324748
2977589618,9162.353590,inf
954543411,27857.680202,inf
237302281,26857.680202,25272.717701
2326477288,28571.880748,17537.193056
271567250,24857.680202,-nan
2898240651,8923.007563,8923.007563
1578424238,17167.109986,17167.109986
708913681,12000.000000,inf
2375739246,inf,inf
2563122621,10415.037499,8502.124779
2755787325,25009.132007,27767.212447
2756865464,23024.111790,27767.212447
1445208889,24669.470236,24174.818345
197953172,8000.000000,9165.067329
3549986758,9656.259082,9230.988679
351152570,10244.359045,8000.000000
4010799720,10631.629957,inf
2411220189,10120.107492,9956.151794
1993265981,31238.516302,31027.605203
879615855,24766.416067,29067.114196
2737550468,12178.704179,inf
1199506015,19519.088654,inf
2412582525,9624.960569,9624.960569
2482299218,10000.000000,9356.143810
2485866780,10291.078557,10236.126848
3623863546,-nan,inf
2439028995,8532.394450,8532.394450
2485866780,10306.890197,10236.126848
2439100872,8532.394450,8532.394450
359166490,9803.893682,9803.893682
430159364,10542.742378,10236.126848
4274665671,-nan,inf
3785250128,9803.893682,9803.893682
1456639950,8678.071905,9678.071905
2865883677,inf,25857.680202
1680570011,8732.360376,8729.217046
2935274402,24678.071905,18883.656039
1081763542,inf,31027.605203
3240516084,11000.000000,inf
4238983195,inf,31027.605203
1277369724,10678.071905,9678.071905
1151661007,9644.344574,inf
2335747473,10000.000000,9415.037499
157523987,8192.645078,10848.287802
3231914485,10783.538314,inf
1931675618,32160.607984,32160.607984
1001341980,11514.583041,11459.430407
2520061021,14305.941436,inf
1642584577,9526.359707,9848.287802
1626004763,21987.475129,18761.467675
1642620514,9263.325301,9848.287802
2560824478,20669.897974,22094.077668
1626004763,21987.475129,17836.607837
2484787584,10794.044641,9937.299569
603753086,17946.263058,nan
2484816984,9938.137398,9936.169976
4274518653,inf,-nan
3769776142,inf,31027.605203
3497559695,13094.923003,13094.923003
2180248077,10081.136763,9893.764238
2561864823,10176.035742,inf
2561942137,10176.035742,inf
818954511,9642.447995,9285.754482
2880850850,inf,31160.607984
729200413,12061.649242,31027.605203
3052194795,inf,15022.139241
3437252422,11331.631756,11362.647283
759969732,17051.021825,16050.541750
3493688032,31027.605203,31027.605203
997354610,31035.568146,31027.605203
2483459791,8000.000000,7063.380391
276653265,12218.640286,inf
2486045376,10129.429739,10122.412551
458847572,16679.802024,16679.802024
1125620489,21912.783155,inf
2486045376,10127.073234,10122.412551
1125800170,21890.936808,21980.380097
436340528,10122.412551,10128.630147
1160334778,19388.827620,19662.288908
1116232572,9000.000000,10000.000000
1125800235,21890.936808,22075.737300
460177242,16721.345958,inf
2367517527,9642.447995,9466.183611
542699084,31027.605203,13061.648349
3089513524,inf,31027.605203
3749674673,8730.025344,9523.697902
909718993,inf,31027.605203
3555657180,16262.264531,16237.800411
3653483971,8607.682577,inf
995302386,10173.451513,10173.451513
1798157192,inf,10173.451513
2491778540,14270.588364,13409.025605
1459263350,8000.000000,31027.605203
1361906222,31238.516302,31027.605203
2142442352,9851.841227,9470.177311
3359395584,8192.645078,16000.000000
548751560,inf,12000.000000
2026905789,32160.607984,inf
2772038899,14368.889570,14288.125077
1074683951,8415.037499,17537.193056
1040126396,17606.426291,18021.463790
4231168430,inf,22669.897974
3155132650,17606.426291,18606.426291
2374373594,inf,31027.605203
2148192272,9992.271885,9387.534611
3629576486,10000.000000,10000.000000
2255938588,8993.442810,15287.004110
3127147853,inf,6752.072487
4003748790,inf,16896.712192
2122784225,13022.113668,inf
2676797531,inf,14218.640286
2108069339,12000.000000,inf
235794767,8470.653185,9623.537058
3553580457,10810.175441,9865.573680
1915184016,31027.605203,31092.574437
2736633995,31485.628831,31027.605203
1038940441,17699.535695,17511.554458
3670863323,nan,inf
3399257957,nan,nan
2374594708,11073.915792,inf
2448019677,12581.694407,12660.317420
2180351270,31027.605203,31027.605203
1909139607,17972.914851,18274.873192
1037887731,9555.452618,9555.452618
2481276066,11218.640286,inf
3395907545,12823.321089,11415.037499
2295282340,9790.546634,9790.546634
4106764008,11218.640286,inf
805116278,25050.325279,25050.325279
3474072338,11218.640286,11218.640286
3825466896,8869.916155,8882.030552
2374443934,19475.319276,inf
2630459061,23000.000000,inf
3469256780,11218.640286,11218.640286
641702461,inf,18231.490288
2004161636,32160.607984,32160.607984
805045494,25242.970357,26242.970357
3263948856,14873.533038,inf
1876900993,19977.632187,19977.632187
1766719251,inf,24857.680202
2942470004,10420.621546,10420.621546
1737009314,16051.459488,16053.284554
2644746908,19270.485466,inf
74212331,19745.284999,19900.662625
3786442583,inf,13000.000000
3399393466,15778.665947,15271.318174
1001233080,9622.015653,9622.037511
3820719947,9848.287802,9848.287802
2085803967,19564.613855,19564.613855
4109164158,31027.605203,32160.607984
602744737,32160.607984,inf
2089620865,8625.238836,8622.622008
2603499978,31160.607984,inf
2877829411,16580.325701,18580.237363
2221827152,9999.999754,10000.000000
4208832956,11218.640286,inf
3823135349,9946.324442,10044.456716
2142389084,14415.037499,inf
2640211491,14596.362416,13113.758151
2418320189,29857.680202,29857.680202
423340636,17253.810165,inf
1122126240,12853.273265,10951.590124
1152816433,inf,9000.000000
2170191689,8379.131375,9000.000000
2367267052,inf,11000.000000
997715613,9612.902833,9653.801160
3894976661,15158.042601,15532.505891
1799592757,18415.037499,18415.037499
886464594,16891.475543,16891.475543
4212307986,27857.680202,inf
755086524,19039.135634,19217.525576
2520400062,8446.854456,9446.964268
2486855234,16232.989790,14456.968180
2131343792,8346.594657,9000.000000
166657393,19633.677786,20496.174262
612944184,18896.712192,19154.509949
3214591774,19904.075580,21245.112498
3399680959,15851.866219,15851.866219
3787297442,inf,10000.000000
4110211777,19909.887580,18909.887580
2896499683,10817.351851,8966.108977
3468035022,11218.640286,inf
3336796482,23338.409765,inf
2408984237,32160.607984,31027.605203
3321211816,9000.000000,9000.000000
576532462,11842.779467,inf
587050650,13989.123199,18282.349899
3649998157,10952.194446,8192.645078
1111013104,10099.743444,8192.645078
1085383679,inf,8000.000000
1874457275,24437.063806,inf
393558264,9336.212377,inf
2796072697,17537.193056,17537.193056
843941108,inf,31485.628831
3653340322,9607.682577,8192.645078
1566685690,9830.074999,8848.287802
845091129,inf,31027.605203
3733084465,inf,31027.605203
3653483971,8192.645078,inf
959799900,10172.427508,10218.033934
2168107343,8243.378497,9000.000000
572277410,21295.899866,21295.899866
1150004809,8192.645078,inf
1228521145,inf,8192.645078
1763044953,21356.143810,22356.143810
1232079012,13456.968180,inf
1797113096,inf,16000.000000
3785254484,9848.287802,9760.824961
2302454271,16347.605680,inf
3765104364,inf,8848.287802
656060983,29329.849245,28137.204167
3821948339,9765.472483,8848.287802
995379708,10650.863770,10461.551447
695493555,inf,8192.645078
2754909287,9415.977060,9415.507203
2555694953,22016.650072,23016.650072
359147849,8305.967480,11160.618595
2397557698,8666.285574,8666.285574
2547723237,14000.000000,inf
1764698501,8192.645078,9469.829396
2869563928,inf,10842.767296
3046784394,inf,10415.037499
3098517589,inf,-nan
3320008598,11839.152660,11850.152829
2873265373,inf,11842.772921
2119011932,21826.511499,inf
2676766706,19896.712192,20089.357270
3089876681,10263.325301,10263.325301
4003748790,inf,20338.221902
2564277699,20669.897974,20669.897974
1254595872,28786.380400,29857.680202
3857706116,24857.680202,24857.680202
2644877852,31160.607984,31027.605203
3396814275,-nan,inf
2873157566,12842.779467,12842.858530
2879451420,inf,14896.712192
1002423358,11250.748081,11243.748871
3697896163,31160.607984,inf
1320014794,inf,31027.605203
3089696996,10263.325301,10263.325301
1002449494,11250.748081,11250.748081
814921850,14908.027505,14896.712192
2371072877,22724.128231,25340.930985
2473281291,19265.502058,19783.254142
2099717684,31092.574437,32160.607984
1200691998,19388.827620,19388.827620
3096181643,inf,25137.204167
4151795086,11167.159421,inf
3284232748,10192.645078,inf
1380688817,31027.605203,31485.628831
2166957288,8668.378883,8000.000000
2333833572,13459.431619,inf
4187265004,17247.162050,inf
1082904027,10000.000000,10000.000000
1689913597,9213.614802,9241.332263
1082975925,10000.000000,10000.000000
1566505977,9235.193231,9257.228784
2780279424,10173.451513,10173.451513
3653483971,8192.645078,9192.645078
1237052763,8770.624413,8572.712855
1801822762,9312.144617,8192.645078
1047529483,15631.685343,inf
2287777681,13523.329729,11783.538314
3723417373,8728.536972,8633.677786
3197825810,27857.680202,inf
3205010229,11000.000000,inf
3197858865,11000.000000,32160.607984
771373857,10912.536579,10912.536579
533160878,inf,17951.087464
2975416093,9823.826851,11823.826851
1074867992,10098.958462,9344.507897
2375596585,9000.000000,9000.000000
3741226214,inf,31027.605203
2796000828,inf,18744.603703
2186483847,8830.074999,inf
1246294425,inf,inf
3157501483,8366.436937,8366.436937
1360578727,18806.551791,18664.191312
2482265717,inf,inf
2597228174,22409.589009,inf
2449347166,10426.411979,13415.037499
103500297,15147.824358,13576.983560
2681754661,23748.842082,20218.640286
3549986795,10261.907740,9230.988679
2479947486,26871.811592,inf
2257015607,inf,12262.735195
1268172027,inf,12994.353523
3164652946,8366.436937,8366.436937
2756367158,inf,22472.519253
4112104652,9607.682577,13280.647947
2450330212,inf,inf
4180418819,15347.605680,15379.130572
3825285035,8713.786761,8591.488454
3399293994,-nan,nan
89428784,18633.677786,inf
739624187,21437.063806,21437.063806
1682157304,19356.143810,19356.143810
199174998,8751.201514,8958.683504
3824355026,9367.926469,9689.481559
801854539,10415.037499,inf
3159981136,8323.161394,8323.161394
2149468637,10000.000000,inf
2406439476,11000.000000,inf
2608467275,31238.516302,31027.605203
2565161960,9607.682577,9000.000000
1826464800,18300.427547,18171.070172
2637729660,20218.640286,13553.890839
348085271,inf,10476.438044
1353366315,9000.000000,9000.000000
1354444398,9000.000000,9000.000000
1355738130,9000.000000,9000.000000
540444623,14896.712192,inf
85294784,20212.097441,17915.705912
1783576651,31027.605203,inf
2391843716,9246.783251,8619.534707
1627334432,21741.465882,22156.503381
2484816984,9937.153351,9934.205233
2535116254,inf,inf
1843584131,13000.000000,16000.000000
428600761,19564.613855,19327.192979
3623683893,nan,-nan
2485793818,13414.560613,9000.000000
1001050129,9673.120174,9202.542071
815999960,14942.515881,14896.712192
2969883102,9673.120174,8848.287802
2812083675,10775.873658,10771.510175
1721871872,18269.316200,10865.354265
498805007,9576.358805,9576.358805
4164600706,17308.141538,17308.141538
682597439,16939.189322,inf
1237159485,9568.757466,8775.317605
3818133572,9415.037499,8000.000000
914445035,9000.000000,8830.074999
2489676888,8000.000000,8000.000000
2249901169,9456.968180,inf
3270884473,20570.358488,19480.440834
2247489039,8755.137847,inf
2333901996,9000.000000,inf
3165838869,8487.487377,8540.658941
1161258365,10142.019005,9428.247356
3632821542,11415.037499,inf
1755500039,8134.314693,inf
572535506,inf,31027.605203
3818312165,9000.000000,9000.000000
2739345873,8577.528249,8421.117575
2407591634,9730.515844,9771.696650
286021838,nan,inf
1353640712,-nan,25353.636955
1605569563,11627.341698,inf
2338648943,19547.228469,inf
801523668,16126.497757,16221.319918
2567834374,32160.607984,31027.605203
1009016031,25857.680202,25857.680202
1523704979,8192.645078,10165.885807
80177877,20807.579929,19333.392675
3743354029,32160.607984,32160.607984
464413300,9664.677392,9664.677392
4172228719,24857.680202,inf
2337610041,14829.033888,15160.299634
3785214188,9803.893682,8848.287802
1235744446,11000.000000,9245.112498
997748276,9848.287802,8583.679969
3315023241,32160.607984,31027.605203
2526404505,8000.000000,8000.000000
1113719159,8654.040404,8173.010917
2086907520,32160.607984,32160.607984
1258574890,19167.109986,13542.495707
996311889,9848.287802,9848.287802
2759772803,32160.607984,31027.605203
3316396325,10000.000000,8000.000000
1456587800,24508.146904,inf
2168783583,15386.157017,15386.157017
3017102947,11384.433512,11685.469368
922739469,11035.424511,10842.779408
3788528018,10848.287802,10848.287802
3812141933,11804.051137,11804.051137
3623683827,nan,-nan
1115083677,9385.290156,9120.416750
426709510,11604.367549,9934.205233
3158653389,21836.899888,22317.809293
2487015676,13421.627309,8465.841528
2138279633,8424.951588,9000.000000
3669821212,inf,-nan
2444572992,9356.143810,8524.266569
345309875,11838.295719,11838.295660
3643888792,9837.060160,8000.000000
960843159,9297.986732,12299.400267
1237125726,9118.260545,8701.013884
463627163,16553.985850,16409.072772
1273996001,9842.100474,8645.079161
275055304,8912.537159,inf
3062920535,21333.392675,21333.547126
913061141,inf,32160.607984
472960332,9917.850959,8973.563011
465819315,16745.991401,16495.271280
472960332,13536.092526,8973.563011
545301513,8566.254799,8566.271097
2770996719,14253.610215,14394.043153
3358209629,9848.287802,10006.353940
2771032622,14288.125077,14331.727128
1235744517,11000.000000,8476.438044
907123910,inf,31027.605203
2895940747,10199.491860,8716.029952
956773683,26857.680202,inf
432531210,9939.119395,9939.119395
2222941233,31485.628831,9000.000000
2363202094,9246.783251,8907.077725
962202234,11867.982320,8042.621949
1723028939,8532.394450,inf
1157365885,11000.000000,8192.645078
3314186801,8415.037499,9000.000000
1274067875,10506.769988,8766.230550
1278509511,8415.037499,8192.645078
3652298053,inf,10733.213459
2166849548,8295.958972,9000.000000
1150004809,8607.682577,inf
1676823126,21295.899866,21797.305691
2812335234,10774.805155,10774.805155
740774171,inf,20356.143810
3517930960,13415.037499,10796.307884
3126747868,15116.583175,14565.443006
2402882803,9415.037499,9415.037499
764798233,inf,16050.541750
2557282548,28857.680202,inf
3929007079,10958.340848,inf
2412559074,31485.628831,31027.605203
2973447732,21351.307453,17537.193056
104470595,11842.776194,11842.777830
2681719817,22296.811564,22296.811564
2450209649,9733.652658,9320.684852
3758561682,32160.607984,31027.605203
817257755,15311.749691,14896.712192
658909748,11612.967136,inf
1037893179,11000.000000,8848.287802
2755751383,25009.132007,25810.234794
1838905657,19357.186760,19327.192979
816143708,14989.821596,14896.712192
4144668112,15218.640286,15218.640286
2972702181,inf,inf
690316573,15918.936804,inf
1004752731,9848.287802,10848.287802
1445470131,9415.037499,9415.037499
1353568838,nan,-nan
2523618754,14830.074999,inf
2522586774,10000.000000,10000.000000
2871466082,22335.374945,22335.374945
736121614,inf,32160.607984
3214412083,21245.112498,inf
2126163393,21806.526853,27320.714628
233602609,9934.916738,8664.871270
3628708556,inf,10415.037499
1151633780,9644.344574,10644.838201
801515822,31160.607984,inf
1644023392,9298.357857,inf
2171449413,9118.260545,8000.000000
3630763499,31092.574437,31092.574437
1703065812,-nan,inf
2413558269,8000.000000,8000.000000
2759841410,13000.000000,13356.143810
2980728422,inf,31160.607984
3012633083,14218.640286,18187.501775
1150004809,8192.645078,9192.645078
1606295387,16302.211085,17039.419390
1215460479,8000.000000,8445.411148
2509249897,11000.000000,10975.592021
1606253576,9278.766648,10196.611827
1151847228,13000.000000,10411.285364
723206178,inf,11842.772921
1459031580,19218.640286,inf
2851783061,31027.605203,12257.810988
3123330586,inf,16475.414744
1150662390,11906.912610,inf
501711563,inf,10842.767296
1234678746,8636.561318,8607.932848
2814058927,8192.645078,9158.968344
3307705548,12162.431998,inf
2188477578,inf,10000.000000
2645885176,19870.716983,19870.716983
3538996110,9000.000000,inf
2779882840,10875.778069,8000.000000
2408881017,10752.072487,9624.960569
2485788372,10263.341082,9492.205360
3788528018,10848.287802,10848.287802
3812141869,11804.049985,11805.397025
2219260081,inf,14139.992653
3277153157,10678.071905,inf
1426821581,11262.455832,inf
1617811127,18805.891817,19000.240092
3098613846,7752.072487,8415.037499
1359612784,18806.551791,18664.191312
3263625389,15288.570537,inf
1619068922,19146.079734,17501.128991
112422388,32160.607984,31027.605203
1359613873,inf,31027.605203
1995414290,inf,19745.284999
2413485307,10000.000000,9830.074999
2861531709,10848.287802,8192.645078
2862897313,9848.287802,9848.287802
4103803262,12554.260429,8848.287802
878463692,21678.071905,20186.218809
1161369444,10299.560282,10000.000000
572866822,17093.220945,10842.767296
1002423358,11250.748081,11252.687957
2939085033,8192.645078,9830.074999
1745690537,inf,31027.605203
1001194968,10285.547310,10285.547310
579827275,15022.139241,15022.139241
3087827003,inf,20111.930631
3893321665,11000.000000,10000.000000
3046784394,inf,8000.000000
2186069803,10192.645078,11000.000000
2527296699,8895.273948,9329.263009
2413669350,9624.960569,9624.960569
2817096898,inf,31027.605203
1359612784,17537.193056,18600.157451
2449279650,11578.691217,11581.093269
2024856522,11000.000000,inf
2966946602,31160.607984,31027.605203
3689630327,inf,19564.613855
2560651677,8323.918963,9790.546634
919291691,nan,-nan
709776176,11000.000000,inf
2560717017,8895.273948,8948.233457
3854473641,inf,31027.605203
1413666013,8540.568381,inf
2444431422,9415.037499,9117.739071
735165982,25804.701202,inf
872753767,inf,31027.605203
4237869146,32575.645483,32160.607984
582554872,19387.817377,19327.192979
3205225856,8000.000000,inf
3398279387,inf,12415.037499
1977430028,6000.000000,4415.037499
192203227,9905.060473,inf
2447916221,10863.869989,9957.010109
2645885176,19870.716983,21192.645078
1270540605,8714.019894,inf
2779846870,9850.793136,8816.091662
4143873053,15128.243773,8000.000000
2254604562,inf,8000.000000
2815806100,14984.620588,19327.192979
1038976378,17699.535695,16974.655689
2376017272,19334.117504,16311.077262
3865573676,inf,8000.000000
2490820641,8000.000000,8000.000000
2472075849,12205.584134,inf
1084018074,10000.000000,10000.000000
2645884087,21192.645078,21192.645078
3538852332,11000.000000,inf
1270513380,9714.019894,9714.019894
1147366094,27786.380400,8000.000000
998754517,10334.974465,10330.263767
2421775282,inf,16759.208668
1313026849,inf,9000.000000
698402364,12061.650919,31027.605203
1278808293,inf,12238.960271
1387542339,8000.000000,8000.000000
2373332557,25415.037499,21745.284999
2064272883,32160.607984,inf
3155097802,17699.535695,16475.414744
2376053215,19334.117504,19334.117504
2644710900,18943.018373,20270.485466
2860561379,8192.645078,10848.287802
3620233874,nan,nan
1114968235,8225.882154,9246.783251
2745647984,32160.607984,31027.605203
2872576867,17985.282070,inf
4110139908,17606.978308,inf
1291330020,28786.380400,inf
2407845375,9428.721381,9000.000000
572318493,16839.898572,17896.656452
1757456618,9137.331628,10137.331628
2296041008,9415.037499,9415.507203
3815663765,11804.051137,31027.605203
3625983828,nan,inf
2485900539,11604.367549,9934.205233
3175670702,-nan,nan
2055480714,8578.288259,8260.754778
1156694366,12655.642724,8943.868024
2380088402,10218.640286,inf
484800191,25272.717701,24857.680202
191851869,inf,inf
2676428890,inf,inf
2410920324,14494.982444,inf
3762445024,10362.673964,8000.000000
1972134144,28661.470736,31160.607984
2781285695,10226.154809,10227.489182
884190615,inf,10000.000000
3894685290,inf,31092.574437
1254671009,inf,inf
2721739501,11516.827039,11516.827039
2489415834,9511.544611,8000.000000
2771068563,14376.688125,14288.125077
2410074554,31485.628831,8000.000000
3368119774,inf,31027.605203
2007594633,inf,inf
1196802235,8000.000000,9000.000000
1356019088,22254.325676,22929.879056
839839854,8000.000000,inf
1724413120,10116.780801,9704.600039
1196951129,8000.000000,8000.000000
1198204867,9000.000000,8000.000000
2751115642,15330.743441,15029.825578
2081204029,inf,12842.779467
3380083820,31507.611936,31027.605203
3516736078,inf,23356.143810
2089872494,8277.272443,9000.000000
3882258986,10431.760368,8000.000000
707526553,31027.605203,inf
2444574081,9356.143810,8000.000000
916673122,9000.000000,8000.000000
2490611258,nan,31027.605203
1234717947,8637.620808,8599.298832
919188716,8000.000000,8000.000000
531683020,13531.575215,15270.481532
1155438750,8000.000000,8299.605844
2981489446,inf,10000.000000
3665005589,15295.437664,14295.437664
4182754629,15393.075329,15529.208519
3880174569,8000.000000,8754.700087
2333024541,8000.000000,8000.000000
693373368,10192.645078,inf
2450235460,14855.341757,inf
500633453,12842.779467,11842.779467
2088542788,8624.415583,8000.000000
1360579816,inf,31027.605203
1300278090,32160.607984,inf
1198099233,8524.266569,8468.618539
3165874805,8613.082903,8540.658941
3963009352,8000.000000,8705.379251
3963009456,8000.000000,10142.019005
1300385904,31027.605203,inf
882604845,9000.000000,8000.000000
696227290,inf,17386.500147
2380232175,31027.605203,inf
485770526,inf,24857.680202
1356910979,21915.191612,24540.568381
1196873015,8000.000000,10000.000000
4198617532,32160.607984,inf
961880978,8944.315083,8944.315083
2172707241,10020.005503,8716.139569
1161369444,10415.037499,10192.645078
1893725059,inf,31027.605203
2054151113,8297.086347,8000.000000
3823135349,9946.324442,9977.250841
1433757387,8993.442810,8993.442810
3885888556,10087.834993,9444.189410
841694698,27886.082771,31027.605203
836246119,8000.000000,9000.000000
880704757,13000.000000,inf
1794229307,16063.822177,16063.822177
2516872809,10218.640286,inf
3398279387,inf,13415.037499
1977394156,6000.000000,5000.000000
3767757370,inf,17537.193056
3471787849,13863.409336,10340.328065
1678486949,8693.108077,inf
2173929100,10020.008293,8000.000000
3965560883,inf,10000.000000
3167132599,8323.161394,8323.161394
1274107865,8000.000000,9000.000000
1356910979,21915.191612,inf
842283630,8000.000000,inf
1197911928,8321.788452,8512.662385
1155477954,8000.000000,8347.956228
3822917549,inf,8848.287802
2783909067,10773.690267,10944.618452
3472493279,inf,8000.000000
385891052,inf,8192.645078
2443561293,20003.703063,20421.627309
1061849088,inf,inf
568670802,20170.382481,21420.075626
838073775,inf,25857.680202
2449032242,9192.645078,8192.645078
2913658567,15947.943425,16501.657883
3339217885,inf,32160.607984
2406457410,31092.574437,31027.605203
1642476766,9803.893682,9848.287802
1625932889,20377.970025,14896.712192
589000971,8703.198031,9000.000000
3864704654,11000.000000,8000.000000
2815176845,31027.605203,inf
354638463,9500.041628,8192.645078
1155404988,8218.672594,8218.704284
995409108,10294.223922,10298.996867
3129567116,10532.394450,10532.394450
964575162,9502.282741,8000.000000
4287351153,25190.014782,27348.256807
4002569402,19348.275567,19390.330672
996344562,inf,8848.287802
3810169363,9000.000000,9837.759515
271364208,22302.337367,22302.337367
2894020028,10350.997638,10353.444069
4221961923,inf,8000.000000
3215562068,20074.000581,19752.072487
427985847,inf,31027.605203
2296352831,31160.607984,30353.636955
3608347167,8906.891971,inf
4002571581,19311.749691,17045.303850
1107167911,inf,8000.000000
175551534,22838.295505,22797.653521
2451618819,10810.175441,9638.056226
2126165572,24364.141665,23386.176053
3778133513,9848.287802,9848.287802
2924835728,inf,32160.607984
1745886444,20557.517747,21883.892654
735688518,11912.536000,9322.720712
2172886960,8479.053353,9000.000000
2179330377,inf,32160.607984
2097958319,8306.434268,9000.000000
3776149682,11383.449874,inf
2855998716,8765.990514,9731.690258
4182790657,15393.075329,15529.208519
3881037091,inf,31027.605203
3855534616,31027.605203,inf
3861152339,9848.287802,9848.287802
2337975501,8000.000000,8000.000000
916709064,inf,31027.605203
1761357665,8566.124402,8566.331973
2529962268,8000.000000,8000.000000
2331732987,9958.340848,9958.340848
2898331233,10364.998710,inf
2148676147,33160.607984,31485.628831
2095658351,8280.796046,9000.000000
2099252051,8266.291217,9000.000000
450769278,27289.506617,27704.544116
1643951484,inf,11298.615692
2170515122,8453.475113,9000.000000
2956783653,inf,31027.605203
1332366770,inf,14022.113668
4212128298,28857.680202,inf
755086524,19039.135634,19217.525576
1199207835,inf,8000.000000
2407855686,33160.607984,31092.574437
3930383036,31027.605203,31485.628831
2096808335,8290.378725,9000.000000
539804848,15143.518775,14884.371414
2129870375,8295.769111,9000.000000
2130193808,8315.350231,9000.000000
4048749059,10569.547448,8775.395318
2335014953,13678.071905,inf
4193514736,31027.605203,inf
584508776,8881.512577,9000.000000
1315309101,8415.037499,inf
1309199674,inf,8000.000000
2413552824,inf,9000.000000
3861152339,9848.287802,9848.287802
3787335173,16892.470182,17338.512329
3472277691,inf,10000.000000
1875533209,22582.914672,21899.098784
1797176265,inf,11000.000000
86138574,inf,24857.680202
3624977552,-nan,nan
2439136807,8532.394450,8532.394450
3788595536,9848.287802,9848.287802
3814298160,12805.394874,8949.306295
2413558269,8000.000000,8000.000000
3862011560,inf,8848.287802
2149118911,32160.607984,inf
2784770151,-nan,inf
2814022957,8598.948464,8598.948464
1720578135,25353.636955,25353.636955
1316509468,9550.025208,8982.425598
801551982,16126.497757,17152.405090
2301032298,inf,8000.000000
2933734893,22302.242605,23382.616022
2176121257,10911.211761,8000.000000
1884240785,20896.712192,20886.909017
2420402357,17896.712192,inf
971815003,22192.645078,24000.000000
1900962264,19066.015498,inf
3091282760,inf,8000.000000
2127314441,15842.858807,29571.880748
3087829181,inf,16057.738983
1001228727,11547.012493,9622.995535
2793664923,28534.038437,28119.000938
1721618317,inf,22356.143810
3577659920,32160.607984,31027.605203
3315134319,31485.628831,31027.605203
2636612346,20218.640286,9999.092217
2607461040,31160.607984,31092.574437
2290221395,9687.117045,9000.000000
2518310256,inf,31027.605203
1826213268,18515.932378,18329.565040
3826688754,10042.842812,10039.103879
1161294303,8952.876088,10142.019005
2933663014,22743.576848,22412.350320
3048871255,8848.287802,9037.716167
2780171712,10189.063540,10173.451513
1565499744,9246.168937,inf
3157501483,8366.436937,8366.436937
1719428147,nan,-nan
2338644587,21956.798119,21956.798119
680369341,16126.497757,16138.015258
539696977,15146.322395,inf
2128828169,8636.833428,8000.000000
2444457555,9356.143810,8913.200314
728301948,14061.642715,10502.079971
2681721995,22099.842228,22524.989900
104470595,11842.772921,11842.779467
3695380538,inf,12415.036679
3481343500,-nan,nan
957177584,15436.340044,inf
1834089010,20895.552557,19327.192979
1036735569,10712.198842,10712.269497
2404272136,inf,31027.605203
2824840000,9555.452618,9555.452618
2338724089,inf,20476.438044
1124230085,16896.712192,15896.712192
681627074,15872.061697,inf
1317871809,16771.181310,16771.181310
2335603687,10000.000000,9678.071905
2407731030,9404.509393,9000.000000
1105519248,13252.255907,inf
2966919377,32160.607984,31027.605203
2194209925,20564.613855,inf
1843585213,13000.000000,inf
2897054797,8878.375427,11180.020539
1464735015,15287.004110,15287.004110
612178923,inf,31027.605203
2247600116,9000.000000,inf
3744639140,8000.000000,8678.071905
720582784,inf,10842.767296
1233710623,8590.398052,8265.972486
2678162048,20333.392675,20333.392675
1948275064,17972.914851,18282.016732
3628708556,11415.037499,10415.037499
2411204663,23815.575429,inf
3644140352,9644.344574,10059.546597
960871471,inf,10298.357857
541354416,16415.037499,17245.112498
4243076038,19623.599233,19768.453676
2407627578,9699.192941,9699.192941
3776329301,10383.450755,31027.605203
2335398559,9891.475543,inf
959684466,10195.050515,9345.777352
652367099,14896.712192,20508.146904
2815626349,inf,16915.705912
2098818170,14896.712192,14896.712192
1871834965,25815.575429,22292.013473
3973029832,8000.000000,8000.000000
43772627,27857.680202,28857.680202
1188569614,15516.566830,15516.661514
997496724,9143.313555,9504.969536
3850239049,9000.000000,8415.037499
2777871652,10228.847146,8721.029053
1194571962,inf,8000.000000
3859898900,9158.968344,9158.968344
3574595987,inf,20066.015498
4003748790,17896.712192,16896.712192
2373304243,24415.037499,23806.551791
2815626417,inf,15915.207652
541558629,14896.712192,inf
1871834965,25815.575429,21356.143810
1269220464,8000.000000,8000.000000
3782848880,inf,12000.000000
4133183901,8616.295649,8999.999846
2484850743,13414.560613,9000.000000
2435507173,9250.549534,9250.549534
2861747331,9848.287802,inf
2877430538,16616.295708,16759.642300
2365005202,11912.536000,8447.811240
2758538991,10415.037294,inf
2023483161,16745.818120,inf
4110175839,19669.083122,19672.447356
2872616071,18336.441896,18846.447968
2895241893,10924.323147,10760.699123
3056128021,13392.669686,inf
3451057217,17167.178766,inf
2858754846,21618.157248,inf
1983313281,8912.537159,8912.537159
1606253576,9665.896151,10196.611827
1151847228,13000.000000,11189.428365
2953553988,15900.652190,15928.537637
2069589058,-nan,inf
2402409226,8295.015675,8000.000000
2556880874,21977.632187,22324.042967
2378995269,24419.737954,inf
2413731420,9912.537159,9385.290156
2476008171,inf,31027.605203
1126662720,21890.936808,22836.899888
2486976471,10333.367696,9934.205233
461183441,16679.802024,16764.121754
1704148450,inf,31027.605203
2249939284,9870.716983,8651.271846
1453369751,10205.584134,inf
751488606,inf,13257.816966
56490549,inf,24857.680202
3429660231,31027.605203,inf
4103587615,11382.887289,inf
1879085527,inf,23356.143810
4127580996,31485.628831,31027.605203
1606509920,nan,inf
2745275482,9555.452618,8000.000000
3065112699,20333.392675,20333.392675
3743605593,inf,31027.605203
2054151079,8140.909475,8000.000000
2337606776,15076.747792,14866.514695
1377059180,19870.716983,19870.716983
1584677213,19001.787894,20001.787894
3739896541,8259.609930,8481.811264
4001133015,31027.605203,31027.605203
468450979,9848.287802,inf
2438094634,8532.394450,9385.290156
2815176845,31485.628831,31027.605203
4111608969,inf,25857.680202
995408019,10295.415679,10294.223922
3197827984,26857.680202,inf
2980087902,8830.074999,inf
3052338544,inf,14022.113668
2947738225,inf,31160.607984
3827947637,9057.168379,9067.880851
3588282695,8192.645078,8192.645078
2913658629,15947.943425,17411.780356
176773396,22880.115681,22797.653521
2087065029,27857.680202,inf
2301104139,10278.900811,10460.617651
2213582035,19422.242802,inf
3054942133,16607.682577,inf
4230952843,inf,23669.897974
3129387499,10532.394450,inf
1315428093,8430.545576,8428.470383
4151240042,10555.452618,9555.452618
2285624730,13483.782895,inf
656060983,31160.607984,28137.204167
3821943983,9235.188668,9235.261677
995379708,10650.863770,10602.689702
3360401819,10173.451513,8192.645078
550153005,inf,9000.000000
1045157606,inf,11842.772921
2895995395,11626.963742,inf
3820719947,9848.287802,9848.287802
3334913189,inf,inf
2085802878,19564.613855,19564.613855
4109164158,inf,31485.628831
3677528478,31783.998808,24857.680202
1001233080,9622.015653,9622.037511
1969730723,inf,10842.767296
1003461177,inf,8848.287802
689022879,17918.955423,inf
2778898768,19179.220787,20987.871749
536841353,21283.648187,21337.048469
3432778942,8956.612139,12824.112430
3164652946,8366.436937,8366.436937
1619068922,19146.079734,18100.856331
3709902857,32160.607984,31027.605203
3427713574,-nan,inf
2741135306,31027.605203,inf
1995342416,inf,20748.850688
3358209629,9848.287802,9886.447951
883974925,inf,12000.000000
532102020,23632.339096,inf
2491930335,8540.568381,8000.000000
2641142588,14513.546785,inf
1546363523,inf,10842.767296
506943425,7420.613909,inf
3824135051,9848.287802,9220.240937
1625932889,20377.970025,16804.435305
929956188,19170.382481,19180.457051
3394451421,9000.000000,10000.000000
1837575987,7420.613904,7420.613904
1560077133,inf,32160.607984
3497345032,10093.109404,9000.000000
3542286786,32160.607984,inf
370237482,inf,17537.193056
2617905137,18824.773012,inf
2411255030,9804.675858,9804.675858
1239644319,9999.999769,8000.000000
1238339964,inf,8000.000000
1680498137,8741.764892,8729.217046
2817247604,17338.826364,16629.761097
4008725755,10564.595062,inf
309375239,9642.447995,9356.143810
1274068965,10506.769988,8000.000000
571413836,20980.195355,11361.111618
1148962574,9607.682577,8192.645078
2639065865,14541.982793,20356.143810
2853806596,9325.845396,inf
91035994,32160.607984,inf
1688486738,15347.605680,15369.094659
3494217634,inf,inf
1274035989,8415.037499,inf
2220166320,32160.607984,31027.605203
1526545408,9173.451513,inf
262698953,inf,8000.000000
1608156959,9960.927397,9352.330268
2255975610,8993.442810,8993.442810
2332752012,8999.974158,23546.282033
1968611230,16245.042071,16397.762549
2128720320,8449.410078,8000.000000
3438780419,12000.000000,inf
2491939047,8678.071905,8415.037499
1644740830,9848.287802,8192.645078
3175598863,nan,inf
2055265128,8411.240118,8000.000000
2302454364,15295.437664,inf
3315063534,inf,31027.605203
25801191,inf,26857.680202
1105519207,14252.255907,inf
3532861042,inf,31160.607984
2560649500,8878.375427,9612.050006
2329321942,31160.607984,31027.605203
1548848052,17173.451513,17173.451513
3175598823,nan,-nan
2055265092,8411.240118,8191.306492
1377166992,20093.109404,19218.640286
804973619,25751.117261,inf
3959631415,9741.433966,9428.247356
2293851036,14415.037499,8000.000000
1042570050,16516.065393,17537.309110
1042498301,16952.346609,inf
1797043169,13173.451513,8000.000000
1010670684,inf,18537.193056
2753451424,25354.778671,25354.778671
171524984,inf,20851.125211
2286770358,14594.616860,inf
1188605551,15516.566830,15516.945603
4179376582,15347.605680,15363.282020
3850346897,inf,31027.605203
3590509701,8000.000000,8000.000000
1601113275,9848.287802,9848.287802
3264976485,12099.872844,inf
2366334868,12000.000000,12000.000000
755085435,19217.525576,19436.969728
539126324,16771.181310,16771.181310
2556880874,21977.632187,22780.831480
2484747283,10319.552071,13414.560613
1114869143,8000.000000,8654.040404
2978184485,11406.308793,8848.287802
2419503932,17896.712192,inf
994148046,8000.000000,8000.000000
2126381190,22421.559875,22789.670620
759161250,8678.071905,inf
3590510790,8000.000000,8000.000000
2878478155,14954.240339,15253.485679
3091705684,-nan,inf
1315434627,9039.237025,8000.000000
1198027361,8000.000000,inf
2487125364,6000.000000,8000.000000
4252923434,inf,12842.779467
3177829039,inf,inf
302984297,18830.074999,16752.072487
592738349,8000.000000,8000.000000
2472075891,11205.584134,inf
1983313249,9415.037499,8540.568381
537724782,17078.868035,17078.868035
3284574820,9299.560282,inf
3382346628,9675.734835,9675.929355
3550226504,8570.492018,9192.645078
1682154038,20375.952291,20375.952291
1445244857,inf,22505.161022
1061060702,inf,9836.094007
1386690330,20385.290156,22192.645078
2778481330,10255.703344,8848.287802
1248844863,28786.380400,29915.055755
2854344374,8000.000000,inf
3383460675,9552.658435,9675.929355
3015491561,20669.897974,20675.256890
1360578727,21857.581187,17745.284999
1720783554,10047.780913,8848.287802
2645884087,20385.290156,21192.645078
2779595379,9242.603826,inf
1270513380,9714.019894,9714.019894
998754517,10334.974465,10325.568401
1331252690,inf,15022.139241
755086524,19039.135634,19217.525576
1986799137,9038.550306,9041.447285
2520394611,8861.928558,9000.000000
2485884872,16072.466226,15743.747076
3590511879,8000.000000,8000.000000
2337569750,14992.587025,15104.293090
537921634,inf,31027.605203
2402887159,9000.000000,8000.000000
762461236,inf,31027.605203
1317868543,16771.181310,16771.181310
1113782318,8235.620792,8000.000000
3925448893,inf,20546.856173
2746605182,inf,8000.000000
997358962,31027.605203,31160.607984
2484717588,6000.033021,7272.079545
2408853788,10081.136763,10081.136763
3669677395,-nan,nan
3360203460,9356.143810,8447.330902
3340390081,20333.392675,inf
3164724818,8513.828214,8000.000000
2338864898,22356.143810,inf
1331144883,16022.139241,16049.621527
611453886,16842.684508,17022.175122
1798451611,inf,22356.143810
1182460333,20400.087158,13556.220395
950913778,inf,32160.607984
381111333,inf,8000.000000
3546003794,inf,inf
1606899168,10516.419929,inf
3780369239,inf,inf
1606899234,9511.638146,inf
1546255778,11842.776194,inf
2567696223,8192.645078,8192.645078
3620341680,-nan,inf
1114978043,8493.816410,8000.000000
2512735883,inf,9000.000000
3020660710,8939.895181,12638.796251
2578424734,inf,12158.309999
627407868,18579.701189,18994.738688
300684432,16034.215715,13865.573680
3809662286,12218.640286,inf
2435399458,9250.549534,8000.000000
2395149919,8654.040404,8654.040404
590510255,inf,7703.140911
1155437661,8142.039429,8299.605844
1601113275,9848.287802,9848.287802
104434730,11842.777012,11842.779467
3315095115,31485.628831,32160.607984
2636544830,12251.390145,inf
3856193030,9326.809969,9326.809969
2343761352,9912.537159,9000.000000
2496801563,inf,-nan
1359612784,17537.193056,18769.623190
694897554,21165.658649,inf
2487269111,6000.000000,6000.000000
3856269256,9312.144617,9434.177656
3783818090,9825.919989,9825.919989
3254927604,9415.037499,8999.999846
1450826048,10000.000000,10000.000000
1189795607,11000.000000,8000.000000
1922029358,23678.071905,22678.071905
426193013,20556.497182,20556.497182
774967588,8912.537159,32160.607984
3551728500,12218.640286,inf
1044870178,12842.779467,inf
2677932326,10111.284943,inf
2440322726,8000.000000,9385.290156
430374983,13414.560613,9000.000000
4074155303,12386.407576,inf
849629166,22192.645078,24000.000000
2740675578,8577.528249,8577.528249
777447248,12000.000000,12000.000000
1159046735,nan,-nan
2617380437,inf,10842.767296
764798233,inf,18053.202051
3175670765,-nan,inf
2055480750,8578.288259,8000.000000
3786077439,16595.547512,inf
3811211571,12655.642724,8000.000000
734736755,12135.688691,12138.396092
2442058491,10000.000000,8000.000000
459525867,8430.545576,8430.545576
485770460,25857.680202,24857.680202
3806575627,inf,31027.605203
3762516868,inf,31027.605203
2781357569,10228.824790,10226.154809
812657850,14896.712192,14896.712192
3359323676,16000.000000,9017.719395
2668902773,27915.055755,inf
1043731178,inf,inf
2413558269,8000.000000,8000.000000
3122040120,19623.599233,19694.209196
2793628985,28119.000938,29119.000938
3320152477,13393.303999,13393.303999
3046820335,8000.000000,8000.000000
1545488065,28857.680202,inf
1509910437,inf,inf
2876245706,18227.924470,inf
2224091142,inf,31027.605203
3020379029,17932.932380,19254.766478
337412008,inf,11000.000000
2407815390,inf,31027.605203
1968435903,12842.779467,11842.779467
3823135349,9946.324442,9999.306766
2256007191,8993.442810,8993.442810
2489569112,8000.000000,8000.000000
3076830285,15711.429855,15029.825578
751488698,inf,12257.812602
1454519694,9205.584134,inf
4255295344,inf,11842.772921
1798551799,inf,22356.143810
3591802342,inf,31027.605203
2012751659,inf,31027.605203
2338721910,inf,22524.266569
2376773750,16311.749691,inf
681591137,15872.061697,16348.890178
538071915,23067.334576,18896.712192
2105382308,31092.574437,inf
3360437727,16000.000000,9186.218809
2973113543,17990.104425,16990.104425
2567723646,inf,9532.394450
965440920,9500.293699,9500.293699
3040205038,18617.779170,10842.767296
3300594443,inf,15896.712192
927935954,16104.841627,16070.069163
742298425,inf,-nan
4183940550,15347.605680,15393.075329
3882330823,inf,31027.605203
3451102683,31027.605203,31160.607984
4127579907,31238.516302,31027.605203
347191286,inf,13218.640286
2286623343,17939.304068,inf
139973969,15896.712192,15726.787190
1144778691,9000.000000,inf
1747180207,18558.213559,31160.607984
888728686,15133.052527,14896.712192
1563056025,9597.667437,8192.645078
2777691962,10221.888473,9286.315290
1479492850,23166.959054,21806.526853
1546291681,11842.772921,11842.779467
1150551318,11906.912610,8000.000000
537045268,20264.674764,inf
3435078968,10596.912147,inf
2452798207,9415.037499,inf
355680639,9499.720290,9499.720290
3009664053,9000.000000,inf
3665005660,inf,14295.437664
500705333,11842.772921,11842.772921
2899812816,24724.380120,17537.193056
1198099233,8524.266569,8415.037499
696047568,inf,18469.877003
1968585094,16319.382422,16319.382422
2127786029,8207.471906,9000.000000
3438708515,13000.000000,inf
572946331,19937.831179,19937.831179
883467335,inf,31027.605203
2488491003,8000.000000,8000.000000
2126382284,23515.725498,21806.526853
1194395546,10000.000000,8000.000000
2297431004,31160.607984,31027.605203
3080454477,12845.001634,12842.779467
2376601688,11633.677786,inf
3301709579,19667.299009,19733.043599
254951617,24857.680202,inf
997355699,31043.575284,31027.605203
1879085527,inf,22356.143810
3893429019,inf,24472.814587
1146228145,20678.071905,22678.071905
41078486,24078.758317,24249.257830
2857974015,8839.152660,inf
2895241893,10924.323147,10895.591309
1114003389,8654.040404,8139.979997
2556880874,21977.632187,22140.465214
3777920069,inf,8848.287802
3051141070,18254.860474,18254.860474
880233008,inf,31027.605203
3202854076,12000.000000,inf
3628571339,10830.074999,9000.000000
951055348,inf,32160.607984
2338722999,inf,21476.438044
681591199,15872.061697,16933.852679
540024748,16771.181310,16771.181310
3122003093,20035.624361,20035.624361
1445430975,27857.680202,28915.055755
1188569682,15516.566830,15516.756204
997497810,9504.969536,9504.969536
3850275053,9000.000000,8000.000000
2247491213,inf,21415.037499
1356910979,inf,22790.546634
3050525666,8848.287802,8848.287802
1969733990,inf,10842.767296
616662704,19908.981131,17537.193056
2103539306,31059.724129,31027.605203
3159981136,8323.161394,8323.161394
2442976159,21415.037499,inf
138859959,15810.575967,inf
650203250,33160.607984,31027.605203
2738772230,11175.280689,inf
935992235,31160.607984,32160.607984
1065768480,inf,9000.000000
533911148,11842.772921,11842.772921
777267522,12000.000000,8000.000000
1883056375,inf,31027.605203
2103530273,14896.712192,inf
1239680220,8000.000000,8000.000000
1153036111,10000.000000,10000.000000
2645992989,31059.724129,31092.574437
2404098982,inf,31027.605203
1271734144,9675.929355,8000.000000
4259803552,-nan,9415.037499
2900021507,10870.997272,8000.000000
3549798118,inf,23356.143810
2608539149,31485.628831,31027.605203
2290325943,8607.682577,-nan
3631959061,inf,12415.037499
1755499973,9134.314693,inf
635340251,23587.447016,24587.447016
1669887383,15971.575887,inf
1275078199,inf,31027.605203
879981445,10000.000000,8455.035567
2486981651,7192.645078,6678.071905
4046449092,12000.000000,12000.000000
959543983,11437.066735,8000.000000
4014754805,inf,32160.607984
675589661,17682.402575,18804.847165
2337645978,17575.619440,13940.731424
2790250942,27119.000938,26081.771022
3319972661,12847.826186,12847.826186
838099910,inf,24857.680202
1725113260,inf,9000.000000
2444425977,9258.743703,8000.000000
3128309395,10532.394450,10532.394450
2263190598,10205.584134,9000.000000
2075985073,inf,17558.329561
104470595,11842.776194,11842.779467
3398152939,inf,9000.000000
1884168845,inf,20894.255146
2401223369,8654.040404,8374.234089
2556880874,21977.632187,22056.752604
2010092390,8000.000000,8000.000000
2368419220,9642.447995,9000.000000
1108861414,20218.640286,8999.697342
2265742126,9790.546634,9790.546634
3392635433,31059.724129,inf
2450397879,32160.607984,31027.605203
3171306232,nan,inf
421720142,8000.000000,9000.000000
799302880,8000.000000,8440.787242
665357404,inf,inf
1311733119,inf,9000.000000
649331551,17537.193056,17822.693475
287135888,-nan,inf
1720757823,12829.394443,nan
1316511646,9967.965038,9226.358514
2598745790,9848.287802,8848.287802
4209084515,inf,10218.640286
852625078,inf,29886.082771
3577839566,inf,31027.605203
3315136497,31485.628831,31027.605203
1108897289,20218.640286,8000.000000
2645893889,inf,18218.640286
3302854020,13163.339361,13163.339361
437437380,9852.630927,inf
1721656315,18961.344895,10842.767296
1316512735,11576.358805,8883.859135
4035083890,32160.607984,inf
4002571581,15830.623001,14896.712192
4202478309,inf,13999.276598
719612547,11257.812602,inf
1044845184,32160.607984,32160.607984
2407773496,9992.271885,9660.115210
2260890639,9805.528076,9801.272011
3826758449,32160.607984,8848.287802
3160160820,8678.071905,8000.000000
139973870,15852.318072,15547.984037
2860381689,10848.287802,9531.573029
71876428,21411.488759,21748.402402
1157805144,8000.000000,8492.817349
2697397775,17260.736073,17585.711163
2915850723,16029.815525,14266.142478
1764662594,8694.292089,9469.829396
3781654247,10948.115454,8943.591719
2604465921,31160.607984,inf
2908986784,32160.607984,14211.413466
2450537441,inf,31027.605203
109322124,inf,inf
688502873,25514.573173,25514.573173
4115020015,inf,16218.640286
2445690001,8000.000000,8000.000000
2956675842,32160.607984,32160.607984
2333997844,8000.000000,8000.000000
1205874008,inf,inf
612316341,15842.684508,inf
1725455290,10158.030795,8848.287802
2339044622,21356.143810,inf
957322425,9370.643380,9000.000000
2338609740,15000.000000,17308.141538
3806539656,8000.000000,8482.801199
1799629909,inf,22356.143810
3590012956,18876.132481,inf
570322902,21360.261269,21360.261269
2521588978,8000.000000,8000.000000
2337566480,15882.270183,inf
2206955237,inf,13678.071905
2247673077,inf,10000.000000
3314222743,8000.000000,inf
4212402750,inf,inf
4240499651,21008.957755,20966.447547
2412587971,9624.960569,9624.960569
1199721605,19388.827620,19388.827620
289651578,nan,-nan
2103055332,11000.000000,12000.000000
739210244,8907.242859,8907.242859
107545784,-nan,nan
1271725435,8440.398850,8353.715534
1680966659,8693.027165,8693.350840
2527410741,8000.000000,8000.000000
4202370496,inf,14999.276598
802709590,inf,12257.812602
417554811,26217.638010,26218.965499
2057565127,8194.942880,9000.000000
2898691845,10870.997272,10922.298747
3963856628,26857.680202,31027.605203
1680894722,8693.027165,8693.350840
1237269474,9515.806471,8000.000000
691164326,12505.675651,12505.675651
289615544,nan,nan
1248671712,inf,inf
2676321004,13101.667629,11658.454503
2330880405,inf,inf
1327012194,31160.607984,31027.605203
2567659395,inf,9532.394450
1269184562,32160.607984,8000.000000
3683060127,inf,12000.000000
2413519066,10000.000000,9000.000000
3628638857,11245.112498,9000.000000
2145856296,9900.076936,9000.000000
2291007472,23048.671284,23048.671284
1835684349,inf,15896.712192
3049811436,18254.860474,32160.607984
338525993,inf,31027.605203
1922028269,23093.109404,22678.071905
1835022280,20556.497182,20556.497182
2260854793,10366.900068,9803.398474
2291331082,9000.000000,9000.000000
3856261640,9312.144617,9360.138516
3427591413,10419.586841,inf
3480251685,9326.214519,9596.027104
3019121235,18447.505552,19304.811261
2754909248,9415.507203,9416.329553
3748347182,9409.506148,9507.659230
1984391358,9415.037499,9415.037499
2616266391,inf,11842.772921
2755017058,inf,8000.000000
75398253,20806.526853,20806.658446
2090691400,inf,17537.193056
3334769441,19942.515881,18356.954145
3195415116,inf,9000.000000
1276335994,inf,31027.605203
3398207513,15540.568381,13928.537637
1975345677,4912.537159,5327.574658
2578844732,31485.628831,31027.605203
676847483,16673.867139,17829.459322
4128951209,17308.141538,17321.978078
2447839989,10462.096283,13688.730629
4293172909,27830.074999,27830.074999
4002571581,19311.749691,14896.712192
3128309321,10532.394450,10532.394450
3781445156,9934.916738,8000.000000
3233183879,14896.712192,inf
1894857657,19218.640286,19218.640286
2445474382,8000.000000,8000.000000
3648812269,9663.563178,inf
353488478,9372.825606,9500.041628
2441898048,21415.037499,inf
3008116564,inf,31027.605203
2481229821,12000.000000,8000.000000
777303461,8000.000000,8000.000000
1983528869,9415.037499,8000.000000
1317799935,16771.181310,17187.885382
972577464,9999.999462,14022.113668
2085613853,nan,inf
3057046286,inf,33353.636955
1273997091,9842.100474,8000.000000
3781333688,20523.738077,inf
3801724132,inf,31027.605203
2812191486,10774.805155,10776.942954
2337571926,14992.587025,15400.463971
2783765312,10957.548451,10835.476544
3267240490,10072.063434,inf
3315372725,8000.000000,8000.000000
2178324142,31027.605203,31027.605203
536175145,inf,10842.767296
3199296283,9000.000000,inf
1386474747,20733.213459,22192.645078
1721656277,18961.344895,11837.585754
1316512735,9676.347056,8883.859135
2877259330,19896.712192,inf
2413774980,9678.071905,9678.071905
4110285827,inf,31027.605203
4135151248,25857.680202,inf
2930819523,10870.997272,10870.997272
587662243,21955.605881,inf
2449355580,inf,8192.645078
3827838737,8694.292089,9030.563999
3558180432,10810.175441,9000.000000
2374831354,19334.117504,19334.117504
190213993,inf,31027.605203
2081282438,inf,12842.779467
2870785758,inf,11842.772921
3048078194,8000.000000,8000.000000
2528481528,inf,9000.000000
2778862895,20987.871749,19921.817202
3015809221,13440.176499,inf
1606295387,16302.211085,18625.596056
4220883781,33160.607984,9415.037499
2135979665,8324.524498,9000.000000
1601473955,10410.379825,inf
3086638910,16580.325701,16914.857376
3966551904,23546.282033,23768.674454
4010154804,inf,32160.607984
2337573015,14992.587025,15728.488398
3856261640,9312.144617,9393.964626
4133262309,8476.438044,8999.999846
3315168078,29604.205620,29604.205620
2636653730,inf,19218.640286
2974539827,12218.640286,12218.640286
103284743,14841.006155,10842.767296
1798820044,8947.264610,8951.119385
519874016,inf,31059.724129
3219498046,21678.071905,19468.618539
3646512334,inf,10645.802282
2525074838,9000.000000,8000.000000
1233601725,8297.086347,8068.924552
2753877591,21218.640286,inf
3743354069,32160.607984,32160.607984
1004610072,10267.165840,10269.031162
1238307293,10000.000000,8000.000000
1718916104,inf,9867.982320
1475040013,-nan,inf
3315372729,8000.000000,8000.000000
1756721796,8134.076475,8134.076475
2562869624,inf,31027.605203
3474977316,23050.040682,17258.042040
2056558857,8590.398052,8542.030195
4252995373,inf,11842.772921
1246232052,31027.605203,inf
1874276501,23437.063806,22050.040682
3577552075,32160.607984,31485.628831
1002522457,10263.598069,31027.605203
3042692314,31160.607984,17558.329561
2012500096,8000.000000,8000.000000
1316511646,11576.358805,9226.358514
662769844,inf,17386.500147
2483495726,6500.178924,8000.000000
3788269570,16951.453896,16728.739983
1461599251,inf,inf
2341089398,20998.005886,20966.447547
2289846650,inf,17896.712192
734808633,12137.007565,12137.007565
3811283344,31485.628831,31027.605203
2450493652,19460.070978,14866.930362
1586761559,18955.511707,inf
2869671713,12843.890123,12842.779467
2336457881,16927.725349,inf
3046784394,9000.000000,8000.000000
3320008598,11839.152660,11919.149373
504483188,20166.714564,inf
2406480861,11000.000000,11000.000000
3856261640,9312.144617,9327.969387
1110083212,20218.640286,20607.682577
2431841597,8666.285574,8666.285574
2556880874,21977.632187,23752.072487
3740149189,8335.635619,8657.223233
1161294303,8310.002029,10142.019005
2446732207,8000.000000,8000.000000
3472205780,inf,12000.000000
86102669,28857.680202,25857.680202
2955636157,12415.037499,8000.000000
2471772139,22193.030820,inf
633059663,6000.000000,8000.000000
2088165345,inf,31027.605203
1260659243,16167.109986,16167.109986
648109626,16844.061876,17147.451675
2445546256,8000.000000,8000.000000
2897018791,inf,9199.150644
3853143975,31027.605203,32160.607984
500741264,inf,10842.767296
3856158183,inf,31027.605203
278559799,13000.000000,8000.000000
3628571339,9642.447995,9000.000000
2450461210,inf,31027.605203
3455872775,19477.644815,inf
107956515,17740.435648,13677.541296
571968467,11832.261092,16446.947001
1002423358,11250.748081,11254.144578
1000114677,8790.546634,9218.640286
3777890666,9848.287802,9848.287802
1799705050,inf,22356.143810
885340568,inf,inf
1891530720,inf,21582.884509
1836690712,inf,inf
3589396742,6912.537159,6678.071905
2977278439,inf,31160.607984
3222728122,31027.605203,8000.000000
2607083173,31485.628831,31485.628831
3607305093,9906.891971,inf
536847884,21264.674764,21423.945167
4255167680,inf,31027.605203
3122103542,32160.607984,8000.000000
1001341980,11514.583041,11500.595961
2082357280,26830.074999,inf
3618350252,8000.000000,8000.000000
3880878095,26857.680202,31027.605203
3236957230,19356.143810,31027.605203
2974719512,inf,11218.640286
3856269263,9392.343198,9398.839874
394780091,8785.210869,9808.264165
1874458364,inf,21356.143810
1195756795,9000.000000,10000.000000
3338933796,20977.632187,21063.362061
2972847888,inf,31160.607984
572138808,inf,17334.603318
249006860,inf,inf
1720506264,25353.636955,25353.636955
495103496,11576.358805,8869.638240
2338651121,18547.228469,inf
801524757,16126.497757,16322.815520
2331765657,14093.109404,9000.000000
4003721564,22830.074999,22830.074999
2898475011,9364.998710,inf
1314175743,9415.037499,8000.000000
1476524964,24419.737954,inf
3441152327,inf,31027.605203
1968543711,inf,15146.322395
2725349513,9564.595062,inf
2366330514,12000.000000,12000.000000
764825451,16022.139241,17049.631661
4114225028,15128.243773,8000.000000
851331280,inf,28857.680202
1104441137,15252.806630,inf
776864564,14896.712192,14896.712192
3545335510,inf,16336.290579
1446796484,27915.055755,inf
2855100257,8765.990514,9423.384564
2639099622,20356.143810,11564.595095
2286807382,14746.501893,12994.353523
2751115551,15081.672616,15029.825578
852768756,inf,28857.680202
3856227881,9321.510670,9324.211573
3252340139,8000.000000,8000.000000
573715982,inf,14984.620588
3120845781,inf,8000.000000
4254089601,-nan,8000.000000
2745576112,inf,31485.628831
304749683,19213.730372,17985.282070
2895170017,10774.777649,10774.777649
964429239,8566.124402,8566.539575
1159989251,inf,8000.000000
3314330550,8000.000000,8000.000000
963099568,8000.000000,8904.438145
3315138675,31485.628831,31027.605203
25842573,inf,27857.680202
3494864420,31027.605203,31160.607984
2858442440,9731.690258,8192.645078
4213624609,inf,inf
2001601392,32160.607984,32160.607984
3319936724,12847.826186,12847.826186
3439293181,20820.500650,20485.580638
2296043190,10000.000000,9000.000000
2281376353,27272.618687,inf
1311761432,inf,8000.000000
3589391294,6000.000000,6000.022014
1541619845,11814.550624,11840.835437
1273873643,8192.645078,inf
3089876681,10263.325301,10263.325301
3786399023,9808.264165,9808.264165
358739234,21449.490695,21503.789523
3782772650,8955.605881,8000.000000
3221578167,31027.605203,8000.000000
2262220303,9483.997374,9483.997374
1547805918,15655.704092,17173.451513
1463585099,8990.791667,9000.000000
3173406674,-nan,inf
3481271622,nan,-nan
1521837561,11415.037499,11415.037499
2482255327,13523.329729,inf
3723417440,8830.074999,8633.677786
3584617118,8415.037499,9415.037499
534310770,17361.882313,16415.037499
2640212580,14596.362416,12398.165449
574938929,16595.590177,inf
1724413120,10116.780801,9384.388706
1456891473,inf,8678.071905
3785250128,9803.893682,9803.893682
3468863741,17000.000000,17000.000000
2865884769,inf,24857.680202
543599161,20333.392675,6005.646563
1205405431,16347.605680,inf
3078156689,21806.526853,21806.526853
536426737,17568.584784,inf
2180552264,inf,31027.605203
3436480417,9408.066218,9408.982370
536985099,22635.268409,19937.831179
1625932889,20377.970025,18485.007651
1852800952,inf,0.000000
2370888841,18745.284999,19622.785332
3400264292,-nan,nan
2605756389,18633.677786,18633.677786
1054405979,9999.977986,10151.629600
3020138991,inf,15022.139241
1479492783,23166.959054,22725.813008
1194534936,9000.000000,8000.000000
3251118381,31027.605203,8000.000000
3315099471,32160.607984,31027.605203
1107747310,20400.087158,11253.589353
1327014372,31027.605203,31027.605203
2411327997,10790.546634,9790.546634
1269292342,8000.000000,8000.000000
3591947179,inf,31027.605203
2811354005,13842.779467,13374.863092
3729926478,31027.605203,31027.605203
2450730329,inf,-nan
3137545130,10714.597781,10714.597781
116160559,9848.287802,9848.287802
2485939441,8000.000000,6790.546634
2411256123,10205.584134,9485.817625
1050992065,12073.990351,inf
4043841340,inf,inf
17718631,15927.032277,24857.680202
2520293337,5000.000000,5000.000000
3569131531,3000.000000,inf
1600108412,11437.066735,8872.592078
2134937459,8682.642905,8000.000000
4046413153,9409.880826,8000.000000
2482335156,8299.560282,10000.000000
976243037,inf,8000.000000
2810918600,18712.734433,18751.637299
1048643463,15618.101096,15618.101096
1609342881,9946.324442,9966.348049
4274667850,nan,-nan
1122126240,12853.273265,11609.455337
1152815343,inf,10000.000000
1640681217,8000.000000,8000.000000
1237090878,8894.605331,8656.460006
2398137227,19115.257096,inf
1726677220,10034.793015,10100.485248
2093178698,8261.222166,9000.000000
3894976790,15385.685560,15158.042601
3552848408,18415.037499,18415.037499
2253201817,28571.880748,inf
2167564999,13710.892939,13710.892939
1357127690,inf,17896.712192
3217862038,18187.501775,18187.501775
664063640,inf,17386.500147
337483822,inf,10000.000000
2485795694,6000.022014,6000.022014
4209120419,inf,32160.607984
1001391117,22192.645078,25000.000000
862076480,22094.267956,inf
3097392059,9218.640286,inf
2870821727,inf,10842.767296
2334275802,9822.035505,8654.811354
1952505511,inf,31027.605203
2133464075,8276.621355,9000.000000
4004321728,8000.000000,inf
1157774655,8492.767355,8352.997973
2291007510,23048.671284,23048.671284
1835756217,14896.712192,inf
3786406646,14000.000000,8848.287802
1618632830,24642.208402,24642.208402
210194872,16814.381675,inf
2599967546,inf,8848.287802
1119486334,10218.640286,11218.640286
1884240785,20896.712192,20857.892943
3583578399,31027.605203,31160.607984
2447843256,11232.019267,9951.271016
2563096287,32160.607984,32160.607984
2783909067,10773.690267,10919.100997
3267312291,9649.657762,8630.483777
1884240785,20896.712192,20820.090910
2868521696,12842.779467,12842.858530
4259839490,8415.037499,nan
2900093388,10922.298747,10927.949278
315340652,10000.000000,10000.000000
1346106978,8000.000000,8000.000000
1194906042,19388.827620,19388.827620
2706068250,inf,8000.000000
3586662963,17537.720019,18266.174113
418632925,23217.638010,inf
2522587861,10000.000000,10000.000000
1145066155,10999.998541,inf
2252453790,9000.000000,8000.000000
4209864332,29915.055755,inf
2812176395,18899.598628,19000.000000
235938549,8470.653185,8470.653185
3126853500,14116.583175,inf
998646706,9095.998989,8000.000000
3827657958,inf,31027.605203
3552488357,8000.000000,8000.000000
1642440820,8794.955660,9825.919989
1450718367,inf,10000.000000
608441475,11000.000000,8830.074999
1625932889,20377.970025,15865.292849
2901715020,21306.196280,inf
929992089,19170.382481,18537.135898
1075879441,8192.645078,8192.645078
2938977217,9804.790157,8988.772745
2450766362,inf,inf
3777890666,9848.287802,9848.287802
3137581067,10714.597781,10714.597781
1043720092,17674.312574,16673.394215
1567154219,9498.045702,9498.045702
3555619913,inf,23356.143810
885304635,inf,8000.000000
3746013456,8866.857788,9186.218809
547637417,8577.273731,13000.000000
2166409569,14368.889570,14327.942231
2791293110,23166.959054,26081.771022
3319972661,12847.826186,12847.826186
2411261568,9480.363747,9483.997374
3728884306,inf,31092.574437
1976531598,5678.071905,4415.037499
3493939556,31027.605203,31160.607984
3583686209,31027.605203,31027.605203
1544140407,inf,17896.712192
2084726947,20806.526853,20808.633773
3334769441,19942.515881,14896.712192
1639961174,8830.074999,8830.074999
1851543185,415.037499,inf
103212837,14841.006155,11755.206092
4127510207,inf,31027.605203
3516888846,11581.093269,11581.093269
922343859,31900.666330,31027.605203
3095031659,inf,17558.329561
2761107912,10218.640286,inf
3504640344,inf,9000.000000
1315419394,inf,31027.605203
381147272,inf,31027.605203
541773434,12061.649242,12061.650919
1182532299,20400.087158,12561.440442
4274626467,nan,inf
2438058698,9385.290156,8896.712192
1004610072,10267.165840,10269.031162
728301948,14061.642715,9564.595062
1237339170,14678.071905,8000.000000
1150556589,11192.645078,inf
3337783879,20998.591806,21256.848606
3569133709,2000.000000,inf
970664985,24415.037499,24415.037499
1900854424,21212.122941,inf
3090312428,inf,6752.072487
1721943810,11255.012130,10842.767296
499883221,inf,10000.000000
2406402453,11415.037499,12000.000000
2607461171,31027.605203,31160.607984
1826249206,18507.646055,18171.070172
3826688754,10042.842812,10035.374611
2637656699,9984.299196,inf
1200401117,8000.000000,8000.000000
1276192210,8000.000000,8000.000000
2174072848,10911.211761,8767.522859
3896270419,15389.306742,15382.073443
2103348410,12511.948061,inf
3338897917,20977.632187,21019.860422
3569202312,inf,0.000000
1195724125,9415.037499,9415.037499
915595077,9000.000000,8415.037499
379461489,25336.021788,inf
3710118439,32160.607984,32160.607984
3274673434,inf,8000.000000
2939730590,21678.071905,21678.071905
2696104077,17888.782805,17888.782805
3782699682,9825.919989,8400.087158
3556060116,10810.175441,9638.056226
109178347,12976.158262,inf
3615642312,inf,9644.344574
803677710,11842.772921,10842.767296
3090359849,inf,19851.125211
501963129,inf,10842.767296
1004643831,10263.325301,10271.016630
755088707,18530.660615,19624.098135
4064416285,10841.266040,inf
908241224,inf,31027.605203
1454519736,8205.584134,inf
803676619,11257.812602,inf
2260710985,10061.648450,10061.648450
2296299106,inf,9000.000000
922346037,32485.628831,31027.605203
1206627388,inf,inf
1624562471,18558.213559,31160.607984
728301948,10677.351343,10016.247470
2568791560,-nan,9000.000000
1727755265,10214.967116,10050.187344
1238529447,inf,11951.590124
126918763,26000.000000,14217.616009
2450055683,14606.818009,14452.261964
2145892230,inf,8000.000000
4164528832,17308.141538,17308.141538
681734883,17939.189322,16939.189322
1317876165,16771.181310,16771.181310
2256045306,8993.442810,8993.442810
1625932889,20377.970025,17689.919283
2253201746,28571.880748,30558.302383
997785307,8449.033143,8000.000000
4003721564,22830.074999,22830.074999
3015563437,20669.897974,20680.635785
2331796149,13093.109404,inf
1004650362,10271.530846,10267.422240
193101679,8982.894133,8830.074999
4084598676,21356.143810,21356.143810
1760906543,9267.862422,9000.000000
1542482327,11836.201263,11836.201263
1813284592,-nan,-nan
2792658682,inf,31027.605203
3320008598,11839.152660,11883.665711
1361910578,32160.607984,31027.605203
1232312349,8000.000000,8000.000000
3431413403,10705.350344,12687.768629
3727011108,inf,31027.605203
650553370,17537.193056,-nan
2137129649,8362.196914,9000.000000
1640429690,8000.000000,inf
1152813166,inf,11000.000000
3864596843,9988.772745,8000.000000
3587803799,8000.000000,8000.000000
4050006892,10306.513043,10891.475543
959619126,9708.888792,10722.499090
651073337,31027.605203,17833.652575
1626004763,21987.475129,15896.712192
2645994078,31027.605203,31092.574437
1723263133,10116.780801,8848.287802
4004916400,6000.000000,4415.037499
3557849304,17537.193056,17537.193056
1807193333,9000.000000,11000.000000
1307236632,9000.000000,inf
1827578845,18000.000000,18000.000000
1312919036,11000.000000,8000.000000
309793138,24472.167607,inf
2448142870,32160.607984,31027.605203
3480215778,9454.822444,9596.027104
2564344128,20669.897974,18813.393313
2483603536,6500.177465,6500.180384
3080634164,16368.677209,16580.325701
3168898319,18607.682577,18607.682577
2326441390,inf,18536.505515
1677849139,inf,-nan
2527590426,8000.000000,8000.000000
1156287741,inf,11000.000000
3313000914,8299.560282,inf
2339907832,inf,12999.078587
719648417,11842.772921,10842.767296
1233708444,8419.937629,8000.000000
1044845287,32160.607984,32160.607984
4205048741,inf,16218.640286
2879415447,16896.712192,inf
2411218011,10035.801794,10087.966623
805376232,inf,9000.000000
3338933863,20977.632187,21154.509949
1195757884,8415.037499,10000.000000
2290258425,9272.079545,10272.079545
1354538045,11834.405465,10842.767296
499990928,inf,9000.000000
2406404628,11000.000000,inf
4110212866,inf,18909.887580
998828567,10817.351851,8165.814423
738168075,8907.242859,9907.242859
1291438920,27786.380400,inf
961985520,8693.188993,8693.027165
2175079117,8567.360236,9000.000000
3195415017,8678.071905,8000.000000
2161260052,25000.000000,25000.000000
1192053108,18267.832574,13101.667629
3767476141,9421.452600,8707.763393
3546630623,8000.000000,inf
2142782448,32160.607984,31027.605203
530425266,14583.329103,14583.329103
2091992706,8639.795005,8000.000000
2472957892,19783.254142,19783.254142
1799558735,11025.400378,inf
2345908622,21356.143810,inf
2443353307,9000.000000,9000.000000
2065489294,inf,31027.605203
4290836970,inf,25733.205454
3616265910,8000.000000,8000.000000
3235807241,inf,18346.175268
2333020185,8000.000000,8000.000000
2639097444,20356.143810,13554.860678
3878916772,inf,8000.000000
4227043955,27857.680202,30137.204167
959685553,9505.791740,9192.233521
2137237389,8846.952286,8000.000000
3157573355,8513.828214,8000.000000
2481079759,19327.192979,19327.192979
3546599045,8415.037499,8000.000000
2363787697,12000.000000,13999.995076
475822010,inf,20218.640286
1116344536,inf,31027.605203
1543991689,14935.232927,14966.920732
1198198330,8912.537159,8415.037499
2751115551,15172.452996,15029.825578
2610633047,26857.680202,inf
3128046320,8000.000000,9000.000000
2345198904,10000.000000,9415.037499
3461608226,inf,32160.607984
1975201968,5005.646563,inf
2450432899,10108.216297,9638.056226
2522588950,10000.000000,10000.000000
1851363506,2415.037499,inf
3824240681,inf,8848.287802
608317080,22077.234843,inf
2099724218,31160.607984,31027.605203
3233255778,22042.820497,inf
1006716036,25857.680202,25857.680202
1522770612,10153.296410,9101.788721
2971104961,8000.000000,8759.000842
290837396,-nan,inf
2081283528,10842.767296,inf
3087325154,10267.165840,10269.031162
4173694398,inf,31027.605203
2568611939,11000.000000,9000.000000
2761988842,9415.037499,32160.607984
2897145279,10619.197731,inf
2938876304,inf,17537.193056
189243725,inf,8000.000000
2870749821,12842.779467,12847.170252
3048078126,8000.000000,8000.000000
1835439882,inf,10000.000000
84207968,20987.871749,20473.027940
3787299234,16460.019411,17098.321462
3840823552,inf,11655.642724
2489334885,15234.164862,inf
2443318293,8000.000000,8000.000000
658837816,12660.750564,12675.484672
2608611023,31059.724129,31027.605203
2290329210,9678.071905,8000.000000
3556914913,17537.193056,13960.358685
2869743585,inf,11842.772921
2556132462,29291.590482,inf
4256553069,inf,15257.896810
4257595242,26266.967284,14842.858530
3810812238,11218.640286,inf
1992010333,31485.628831,inf
2376742169,18311.749691,inf
247892781,inf,14896.712192
2411255030,9801.272011,9804.675858
1757331415,inf,31027.605203
1239644280,9999.999769,8678.071905
1238313828,inf,9000.000000
3782733446,8400.087158,8400.087158
4132217958,9946.074118,inf
1868600629,18536.720687,inf
728301948,10677.351343,9564.595062
1391028361,12420.825510,inf
916665817,inf,32160.607984
4237941022,32160.607984,31027.605203
2182763597,10081.136763,10081.136763
997356788,31059.724129,31027.605203
2483603601,6500.177465,6500.183303
2232273742,nan,26857.680202
2446875929,8000.000000,8000.000000
2637765599,inf,19218.640286
1726820903,10130.225934,9983.620446
1233463121,8000.000000,8000.000000
63880183,inf,32160.607984
3160160857,10000.000000,8000.000000
139973870,15852.318072,15296.799349
1433973005,8993.442810,8993.442810
391222429,10839.152660,inf
3570168259,1415.037499,inf
2370851812,inf,17537.193056
3670971202,-nan,inf
3391181190,9415.037499,9192.645078
1154103632,8000.000000,9000.000000
2484483329,17157.264184,11531.958320
1316509468,9550.025208,8576.148539
1123008225,19311.749691,inf
801553071,16126.497757,inf
131842131,inf,20218.640286
539417115,21371.016025,19937.831179
3436372604,9507.659230,9481.865888
1796211412,inf,31027.605203
2473281190,19265.502058,19783.254142
1801678983,8192.645078,9312.144617
2367203699,8000.000000,inf
2087061763,inf,29272.717701
2472414470,9415.037499,8540.568381
434903053,10125.916878,13421.627309
458667851,16679.802024,16764.121754
4124207584,16923.967328,inf
2339619362,8000.000000,inf
3436480479,9408.589662,9408.589662
3632161772,31027.605203,31160.607984
3897528214,15158.042601,15148.250959
1271437939,8592.323402,8804.643113
535025165,inf,10842.767296
2095766091,8628.471265,8000.000000
2063840370,inf,13073.996100
605945178,inf,-nan
1195691457,9415.037499,inf
1161369444,10415.037499,10000.000000
1274000094,inf,9415.037499
3020445088,9111.335776,9277.641512
3771069875,inf,31027.605203
3781144860,10830.074999,11830.074999
3553616396,9854.067854,9865.573680
2482410297,10000.000000,10000.000000
1005783249,20614.492536,inf
2812140458,18899.598628,18948.926087
2644877852,31027.605203,31092.574437
1682941861,8729.217046,8192.645078
155295927,11977.766439,inf
836841802,32160.607984,32160.607984
4260055143,-nan,8000.000000
3003217519,inf,31160.607984
2481262491,inf,11000.000000
3063998619,20333.392675,inf
2098066059,8694.177861,8000.000000
3436480479,9409.375185,9408.589662
2970134594,8335.156590,8848.287802
3758561619,31485.628831,31027.605203
3262574186,nan,inf
3894795020,10000.000000,inf
3398279387,inf,14415.037499
1977394087,6000.000000,5415.037499
1325827362,31027.605203,31027.605203
3782841259,13000.000000,13000.000000
995379701,9848.287802,10943.042758
4206676736,13218.640286,inf
1601113275,9848.287802,9848.287802
634154295,31027.605203,inf
3205153982,9000.000000,inf
102170626,14841.006155,12603.050404
3516888785,11581.093269,11581.093269
2972419551,12218.640286,inf
709646831,inf,31027.605203
2445502996,9415.037499,9000.000000
2798808785,inf,16896.712192
4159569526,15000.000000,15157.808907
678141185,16129.368523,17129.368523
455788555,9664.023230,8199.673019
2066649439,32160.607984,inf
3856261640,9312.144617,9343.969663
4133228550,8714.597718,8000.000000
3315140853,29604.205620,31027.605203
3927867505,25565.923235,inf
2337529455,15882.270183,15897.765728
1682520852,18552.244152,18625.901320
561994227,23396.846121,inf
2521471638,8534.146666,8272.079545
1990428801,8415.037499,8830.074999
2344947307,10000.000000,9678.071905
3583614401,31160.607984,31160.607984
3470602026,13863.409336,9000.000000
2296109620,inf,9000.000000
2084725858,20806.526853,20807.579929
3334769441,19942.515881,15853.759500
3205082108,10000.000000,inf
969515067,17254.860474,17254.860474
3090132744,inf,8000.000000
4048614977,25857.680202,inf
3398188869,8000.000000,inf
2567802054,inf,nan
380141033,inf,10000.000000
1199066263,9000.000000,8678.071905
2751151586,inf,15029.825578
3398207513,15540.568381,12334.664083
2793047192,4912.537159,inf
3766499501,19732.743847,inf
2332987515,8000.000000,8000.000000
2528696064,inf,31027.605203
878759689,9029.894109,8455.035567
1260874927,inf,17218.640286
3584719487,8000.000000,8000.000000
3724818918,8678.071905,9000.000000
381833367,inf,inf
631981553,7678.071905,inf
2088093473,32160.607984,32160.607984
2641182879,17167.109986,inf
1547477604,inf,10842.767296
1817007727,5000.000000,inf
1037887731,9555.452618,9555.452618
3966336277,23546.282033,10999.801890
1584677213,19001.787894,inf
2929514,inf,-nan
853258840,22192.645078,24000.000000
997357877,31092.574437,31027.605203
337304163,inf,13000.000000
2483639473,6500.177465,6500.200817
1257728685,31027.605203,inf
3589464262,6000.000000,6000.000000
1198099233,8496.174262,8415.037499
348121168,11000.000000,10093.109404
1831463428,26594.471703,inf
693622749,14476.706362,15478.987766
964284399,8134.076475,8134.076475
2341087220,21052.758690,20966.447547
2528776347,8000.000000,8000.000000
540603005,22635.268409,20730.979608
764798233,inf,17051.021825
695745110,8192.645078,8192.645078
2050665224,8178.499677,8180.625768
1742105248,inf,31027.605203
4110246623,inf,31027.605203
694933558,19579.701189,inf
3134119602,inf,31485.628831
1522842521,8870.467691,10165.885807
80141936,20806.526853,20068.595543
2971212706,10549.684570,10601.786841
875201955,8414.071051,inf
1720321307,inf,31027.605203
2761860707,23166.959054,26081.771022
3319936724,12847.826186,12847.826186
1718988012,inf,inf
2411255030,9806.380797,9804.675858
2291365938,9000.000000,9000.000000
3465253329,10238.960271,inf
4294322896,24400.537317,inf
1288989755,inf,inf
3265347519,inf,31027.605203
1838871898,19343.675446,19347.041430
956658249,inf,inf
2567724234,19327.192979,inf
1160586306,19388.827620,19388.827620
1116233659,inf,8000.000000
1126662621,21890.936808,22287.736187
1704147368,inf,32160.607984
1233516353,9870.716983,9135.813855
2439912305,15205.584134,inf
1798451611,inf,23356.143810
848279035,9285.754482,9285.754482
1718916065,inf,10867.982320
3549112455,9000.000000,inf
3437522618,14000.000000,8000.000000
2524032665,8415.037499,8000.000000
4010190713,inf,31027.605203
2337574104,14992.587025,17308.141538
736280031,22748.842082,inf
756422730,13022.113668,13842.858807
2448214744,inf,31027.605203
3480287622,9098.999964,9596.027104
2564351749,18447.505552,21713.337235
4127583174,31092.574437,31027.605203
1146407832,21192.645078,22415.037499
1843516717,27289.506617,inf
1311726585,inf,14000.000000
2483603643,6500.177465,6500.189141
2373336912,inf,17537.193056
1803326936,26594.471703,27039.471441
541513163,16918.936804,inf
2938796230,21678.071905,21678.071905
4225284964,inf,18745.284999
3808731847,inf,31027.605203
996311889,9848.287802,9848.287802
3810169363,9000.000000,9358.905523
3785250128,9803.893682,9803.893682
1205405472,15347.605680,inf
964429239,8566.124402,8566.954867
4241613766,20998.005886,inf
2530968504,8000.000000,8000.000000
3546629537,8000.000000,9000.000000
3015383758,20600.945154,20727.847411
4003721564,22830.074999,22923.184403
2129978115,8668.235507,8000.000000
2440358664,9385.290156,9385.290156
1455525935,9093.109404,8000.000000
2250006804,9192.645078,8000.000000
3826578764,10058.343810,9359.369003
1195729302,8000.000000,8000.000000
4004880497,6000.000000,5000.000000
3047862577,8000.000000,8000.000000
1807157426,9000.000000,9678.071905
2793664923,inf,28119.000938
3320188322,13393.303999,13393.303999
4256624952,15842.860873,14842.858530
1605031712,8715.308959,8716.432105
1236148893,9028.899371,8684.012179
653761010,inf,31027.605203
1562912247,8192.645078,9597.667437
3856269263,9392.343198,9405.365937
4133296068,9192.644990,8000.000000
2406465380,inf,31027.605203
394815998,8192.645078,9808.264165
3629608067,inf,9000.000000
2376598417,12633.677786,12703.083793
3826578764,10058.343810,9686.696932
2724370502,6000.000000,5415.037499
3556914978,17537.193056,13022.113668
2869779554,inf,10842.767296
1838898031,19346.807582,19346.963476
1856143119,7000.000000,inf
1467127387,25313.499473,inf
1123260035,-nan,inf
4245135524,21678.071905,inf
3087868751,9218.640286,9218.640286
1415044589,20093.109404,19218.640286
3858707534,9684.858384,9851.960700
1271437939,8407.279278,8804.643113
2489516591,19909.887580,19909.887580
2894235650,10917.162354,10883.050834
3998969172,31027.605203,31027.605203
1671971630,14969.332864,inf
2860453598,10114.795661,10848.287802
2084587550,20864.057014,21515.440626
4056076669,17944.246018,inf
2374426963,inf,31027.605203
3220320269,inf,8946.073980
960699411,9217.673005,inf
2169041634,8536.315911,8000.000000
3864636047,10299.560282,8000.000000
4253838010,-nan,9415.037499
3118509974,9000.000000,10000.000000
2975956388,11406.308793,8848.287802
3767512081,8464.770213,9000.000000
657282900,31160.607984,26137.204167
4205418908,inf,15218.640286
3822016943,8848.287802,9550.718203
1269362307,8595.357342,8595.357342
995406930,10295.341165,10294.223922
1215640164,8000.000000,8000.000000
3472385502,inf,9000.000000
3627489965,-nan,nan
1875533209,22582.914672,21356.143810
685562407,8479.381319,8546.729366
995409108,10294.223922,10303.785655
3264796705,8803.907090,inf
3436480479,9408.589662,9408.589662
2149682353,inf,31027.605203
2063876376,inf,inf
2325192374,31160.607984,31027.605203
3898173036,inf,9000.000000
2286807382,14746.501893,13643.530835
2639098533,20356.143810,12561.342986
997570776,9655.681955,9057.562663
22427469,nan,inf
959685553,9906.986458,9192.233521
653445183,31160.607984,21507.250860
1268070484,8000.000000,8000.000000
2941940114,inf,12000.000000
165651157,20392.669686,21392.669686
2645030318,19870.716983,21607.682577
1270503575,9714.019894,9000.000000
3858560519,9767.509200,9390.809434
2187255752,11000.000000,9000.000000
2854344305,inf,9000.000000
1986240870,32160.607984,31027.605203
2368389514,nan,-nan
1690021509,9213.614802,8000.000000
2724263780,7564.595062,inf
3739006829,inf,8000.000000
2491797274,8000.000000,8000.000000
4127469914,31129.209979,31027.605203
4032576068,9848.287802,9848.287802
2147526133,inf,31027.605203
1968435903,12142.394484,11842.779467
631981595,6678.071905,inf
884190546,inf,11000.000000
1157636047,32160.607984,8000.000000
2062402890,17537.193056,17537.193056
2255971254,8993.442810,8993.442810
1619931475,14896.712192,inf
966963504,15977.632187,16356.143810
3087868679,9218.640286,9218.640286
2490518827,10218.640286,10218.640286
3034442856,14378.244221,15672.127704
3864534770,9823.826851,inf
1794885007,31485.628831,31027.605203
307548360,15000.000000,inf
2452724149,13415.037499,9933.910810
1044834138,16257.898372,inf
1117306323,10000.000000,10000.000000
2953584476,15892.292518,15894.746220
921520878,19170.382481,10842.767296
3586330380,8000.000000,8000.000000
2400652543,19218.640286,19218.640286
1233674688,8590.398052,8566.279268
1968611230,16245.042071,16568.584784
3823098320,9960.927397,8848.287802
3966372256,8000.000000,23546.282033
2482410297,10000.000000,10000.000000
2373186630,inf,22212.134322
4208606477,25272.717701,inf
2812104521,18899.598628,18924.051547
1151847228,11827.572491,10411.285364
4293208911,27830.074999,27830.074999
1288924419,27786.380400,inf
3236705668,20355.740522,inf
997748283,9081.642223,9084.839308
2908950886,14211.413466,15211.407765
2008935811,31485.628831,31027.605203
1156378252,10000.000000,10000.000000
3686833606,inf,9000.000000
1122129507,16349.451921,10951.590124
3824059910,10585.407310,8830.074999
1234682010,8619.940477,8594.482506
3633144981,inf,31027.605203
1756685859,8134.076475,8134.076475
3807833459,9213.658846,8000.000000
2522846740,8000.000000,8000.000000
2337570837,14992.587025,15225.379827
2609509448,31092.574437,31027.605203
2902804648,8895.433064,8895.433064
710099609,8000.000000,inf
2146747064,inf,31160.607984
1232306904,8000.000000,8000.000000
1720542263,25353.636955,25353.636955
1316509468,9238.489752,8576.148539
2338678346,17308.141538,inf
801525846,16126.497757,16550.119445
4237869244,33160.607984,32160.607984
3467661099,10093.109404,9445.411148
2082397571,25348.256807,20428.653963
3847867240,inf,31027.605203
3623684996,8000.000000,8000.000000
4221925986,9000.000000,8000.000000
2871534689,22302.337367,22302.337367
2894020028,10350.997638,10388.415312
109666033,inf,nan
85259943,18843.252093,18776.517808
2373229101,18300.681959,17537.193056
1768220387,9067.880851,9067.880851
2913407038,16198.397280,17005.482517
1004610072,10267.165840,10269.031162
2290397817,10000.000000,-nan
2878505382,15076.672515,15120.799682
3091777517,nan,inf
2413471956,8000.000000,inf
3195415054,10000.000000,8000.000000
1975309740,4912.537159,5105.182237
2564119850,9272.079545,inf
1726677220,10034.793015,10050.937777
1144438987,20400.087158,8984.647646
738204006,8907.242859,inf
1151742446,10192.645078,inf
397133258,10992.386503,10619.704308
3331359782,inf,inf
4110213954,inf,17870.716983
998891732,8353.191624,8000.000000
3896270586,15382.073443,15411.226815
2413774980,9678.071905,9678.071905
2682647645,inf,22748.430174
3552286796,10261.907740,9000.000000
4287422953,25190.014782,inf
3587767928,8000.000000,8000.000000
1605103622,8000.000000,10196.611827
1601581833,10142.977704,10722.499090
2136087405,8743.131958,8000.000000
2941856656,21967.578522,inf
1972067716,32160.607984,32160.607984
1561977914,8903.440136,9597.667437
2774421692,8721.029053,8000.000000
971814933,22192.645078,25000.000000
3090384344,8000.000000,9000.000000
2527480737,inf,9000.000000
2376563573,14775.998326,inf
574942196,16063.822177,17446.850724
961023928,10108.588586,8944.315083
1237194336,10020.005503,9225.529008
3670827454,nan,-nan
1837461643,8420.613909,inf
4231240373,inf,inf
1105083592,9000.000000,8000.000000
1040162303,17606.426291,inf
2747894439,inf,27794.095701
3089696996,10263.325301,10270.982355
2296423341,22437.063806,inf
3892350878,inf,28857.581187
2529782583,8000.000000,8000.000000
1388656453,inf,31027.605203
1641910078,inf,22356.143810
2819547581,32160.607984,31027.605203
3015773278,11518.481322,11151.234244
4057230194,9891.475543,9891.475543
2138387373,9029.312694,8000.000000
3972993869,8000.000000,8000.000000
3778701142,9285.754482,9723.875595
1271537838,10733.213459,inf
3622714697,8000.000000,8000.000000
3253741753,31027.605203,8000.000000
1682520951,18552.244152,18703.522357
562066104,22396.846121,inf
4068117758,9040.932880,9040.932880
1990464776,9415.037499,8415.037499
2337608535,19448.277453,inf
3020445088,9111.335776,12066.194405
4260019206,9000.000000,8000.000000
3128118185,inf,8000.000000
3708896646,32160.607984,32160.607984
2441908207,10000.000000,9000.000000
1146144233,inf,9999.998481
315340652,10000.000000,10000.000000
3787371145,16892.470182,16728.739983
2725420298,11564.595095,inf
887758326,15896.712192,15896.712192
2146162565,11000.000000,8000.000000
2645892801,inf,19218.640286
1271440117,8407.279278,13163.789343
732130658,10101.020548,9388.975203
4241434119,20982.140428,20966.447547
4287315142,25501.150021,27348.256807
3587660054,8000.000000,8000.000000
2636581853,10997.882728,11564.595095
2413768447,10000.000000,9830.074999
1359612784,21857.581187,17745.284999
1233588227,9870.716983,8000.000000
2260710947,10061.648450,10061.648450
2763318506,10000.000000,9000.000000
1002490875,10263.325301,11267.968637
922346037,31027.605203,32160.607984
1726677220,10034.793015,10067.265257
2637693722,14539.740934,8000.000000
3617272137,8000.000000,8000.000000
4002571581,19311.749691,15289.785485
1079498421,32160.607984,32160.607984
2895370614,19388.827620,19388.827620
3820510856,8870.467691,9377.416747
2971140838,8000.000000,10412.402865
3758633426,inf,31027.605203
817401503,15896.712192,14896.712192
2330645079,10000.000000,10000.000000
192203293,8905.060473,inf
1948310900,18238.128094,18327.282522
1760726860,9137.331628,inf
3185106342,19327.192979,inf
3856227881,9321.510670,9322.185422
3252268365,31027.605203,8000.000000
3782881552,inf,8000.000000
2550238863,13000.000000,inf
3930418999,31027.605203,inf
536139211,inf,11842.772921
2096916075,8654.320326,8000.000000
3800502275,10848.287802,8000.000000
277319336,inf,10000.000000
1884240785,20896.712192,20877.172005
536074934,21264.674764,21342.113193
539453087,22577.935234,19937.831179
3436372604,9481.865888,9481.865888
2698090199,9335.407559,32160.607984
651281360,inf,31027.605203
2739850405,9171.836375,inf
1267979936,inf,10000.000000
3319936724,12847.826186,12847.826186
2452653370,10810.175441,10810.175441
1042570112,16516.065393,inf
4132322502,8795.428756,8999.999846
2379010319,12218.640286,inf
3549470327,19142.019005,19142.019005
3889226738,18218.640286,18678.071905
3131687399,10532.394450,10532.394450
3856227881,9321.510670,9322.860489
281111329,inf,31027.605203
2644743907,20678.071905,19218.640286
3768446501,8761.648660,8218.680516
4111575203,26857.680202,24857.680202
2527409952,8895.659810,9000.000000
3570315274,6000.000000,inf
4212379891,inf,26857.680202
3443090802,18530.660615,inf
1987949121,8944.717564,9359.755064
4064416351,9840.252269,inf
1004650362,10271.530846,10270.502597
1900890320,20066.015498,inf
3090348339,6000.000000,8415.037499
1802413775,inf,10000.000000
2535547984,18896.712192,inf
244529921,24857.680202,inf
1727755265,10214.967116,9902.313688
4253873948,8415.037499,nan
3738746558,32160.607984,9000.000000
3590120772,inf,inf
272539814,9292.640868,9000.000000
2974575763,12218.640286,12218.640286
4220919719,8415.037499,inf
1143664683,10000.000000,inf
3160160957,inf,8000.000000
139973969,15896.712192,15809.249350
2005202721,31160.607984,19557.981584
3587588180,8000.000000,8000.000000
536038997,21264.674764,21302.874465
3432850816,8000.000000,12824.112430
536949159,22577.935234,20723.188257
3436372604,9481.865888,9481.865888
2567940357,inf,9714.597781
3777890666,9848.287802,9848.287802
2486981714,8000.000000,6678.071905
1198027361,9000.000000,inf
2855962779,9169.503746,9731.690258
1190977430,20218.640286,20218.640286
649259606,15842.684508,15842.684508
2445654130,8000.000000,8000.000000
3929125234,22669.897974,22669.897974
1968433725,12842.779467,11984.823008
2094544233,8434.203525,8000.000000
3042621524,27896.121792,27896.121792
247964562,19356.143810,19356.143810
1837574897,7420.613904,7420.613904
3672085178,-nan,inf
1837573807,7420.613904,7420.613914
3553956595,31160.607984,31027.605203
2484627140,17430.476629,inf
3584726021,8000.000000,8000.000000
3726939271,inf,8000.000000
1829986660,inf,21891.364173
1237020879,9192.645078,9192.645078
1727755265,10214.967116,9645.495684
499555342,14741.386008,13520.898809
1234641717,8441.808204,8000.000000
2679095327,24038.145439,inf
2131128099,8718.279929,8000.000000
612142984,inf,8000.000000
1464663174,15287.004110,8000.000000
2179188572,inf,8000.000000
306685872,15192.645078,16000.000000
3502196526,inf,31027.605203
2522468738,14829.969690,12521.690321
3337963588,20998.591806,20998.591806
1818229586,1000.000000,inf
3091633905,nan,inf
333437993,inf,17537.193056
690874980,12000.000000,12000.000000
2510256129,inf,10000.000000
2953584476,15892.292518,15894.746220
1234927035,8692.621824,8611.934039
1797698999,22737.317858,24415.037499
3196680178,26857.680202,inf
2028083091,18300.681959,18300.681959
3344325286,8000.000000,8607.347168
2820096381,9158.968344,8000.000000
1120019121,inf,nan
1150040744,31160.607984,31160.607984
538690735,16319.382422,inf
2099359791,8593.118355,8000.000000
2447946176,24857.680202,17537.193056
2930711712,10873.953428,10920.706107
2177379085,8985.979530,9000.000000
728301948,9958.492106,9564.595062
2081207295,10842.767296,inf
3380085998,31059.724129,32160.607984
501927192,inf,11842.772921
2090806785,8620.824578,8000.000000
3316468136,inf,31027.605203
3770854216,8347.944607,8252.793924
1456623697,23508.146904,inf
3017102947,11384.433512,12066.345053
2082251647,26733.205454,inf
3616122188,8000.000000,8000.000000
3818347013,inf,8000.000000
2925734119,inf,31027.605203
3739971682,8299.560282,8347.155027
2286590671,20415.037499,inf
139973870,15852.318072,15770.007719
1745922408,20557.517747,21619.064610
710063665,9000.000000,inf
2147310539,32160.607984,31027.605203
1968432636,12842.779467,12350.977790
1726713085,10055.061749,9238.266546
1232564691,8000.000000,8000.000000
2914736676,14900.672310,inf
1662547846,30137.204167,inf
2908950818,14211.413466,14626.449065
4002571581,19311.749691,16203.605441
501361011,15076.672515,15381.614498
1695671961,31027.605203,31092.574437
2182655784,10081.136763,10081.136763
2335127233,9000.000000,inf
1599102107,9586.537170,9412.528277
2134721870,8219.902447,9000.000000
620167516,15896.692309,31043.575284
996345648,8848.287802,8848.287802
976135191,9000.000000,9000.000000
4287387016,26190.014782,inf
3479101801,9351.398922,inf
997353521,31031.581181,31027.605203
346328791,inf,14218.640286
2637708738,23000.000000,23000.000000
1695669783,32160.607984,31027.605203
2181541737,10081.136763,10081.136763
2301376256,17347.605680,inf
3217876619,10361.111618,inf
2515794725,11218.640286,inf
1797043103,13173.451513,8960.566834
2900468742,8947.264610,8947.264610
301251146,-nan,10842.767296
291699884,nan,inf
659951857,10711.447796,14534.709510
3901549258,inf,26857.680202
588128795,18282.349899,13022.113668
3259161260,21771.181310,inf
2452586941,10810.175441,10810.175441
1042498176,16952.346609,17393.931686
3130681199,10532.394450,inf
1035952535,15218.640286,16218.640286
3630665397,13415.037499,9000.000000
2701432339,9321.510670,9321.848007
4133218749,8313.499473,8999.999846
3782880463,inf,9000.000000
3134191507,31027.605203,inf
2084868516,19327.192979,19333.392675
3003181582,32160.607984,31160.607984
1884204786,20896.712192,20891.802277
3685975532,19508.146904,inf
2681382246,8983.191712,inf
2132278083,8802.601549,8000.000000
1269184494,32160.607984,8999.999923
2608061796,19633.677786,20484.300162
4013387149,10777.997590,9000.000000
3127183764,6000.000000,8415.037499
1359612784,17745.284999,17745.284999
884976688,8642.447995,8415.037499
2751115551,15099.377454,15029.825578
2644674963,18943.018373,19549.159270
2860525442,8980.140288,10848.287802
3589501287,8000.000000,8000.000000
71948304,20515.440626,inf
2644639022,18943.018373,19214.486867
2860489505,9630.860021,10848.287802
3479101735,10351.398922,inf
1986061291,31027.605203,31783.998808
3017935279,20558.025528,20645.180877
3892207135,32353.636955,31353.636955
4127578818,31129.209979,31027.605203
2577435566,31027.605203,32160.607984
3857519432,9555.452618,8000.000000
1310861918,15000.000000,inf
2725419209,12564.595095,inf
63881275,inf,31027.605203
3160160919,inf,9000.000000
139973870,15852.318072,14896.712192
696931028,inf,31027.605203
533144196,19327.192979,17253.810165
3020552899,9025.817347,9202.244677
1639423459,9000.000000,9298.357857
2169149483,8770.841970,8000.000000
4053528680,10891.475543,10891.475543
1602695873,9722.499090,inf
540333774,31160.607984,16833.722776
2408988593,inf,31027.605203
3323511785,inf,31027.605203
3863275840,18469.877003,18530.993158
425808788,11842.779408,10842.767296
2435906952,inf,31027.605203
2206991107,12678.071905,inf
1716544258,8000.000000,8178.599693
1641200330,10000.000000,10000.000000
1348550761,inf,31027.605203
1608085121,9690.746450,9352.330268
1432715181,8993.442810,8993.442810
3966336349,23546.282033,9999.922475
2408938152,inf,31027.605203
3046676586,8933.910810,8000.000000
1189722648,inf,12476.438044
2256013725,8993.442810,8993.442810
2761104647,inf,10896.712192
3670971134,-nan,nan
3391073414,9415.037499,9299.560282
2520323829,4415.037499,6000.000000
544079783,8566.271097,9000.000000
3119587951,9000.000000,9000.000000
2255941851,8993.442810,8993.442810
1619068922,19146.079734,18530.811340
1703182508,inf,31027.605203
2410000506,inf,9000.000000
4151240042,10555.452618,9976.765443
1761796008,24273.317379,inf
2338981767,9624.960569,9000.000000
2493351613,nan,inf
1359571403,18274.873192,18494.827527
3810061513,9464.554392,9000.000000
996311889,9848.287802,9848.287802
298096862,16000.000000,9000.000000
2413774980,9678.071905,9678.071905
2498239139,inf,inf
263705158,inf,31027.605203
957358362,12415.037499,9000.000000
4254053664,9000.000000,8000.000000
585730703,8844.042877,9000.000000
2815176845,inf,31238.516302
354458747,8192.645078,9500.041628
3768446501,9000.000000,8218.680516
2980016029,11000.000000,9830.074999
3694230562,14415.037499,9000.000000
1120564511,inf,inf
2680232164,9500.293699,9000.000000
3549000956,14295.437664,14295.437664
1584677213,19001.787894,19416.825393
2749757,14094.923003,14094.923003
2161920708,16377.694542,17398.693871
278505291,inf,9000.000000
873758124,20327.192979,20333.392675
1687938374,8086.541523,8000.000000
3314186801,8000.000000,9000.000000
1764052945,9502.282741,8000.000000
1307235543,10000.000000,inf
2297510433,10192.645078,9000.000000
3788595536,9848.287802,9848.287802
3814370035,12805.394874,31027.605203
3588247846,inf,31027.605203
3588142217,8000.000000,8000.000000
2610408662,inf,14022.113668
2480716051,10987.751204,9000.000000
811551420,inf,9000.000000
3856991249,18505.144416,18873.295527
1972174441,31160.607984,27137.204167
4205347001,16218.640286,15218.640286
3822016943,8848.287802,9158.740024
995406930,10295.341165,10485.842229
1269362307,8595.357342,8595.357342
1543919810,14872.675733,14966.920732
1091276081,31027.605203,inf
800374772,14710.892939,14717.492362
2337528366,15889.997151,15897.765728
2368491093,10830.074999,9000.000000
3157754966,21455.344675,inf
465880739,13414.560613,9000.000000
462225650,16679.802024,16679.802024
699302873,12145.245224,12145.245224
474254098,8000.000000,13640.250440
465891189,16495.271280,16744.327609
2645927647,31027.605203,32160.607984
2023591029,16644.266394,16855.063044
2412375616,inf,9000.000000
4004017947,5678.071905,4415.037499
3826578764,10058.343810,9860.586008
2446639818,20066.015498,inf
4003748790,inf,17311.749691
2938310402,10589.681158,9000.000000
3862305590,9848.287802,9848.287802
923892716,11257.816907,11257.816927
2435008588,inf,11218.640286
4196574567,32160.607984,31027.605203
200217173,8469.636539,9166.461803
1682157304,31027.605203,inf
2748359477,26857.680202,31027.605203
3358209629,9848.287802,9925.174593
2344758700,21771.181310,inf
2108248964,11000.000000,inf
1034254827,8555.987049,8778.958660
1572452843,inf,9000.000000
2287954101,15072.466226,inf
3820719947,9848.287802,9848.287802
2677916690,inf,14896.712192
3677528440,31783.998808,25857.680202
1001233080,9622.015653,9625.873429
955694484,inf,inf
2181326147,10081.136763,9000.000000
3362737689,8848.287802,inf
2977967619,8733.213459,inf
2085577922,nan,-nan
2640246339,15514.429636,11564.595095
4187752062,inf,9000.000000
1804749685,9299.560282,10299.560282
3122216539,25821.416782,26063.161055
3865718513,11337.402974,11347.931194
3763882472,9848.287802,9000.000000
656060983,29137.204167,28137.204167
3821943983,9235.188668,9235.225172
550045262,inf,10000.000000
957352917,9870.716983,9000.000000
2903002975,9848.287802,9848.287802
1681514680,21022.489594,21022.489594
2521372537,8397.214158,9000.000000
2489263043,15042.342450,13476.438044
3503490256,nan,9000.000000
773673929,9912.537159,31027.605203
1154036112,8830.074999,8460.841189
3584618207,8415.037499,inf
226342678,nan,inf
3481271661,nan,nan
2824840000,9555.452618,9555.452618
3742453517,9000.000000,9000.000000
879339126,15167.109986,inf
2813398318,18899.598628,18899.598628
1273845717,9612.977686,9675.832092
3742554794,9000.000000,9000.000000
1352490724,18290.297763,18872.541759
1034331060,9040.932880,9040.932880
1605371135,inf,9000.000000
2288033598,14796.716527,13420.825510
2868509261,22065.631096,20851.125211
955048590,inf,9000.000000
4110246623,31027.605203,32160.607984
1505803289,19014.997889,inf
2872691211,18090.481886,16218.640286
193173553,9984.158101,inf
1229905391,8000.000000,8000.000000
1145732776,20218.640286,12561.018178
2093286438,8579.591861,8000.000000
1968395610,14741.386008,15855.444033
2083654276,24078.758317,24425.012132
194467218,9164.504438,8819.183402
2367485949,9570.331735,9000.000000
2879736774,inf,31027.605203
728301948,11384.632971,9564.595062
1238331910,8000.000000,9000.000000
2084579930,inf,22570.132887
2375640148,inf,23503.450117
2561794039,10176.035742,9000.000000
332036425,inf,17537.193056
2934788580,9471.362756,9000.000000
2482446234,inf,9000.000000
2099751443,31027.605203,31027.605203
1200907553,19388.827620,19388.827620
2413448281,9912.537159,9000.000000
2217032047,16167.178766,inf
3773849751,12383.451156,9000.000000
3016098087,11598.747277,12169.168579
2561907295,12185.417534,9000.000000
2644702529,20870.716983,22607.682577
1650778244,8000.000000,9715.326439
2293747581,9228.568344,9000.000000
4201141531,inf,31027.605203
3548893145,14295.437664,14347.605680
1122129507,16349.451921,11918.067843
3315138462,inf,9000.000000
482340828,inf,31027.605203
2974791385,inf,31353.253062
2481153585,10912.537159,9000.000000
873687343,22335.976397,inf
3008077360,inf,32160.607984
2974755519,10218.640286,inf
273653767,9660.149997,9000.000000
2414909488,inf,20806.006249
2412393707,18939.304068,12499.705831
1386474673,20733.213459,22192.645078
3508233940,inf,9000.000000
585550957,8843.979899,8919.915069
844067629,inf,31027.605203
2640244161,15514.429636,14032.189560
2100719529,11678.071905,9000.000000
2754021312,19218.640286,inf
4025352859,11778.602371,inf
2444467356,8831.327882,9000.000000
1451138524,24893.073676,22704.249052
1194396636,inf,9000.000000
2560831363,10176.035742,9000.000000
348259070,inf,9000.000000
1443915153,22775.299871,24489.970220
123276087,9848.287802,inf
3159981136,8323.945873,8323.161394
959799900,10128.218721,10218.033934
2953584476,15890.822297,15894.991820
2127458252,23806.551791,27857.581187
690839041,12678.071905,8000.000000
606177481,inf,11476.438044
1102711752,10827.835488,inf
539804889,15143.518775,14884.371414
579954045,20835.602891,31027.605203
2178216357,31160.607984,31027.605203
3930383104,31027.605203,32160.607984
2148748017,32160.607984,31027.605203
3896915272,10000.000000,10000.000000
2407641153,inf,31485.628831
2081137603,10842.767296,inf
1874276501,23437.063806,21356.143810
1360578727,17745.284999,17745.284999
3114079245,inf,17065.668285
2119116475,20806.551791,21642.208402
2677916690,inf,17896.712192
1527298771,9848.287802,9848.287802
2127242567,16844.182665,inf
580006960,14022.113668,inf
3087828092,inf,18065.668285
1538646432,inf,31027.605203
2119115386,20806.551791,21164.702495
2677916690,inf,18896.712192
2085736448,inf,18745.284999
1001194968,10285.547310,10285.547310
4227725413,inf,18745.284999
2900612593,8895.659810,9000.000000
1161404292,inf,9000.000000
2413463249,12459.431619,12459.431619
2127246945,23166.959054,23166.959054
995233776,10228.847146,8000.000000
2933663053,22743.576848,22143.150087
1042627062,11054.645416,inf
2086961575,30272.717701,inf
2301032260,inf,9000.000000
1703065853,nan,inf
1036810713,10484.660809,9555.452618
2337831781,inf,8000.000000
3861152339,9848.287802,9848.287802
1432571433,8993.442810,8993.442810
40950856,inf,nan
1619068922,19146.079734,15896.712192
2441941965,inf,9000.000000
1995450256,inf,17558.329561
3088946793,7752.072487,8415.037499
3167132599,8323.161394,8323.161394
125804752,18217.820806,inf
3788590091,9848.287802,9848.287802
3812177846,11804.051137,10218.640286
2857436162,8765.990514,8765.990514
2226418028,inf,18717.786957
2177768349,inf,8000.000000
1793043420,17900.323445,inf
1724413120,10116.780801,9896.020108
3740113252,8259.609930,8481.811264
2338793126,23356.143810,inf
1878980983,inf,23356.143810
2183697957,inf,8000.000000
2188513519,inf,8000.000000
1235938716,8802.601549,8636.940521
1236079197,8742.908421,8623.085610
1715870425,-nan,inf
656060983,30137.204167,28815.276073
995379708,10650.863770,10294.223922
1236114045,8846.471896,8646.283891
651181213,15875.408678,20508.146904
1235903868,8717.394535,8617.436912
3452793692,21131.260470,inf
2953584476,15892.292518,15892.292518
1206048252,8000.000000,8000.000000
271579830,21517.343277,22887.299867
998752339,10329.474470,10337.750613
539804785,15143.518775,15143.518775
1235869020,8666.977496,8605.624077
3930347093,inf,31238.516302
1234892187,8652.978439,8602.482854
539417075,20483.326241,19937.831179
3587516301,8000.000000,8000.000000
4257810930,inf,11842.772921
2797222681,inf,31027.605203
531575211,14741.386008,14741.386008
1234782198,8579.591861,8584.451409
3577058775,inf,31027.605203
1268103420,inf,9000.000000
2510148354,11000.000000,inf
690731228,8944.717564,13678.071905
1236004056,8618.639283,8593.461309
1234967328,8592.935135,8587.367577
534054866,inf,10842.767296
1234857339,8628.471265,8596.445944
1968585094,16319.382422,16319.382422
1235830905,8636.833428,8549.985988
2644809245,31027.605203,32160.607984
1681540277,8686.236901,8686.236901
1567637389,8861.928558,8929.408331
4017915145,8539.352133,9000.000000
620131617,31043.575284,16896.652543
4055792711,9891.475543,inf
1192063791,8848.287802,8848.287802
1831789042,32160.607984,31485.628831
998354359,31027.605203,31027.605203
1238273535,inf,10678.071905
1870444083,inf,31027.605203
2451521319,31160.607984,31027.605203
1155192339,10000.000000,10000.000000
2879592991,inf,32160.607984
728301948,11384.632971,10204.834402
2008933628,31485.628831,31027.605203
3549069984,10000.000000,10000.000000
3476163240,15842.758306,15842.758306
2971684398,18254.860474,32160.607984
740611788,12000.000000,12000.000000
3379875620,32160.607984,inf
1685782187,8944.315083,inf
2177343114,14678.071905,8992.972733
728301948,9958.492106,9748.141987
1418386730,31076.055784,31092.574437
2817796384,8775.708102,8192.645078
3312485101,8607.172157,8000.000000
2899985577,8821.231960,8000.000000
1152964309,10000.000000,10000.000000
87599282,10836.232525,10836.232525
2940850449,19084.935473,20011.444408
3592918564,inf,31027.605203
3787333382,inf,8000.000000
3786334784,inf,inf
4003279615,inf,12000.000000
3669713335,nan,inf
1311909531,11864.290714,inf
376547336,11000.000000,8830.074999
1440465268,26003.799018,inf
309793036,inf,25472.167607
4127621533,14829.033888,17308.141538
3770997964,8347.956228,8163.513219
4207754846,12218.640286,inf
3267276358,9064.695261,inf
3301632130,9180.440186,inf
3190335238,inf,10994.353523
1835094157,inf,19441.024945
3040320471,11842.772921,11842.772921
1826285143,18515.932378,18171.070172
1200580799,8000.000000,8000.000000
3826688754,10042.842812,10027.944871
2759886059,14000.000000,inf
2447846254,nan,-nan
2645885176,19870.716983,19870.716983
3301596256,10180.440186,inf
504463831,9420.614066,inf
2188477611,inf,9000.000000
320139013,9063.899167,inf
103536272,15147.824358,12842.858969
510537156,7005.576404,inf
847416546,9285.754482,9285.754482
2288958159,13270.579347,inf
2768475125,19388.827620,19662.288908
4133335272,9999.999846,8999.999846
313059316,inf,8848.287802
2373150691,24078.949505,30119.000938
2810990509,18712.734433,18905.673111
1048679400,15029.825578,14266.142478
464741205,16615.191726,16495.271280
1166515911,19388.827620,19388.827620
3783852939,8848.287802,8848.287802
2482410297,10000.000000,10000.000000
1004884794,inf,25159.738303
2812068582,18809.499121,18911.773280
540329417,31043.575284,18845.960956
4048749099,10569.547448,8000.000000
2337636178,14829.033888,15591.035458
2759774981,inf,31027.605203
2783765312,10957.548451,10722.932643
1211799261,inf,32160.607984
2879841585,inf,11218.640286
86413395,10836.530135,10836.232525
2740928477,8171.126224,inf
1193455738,8607.682577,inf
2977895746,10299.560282,9733.213459
3661411888,31160.607984,31160.607984
1989350660,9000.000000,8891.475543
1156382586,21836.899888,23266.681342
4002571581,19311.749691,17772.872959
1727037931,10136.977023,inf
3294514552,inf,inf
586328286,20346.846554,inf
2815176845,32160.607984,31027.605203
4111610058,inf,24857.680202
2560597963,9303.032474,inf
1155404988,8218.672594,8218.688439
166801180,21093.109404,inf
2561979907,19084.935473,23343.087657
88533609,10836.232525,10836.232525
1451138586,24893.073676,21806.526853
1194397724,inf,8000.000000
3821696777,8730.475155,9209.192641
995119434,9696.561150,8319.698374
2495298328,26273.010697,inf
3013926810,14218.640286,14218.640286
376511404,11000.000000,9540.568381
2939664531,22530.057614,22739.294262
2879807820,inf,12218.640286
86161799,10836.530135,10836.381322
2251008683,inf,9000.000000
3319936724,12847.826186,12846.253396
1450886927,23174.818345,26905.677129
729297607,8607.682577,9607.682577
1886522872,25568.682013,28857.680202
1724142994,8117.356951,inf
499663187,12842.779467,12257.816966
1234643896,8624.415583,8279.738874
1156369842,8221.297829,8812.408469
2812083675,10775.873658,10741.329829
997783129,8207.116661,8209.016452
1639279747,9297.986732,9141.479863
2169149446,8770.841970,8334.637108
1196878464,inf,9000.000000
2196796300,19319.858694,inf
262591111,9000.000000,inf
1238152332,11000.000000,8415.037499
1448730740,22505.161022,23174.818345
1192167453,8415.037499,8546.729366
1434826510,-nan,inf
460532107,9040.679794,9047.033479
3371677641,32160.607984,inf
842067916,8678.071905,10000.000000
3774729142,20319.858694,20741.413454
3778701142,9285.754482,9488.247346
1187455607,15516.614171,inf
2852476927,9374.318839,inf
1157846526,8328.577587,8678.071905
308734219,15000.000000,16000.000000
3589288931,7457.016339,7457.016339
2200352974,31048.565534,32353.636955
3857487854,8577.528249,8577.528249
2725418120,13564.595945,inf
2452661910,8000.000000,7457.016339
2577408341,32160.607984,32160.607984
4127577729,31077.513310,31027.605203
3857487854,8577.528249,8577.528249
3892171262,32353.636955,32353.636955
3857487854,8577.528249,8577.528249
3818318699,9000.000000,9000.000000
2522586774,10000.000000,10000.000000
2823008624,12425.103428,inf
2641150205,19167.109986,12557.190955
2491966270,9000.000000,8000.000000
1234715771,8619.940477,8618.332582
3892171198,32353.636955,32353.636955
1142706320,inf,inf
4127576640,31052.343454,31027.605203
3857487854,8577.528249,8577.528249
2375630347,24000.000000,24822.255494
1455245054,12857.980995,inf
4065709983,8192.645078,9040.932880
2109291067,10000.000000,inf
2128828132,8636.833428,8283.559527
959540718,11410.379825,9647.254949
2134937422,8682.642905,8301.316645
2703732345,9405.365937,9463.576513
3255826099,31027.605203,8000.000000
3783818090,9825.919989,9825.919989
2482335156,8912.537159,10000.000000
1756649952,8134.076475,8134.076475
725737673,inf,31027.605203
1048607526,15618.101096,15618.101096
2256003928,8993.442810,15287.004110
1037955252,inf,10000.000000
3480359496,8192.645078,9596.027104
337304236,inf,12000.000000
3367221348,inf,32160.607984
2414896330,28857.680202,inf
839732009,8415.037499,9000.000000
289471796,-nan,inf
1353685358,11034.214855,10842.767296
1317905569,16771.181310,16771.181310
1150771289,inf,8644.101049
2450346637,inf,17537.193056
3555736712,10810.175441,9000.000000
3126855680,14597.558452,13677.541296
236980695,9173.682835,8000.000000
1156369842,8221.297829,8486.788347
2812083675,10775.873658,10758.498357
1001055574,10341.786449,8572.273030
3758561553,32160.607984,31485.628831
816287456,15089.357270,14896.712192
421540564,inf,8415.037499
2110441088,inf,9000.000000
3810169363,9168.320613,9837.759515
697324256,13061.662970,31027.605203
3788626028,inf,8848.287802
924342253,14896.712192,14896.712192
2894467362,8501.195582,8501.195582
1545326263,16896.712192,inf
3014918996,10420.621546,10420.621546
608405543,11000.000000,9540.568381
3594936324,inf,inf
2208356716,inf,9678.071905
1684452524,9359.405534,8000.000000
1773140919,32160.607984,inf
3897528249,15148.250959,15148.250959
727080162,31160.607984,11061.136488
1648767081,9412.528277,9000.000000
732310336,12000.000000,8000.000000
2364863635,12000.000000,8000.000000
2364829876,12000.000000,8000.000000
2645927647,inf,31027.605203
2024489364,16714.432806,16714.432806
3311227310,11675.929355,inf
2872617160,18336.441896,19245.112498
998822035,10774.777649,10705.836067
736910277,9100.643077,9100.643077
3860860487,inf,10000.000000
2149576481,inf,9000.000000
238274460,8594.293633,inf
3128129672,10532.394450,inf
165651231,20392.669686,inf
539148943,18896.712192,19192.645078
1794926522,-nan,inf
1686284030,8370.360208,8875.960638
2375595499,25000.000000,9000.000000
2795138335,19745.284999,inf
1189902331,inf,9000.000000
1268065305,inf,9000.000000
1688763679,8491.082718,9248.705299
3128033212,8442.968692,9000.000000
3695236830,13415.037499,inf
4113254666,8540.568381,8989.724291
743880204,27050.325279,inf
3782733446,8400.087158,8400.087158
2696580877,9326.809969,11335.407559
4014790676,inf,31027.605203
675661563,17682.402575,inf
2337672114,17575.619440,13000.000000
2369848846,inf,18537.193056
3696530526,31027.605203,inf
4142902691,8192.645078,8989.724291
2976673887,8675.819453,inf
4282042923,nan,inf
969443130,24415.037499,17254.860474
3196678004,27857.680202,inf
836318028,8000.000000,inf
3455913064,-nan,17211.093477
3155096713,17699.535695,17311.135152
2937791401,9348.948309,inf
812585946,14896.712192,14896.712192
1721799992,11856.913452,nan
3729782730,31160.607984,31027.605203
113968374,9848.287802,inf
3136538932,10714.597781,inf
692062819,12300.617330,12732.042916
3897312758,15153.138473,15382.073443
3470550579,32160.607984,32160.607984
2701945253,13858.092922,inf
1794886952,9884.793747,inf
3625706016,10810.175441,10810.175441
1919640204,31027.605203,31027.605203
176989020,22797.653521,22967.578522
2451684159,10810.175441,10810.175441
1041312317,17171.539264,inf
3782878286,inf,10000.000000
4013351115,inf,9630.854248
993870899,31485.628831,31027.605203
377589509,inf,31027.605203
309828976,23332.565852,inf
694772726,14476.694143,14476.718580
3502088713,inf,8000.000000
2187176161,27764.525826,32160.607984
3323440016,inf,8000.000000
3862305590,9848.287802,9848.287802
3863132052,18469.877003,18500.111475
4065674076,8555.987049,9040.932880
2435044463,inf,10218.640286
806705903,8000.000000,inf
1682628661,18031.434450,18031.434450
1034364819,9263.325301,8848.287802
1626004763,21987.475129,16877.798044
2560825568,21306.196280,23964.660980
1195583646,9078.670418,8000.000000
755085435,19217.525576,19695.886652
1985828840,inf,8415.037499
2332991605,8000.000000,8000.000000
3122000916,20035.624361,inf
1317868543,16771.181310,16771.181310
2086943487,inf,31027.605203
2641176341,19167.109986,11564.595095
630544147,8000.000000,inf
1194363696,8000.000000,8000.000000
1719561688,9666.911945,8830.074999
611999235,inf,10000.000000
1268033723,9988.729059,10000.000000
1611499103,9462.325126,32160.607984
1150663479,10906.891971,inf
1037887731,9555.452618,9555.452618
3823062386,9511.638146,9511.638146
1871863279,inf,21356.143810
3302855207,inf,inf
3314160753,32160.607984,31027.605203
819383290,inf,24857.680202
2793664991,28119.000938,inf
3321158580,13847.826186,14864.762479
2797658771,19896.712192,19995.077321
451775450,27289.506617,27704.544116
3475222389,32160.607984,32160.607984
7923735,20607.682577,20607.682577
1843623328,10000.000000,10000.000000
1001194968,10285.547310,10285.547310
3114043308,inf,19081.345511
278773578,20218.273656,inf
3395979419,12867.376060,11997.970505
2142496953,inf,12415.037499
2256010462,8993.442810,15287.004110
1189619187,13476.438044,8967.954273
3042685775,31160.607984,19557.981584
1036843380,9555.452618,9555.452618
3553812877,31092.574437,inf
3887074477,11848.287802,8903.157348
1540218299,14848.121675,14855.801813
2676798620,inf,12218.640286
4065602167,9040.932880,8663.169542
1572381040,9526.147623,10000.000000
1431601134,8993.442810,8993.442810
2407837516,31027.605203,32160.607984
2338119249,inf,9278.900811
1916147321,18274.873192,18533.372699
1309683620,15125.018652,9988.772745
2813577972,18843.252093,18712.734433
187914160,11000.000000,inf
2412329877,10192.645078,9476.438044
3788595536,9848.287802,9848.287802
3814334095,12805.394874,8000.000000
3384898162,9438.473376,9675.929355
1158803329,9000.000000,inf
2330736722,14295.437664,inf
2368597818,inf,inf
168957364,20093.109404,inf
2334284515,8641.554835,8751.368218
761300831,nan,inf
642527650,inf,14714.188877
2337501142,15895.819659,15897.765728
43943596,inf,inf
1221559789,inf,19218.640286
4184120231,14295.437664,inf
2298840174,inf,10000.000000
1194579287,8000.000000,8000.000000
3548649469,inf,26571.880748
2561869174,11180.020539,9586.834886
1528700253,9848.287802,9848.287802
2127458187,25722.041231,inf
2119118652,20806.551791,20806.551791
2677916690,inf,15896.712192
110796205,19564.613855,19564.613855
1968615582,14884.371414,14884.371414
1001233080,9622.015653,9623.954195
4252652086,inf,31027.605203
3117431833,9415.037499,inf
3432707065,9861.009080,12687.768629
955692310,19745.284999,inf
2180355822,9441.579287,10081.136763
2368460604,9642.447995,9642.447995
548931186,inf,11000.000000
1681514615,19343.635094,21022.489594
4065889699,9040.932880,8192.645078
2521371448,8397.214158,8667.482610
3226833338,31027.605203,31160.607984
2489227075,15042.342450,14102.691023
3544997564,13238.960271,inf
3503454359,inf,10000.000000
1886594751,inf,26857.680202
2525108898,8117.356951,8117.356951
965983225,13896.712192,inf
3820753706,inf,8848.287802
1334705745,inf,31027.605203
3355495721,8496.236363,8000.000000
1756865575,8134.076475,8134.076475
1520651645,11415.037499,11415.037499
651523604,inf,24857.680202
1238529447,inf,10951.590124
3853685041,17004.461241,inf
1351928802,9000.000000,9000.000000
1006070713,19129.862190,19129.862190
2813398257,18899.598628,18899.598628
1148408296,26857.680202,31027.605203
2522625978,10000.000000,10000.000000
3863199659,inf,8848.287802
1034331060,9040.932880,9040.932880
562137937,21598.393570,23632.339096
1990608457,8415.037499,inf
2521475991,9188.474783,10000.000000
2127273088,22808.633773,25864.185252
171489047,inf,21480.668595
2256049662,8993.442810,8993.442810
4110246623,inf,31485.628831
3460545613,9951.590124,inf
2105589661,31092.574437,inf
2741348667,14232.160944,14513.968559
3009039319,16073.870080,inf
1758015561,8255.511461,8000.000000
2481045778,8000.000000,8000.000000
1267964493,inf,31027.605203
418632859,24217.638010,inf
2334345858,9912.537159,9385.290156
2938490161,12185.417534,9850.570410
2679118156,9110.520690,inf
3547815034,20546.282033,15328.096131
3313844737,8678.071905,10000.000000
723242185,10842.767296,inf
2851783131,11257.812602,31027.605203
4285697287,17065.668285,16057.738983
1234679834,8607.932848,8607.932848
844036047,-nan,32160.607984
2126379011,22421.559875,22593.906300
2741251907,8849.754889,8000.000000
573881912,31027.605203,31027.605203
3473719462,29844.721775,inf
2561941795,21250.949566,inf
87383725,inf,inf
3821725090,8730.475155,8192.645078
2775571742,8000.000000,10228.847146
3474941279,26528.694281,17258.042040
89827472,inf,inf
2678158781,20333.392675,20333.392675
2257126689,9415.037499,9415.037499
3686546014,10000.000000,inf
1726713085,10055.061749,10140.722972
1156418529,21836.899888,23851.643843
2487114775,9369.789765,8971.360060
1073471660,8192.645078,8192.645078
3007889399,17073.870080,inf
2902984401,10856.497204,9471.362756
2194242592,19564.613855,19564.613855
1843588483,13000.000000,13000.000000
2375708753,inf,18056.606176
2560682169,8923.007563,inf
2405278213,14494.982444,inf
3928398068,18678.071905,13218.640286
2452585849,10810.175441,10810.175441
2186141679,9678.071905,11000.000000
2645028140,20733.213459,20733.213459
3271013803,inf,9313.280634
1278522973,inf,8000.000000
2777511072,9566.899152,inf
302401098,inf,nan
1843623328,10000.000000,10000.000000
2075949107,inf,19745.284999
709991760,inf,10000.000000
2075841296,inf,20748.850688
3740188393,8299.560282,8347.155027
2298696388,10000.000000,10966.096184
2412366904,10000.000000,10415.037499
4184445926,9555.452618,inf
1236041082,8681.905840,8557.854293
3175744664,inf,12520.530628
965957238,16154.509949,15977.632187
3059442580,9218.640286,inf
1873052467,25815.575429,23230.612928
40950785,inf,-nan
1619068922,19146.079734,16752.459366
2255902653,10262.455832,inf
38543015,-nan,-nan
1617811127,18805.891817,19817.856638
3967998689,inf,inf
3862301234,9848.287802,9848.287802
968185363,24678.071905,14896.712192
1802065868,inf,32160.607984
3018214613,10392.669686,inf
2197927839,31059.724129,10803.714862
997641561,9655.681955,8765.990514
2289882616,inf,inf
2177732415,10041.447285,9000.000000
2338793025,23356.143810,24437.063806
2183662026,10752.072487,9000.000000
3064090912,14461.452463,16580.325701
1307115331,9000.000000,8000.000000
473522045,19333.392675,inf
4131521612,25857.680202,inf
2511549962,inf,9000.000000
2260162749,24815.575429,inf
2953584476,15894.746220,15892.292518
1234752798,8692.467425,8582.019589
3748235784,13094.923003,inf
655423862,inf,31027.605203
1117268211,11000.000000,10951.590124
2953556166,15900.652190,15900.652190
1755759548,31027.605203,31160.607984
1606253678,10196.611827,8722.262674
1237011384,9568.757466,8636.642599
1151848314,11733.213459,9733.213459
4015507338,9123.465068,inf
4223955297,22530.855813,23419.737954
1235974656,9028.899371,8605.995371
1234962975,8802.268310,8590.435487
2365074903,8907.242859,9323.161394
1679601055,8693.108077,8693.108077
1237235718,10911.211761,9473.210417
690948771,12511.948061,13520.567065
1968585094,16319.382422,16319.382422
2334284515,8539.352133,8751.368218
620131577,31043.575284,17896.573017
4055756777,9891.475543,10891.475543
1604852128,8716.432105,9906.986458
2404182873,inf,31027.605203
1548794271,inf,inf
699140487,12000.000000,8990.958713
2170299429,8894.856223,8000.000000
751668285,inf,10842.767296
3615714184,9644.344574,9644.344574
1151809113,10952.194446,8993.936955
2450343370,18537.193056,inf
3823168019,9504.969536,10585.407310
1851363465,3415.037499,inf
2167602020,13022.113668,13842.779467
2370821323,19031.309456,19148.147448
1189619187,13476.438044,9905.922314
963099568,8000.000000,11868.143039
3859898900,9158.968344,9158.968344
2404174123,inf,31027.605203
3859898900,9158.968344,9158.968344
1505874074,31027.605203,31027.605203
2008936900,32160.607984,31027.605203
1156414293,10000.000000,10000.000000
2972690598,18235.128409,18254.860474
772416101,9912.537159,31027.605203
2374636320,inf,8912.537159
534059204,16812.138113,inf
963099568,8000.000000,8382.475140
1238239774,11678.071905,inf
2451523497,31027.605203,31027.605203
1156414223,10000.000000,10000.000000
728301948,10502.079971,9564.595062
1154186160,10000.000000,32160.607984
1797266780,16843.004541,inf
2970426636,17253.810165,19254.860474
2365151131,11912.536000,8000.000000
2872721700,17513.416341,inf
1505807642,18528.195319,17537.193056
1685746247,8944.315083,9944.315083
1237334817,14678.071905,9965.201037
728158199,10309.257947,9849.486712
728122265,31160.607984,10061.133808
3215956173,-nan,nan
1154006410,10000.000000,10000.000000
1797259159,24183.307213,17258.042040
2942144186,17932.932380,32160.607984
2025747219,32160.607984,31027.605203
1271726524,8440.398850,8271.877282
1291505349,26857.680202,26857.680202
3548720044,24437.063806,inf
1237297789,10911.211761,8819.935456
3473827273,18255.708158,inf
2561972286,21811.074037,19475.057666
3592917482,inf,32160.607984
3787298531,inf,9000.000000
3669677465,-nan,-nan
2444534876,9099.133192,8000.000000
3783850760,9803.893682,9848.287802
312753182,8000.000000,10000.000000
2810954636,18712.734433,18875.066222
1165258054,19519.088654,inf
312717245,8000.000000,8678.071905
85180445,18712.734433,18791.618338
3768446501,9000.000000,8557.081937
1182568135,20400.087158,11564.595095
1277583166,inf,8000.000000
2782039102,9850.793136,inf
3539930374,inf,8000.000000
2903146723,9848.287802,9848.287802
1352460232,18588.602714,21022.489594
4066967809,9040.932880,9040.932880
1602100967,8397.214158,8000.000000
2896803170,10200.642481,8000.000000
1547769946,15626.047345,15655.704092
913087274,inf,31027.605203
510429375,7005.576404,8005.576404
2445578139,inf,8000.000000
3158656657,21836.899888,inf
471666634,8000.000000,13536.092526
888484950,22685.543702,inf
1435158929,8993.442810,8993.442810
608657097,inf,31027.605203
1922030447,inf,22678.071905
2413733368,inf,18300.681959
2560610298,9275.639367,8000.000000
1546476276,14896.712192,inf
3004403448,31160.607984,31027.605203
22426372,nan,-nan
4181784327,15435.551520,15347.605680
3354202089,8226.886556,8000.000000
3066298620,19327.192979,inf
1156346650,21836.899888,23044.288921
468324455,9158.116290,8000.000000
466115037,10848.287802,8192.645078
3810812334,10218.640286,inf
996311889,9848.287802,9848.287802
1228711312,15514.429636,13309.776955
1193421979,9022.720077,inf
2738772296,10175.280689,inf
1193420890,9022.720077,10022.720077
2860958128,9084.839308,8209.016452
1007112886,inf,17869.010337
1877976925,24967.578522,inf
2014979854,8207.901394,9230.655461
2407591634,9730.515844,9730.515844
2372163003,8000.000000,8000.000000
3846860968,8352.997973,8352.997973
4004501376,inf,31027.605203
3846860968,8352.997973,8352.997973
1797770913,24415.037499,24415.037499
3731965340,inf,31027.605203
838510152,9192.645078,9678.071905
3857482409,8577.528249,8577.528249
3857482409,8577.528249,8577.528249
61279946,31027.605203,inf
3857482409,8577.528249,8577.528249
800403088,13842.779467,13589.993062
2337532722,15882.270183,15882.270183
643461976,inf,13710.892939
2337531633,15882.270183,15882.270183
3783852939,8848.287802,8848.287802
3856336781,10000.000000,8848.287802
2404171945,32160.607984,31027.605203
2821426021,9158.968344,9158.968344
1355984238,24415.037499,24415.037499
841734991,26857.680202,26857.680202
1196769564,8678.071905,inf
4165535068,17308.141538,17308.141538
1721907803,10888.300491,10842.767296
1504836257,inf,31027.605203
2812083675,10775.873658,10767.159850
2970026787,10341.786449,9217.984197
3664179460,12617.603242,12705.228201
3813112269,9852.968813,31027.605203
4016908876,8539.352133,8695.416947
1599102214,9412.528277,10286.864107
2134829610,8479.417488,8000.000000
620239391,19871.185467,20445.411148
557732,14295.437664,14295.437664
3783818090,9825.919989,9825.919989
2371076149,21724.128231,inf
1755751492,8134.076475,8134.086472
2452799296,8415.037499,inf
1681432499,8712.180926,8729.217046
2935274402,24678.071905,17896.712192
1599102214,9412.528277,9784.450011
539396143,14896.712192,31043.575284
1153107990,10000.000000,10000.000000
3897528249,15148.250959,15148.250959
692206535,31485.628831,12313.937250
739497736,8907.242859,8907.242859
999647348,11842.767296,inf
961950673,8693.108077,8693.108077
1648767041,9412.528277,9191.569163
2172563460,9569.008499,8000.000000
2364896307,10104.424718,8912.537159
731016610,9703.944162,8912.537159
2364828784,9254.745858,8912.537159
700038976,9073.889358,8912.537159
923335960,14896.712192,14896.712192
1435015148,8993.442810,8993.442810
607255553,11000.000000,10093.109404
624902065,8117.356951,8117.356951
2373258501,inf,inf
1237228092,9201.186105,8000.000000
735796263,9100.643077,8000.000000
3742560236,8000.000000,8000.000000
1273851163,9675.929355,9675.929355
3859970774,11000.000000,8848.287802
3245367452,inf,8000.000000
305212491,16752.072487,inf
107652335,32160.607984,inf
807676269,32160.607984,31027.605203
2645995166,31027.605203,31160.607984
2756231817,-nan,inf
2337502230,15893.876211,15897.765728
3825428780,8601.124042,8615.612575
1375837328,21492.205360,22607.682577
1650598589,9715.326439,9072.885569
1054513797,10000.000000,18537.193056
2605760745,18633.677786,18633.677786
3825399377,8827.540900,8608.350120
570538585,20063.362061,31027.605203
3748350449,9407.542963,9408.589662
619405236,31027.605203,inf
2468446215,14205.584134,inf
3965560883,11000.000000,10000.000000
3167132599,8323.945873,8323.161394
3126847319,8694.765647,inf
2757229744,inf,inf
4112176556,8747.736948,12000.000000
4227008017,29519.194954,29519.194954
2950766344,32160.607984,31160.607984
1467106918,inf,inf
3195007149,inf,inf
1792971549,19534.178544,inf
3164652946,8395.369845,8366.436937
3157501483,8395.369845,8366.436937
3008193882,inf,31027.605203
742514040,17386.500147,inf
3883696430,11848.287802,9730.977037
3570209637,1000.000000,0.000000
607219656,inf,10476.438044
1640248705,9500.355001,8848.287802
42228401,24663.720817,23663.720817
2859123994,9504.969536,inf
2411220189,10120.107492,9803.398474
3887725880,18356.143810,inf
2976367784,inf,-nan
4113695486,inf,inf
3219026538,9946.074118,10946.074118
275253661,8400.087158,8400.087158
1768292194,8830.074999,9324.353376
2369844486,19745.284999,19745.284999
2976602014,9988.772745,9675.819453
4240535627,21052.758690,20966.447547
2528596662,8000.000000,8000.000000
2452911463,8000.000000,inf
238488203,27857.680202,inf
2341056728,21055.372663,26411.051180
2326441354,inf,19744.687438
3396823395,10000.000000,inf
2529885252,32160.607984,inf
1982271072,8912.537159,8912.537159
2857568960,16649.359280,17095.486604
315359284,9848.287802,9760.824961
543135664,17386.500147,inf
422326730,inf,31027.605203
838070507,25568.682013,29857.680202
1724142920,8117.356951,9117.356951
2004161636,32160.607984,32160.607984
617601288,inf,31027.605203
796697442,25242.970357,inf
3470514544,inf,10218.640286
3666623180,21437.063806,inf
1794995127,-nan,nan
1687362145,8844.194613,8000.000000
2414480136,20218.640286,inf
1911329757,32160.607984,31027.605203
2903146723,9848.287802,9848.287802
2750163915,24690.809508,inf
1034326702,9040.932880,9040.932880
1990320963,9000.000000,8607.682577
2444396337,8000.000000,8000.000000
121521573,31027.605203,31160.607984
2333977314,12459.431619,inf
800189644,22042.864406,inf
2336450258,17927.725349,inf
3046784394,inf,9415.037499
3098553485,inf,nan
3320008598,11839.152660,11861.237516
1044834138,16257.898372,17258.356716
2700390165,9321.679329,9321.679329
280895709,inf,11000.000000
2603489475,32160.607984,31027.605203
3665291332,8192.645078,8192.645078
3064054906,14461.452463,15271.616035
693658687,14479.001491,31160.607984
3280837366,18000.000000,inf
3500830918,9000.000000,9000.000000
2911286755,16409.548381,16398.116293
4175364779,inf,16218.640286
3965330144,23546.282033,11999.560748
2372153170,9999.999335,10142.170532
2640245250,15514.429636,12474.132560
3474941381,25183.307213,17258.042040
2942108243,18932.857182,19254.766478
2094616145,8613.423994,8000.000000
1968435903,12257.816966,11842.779467
2176444657,10911.211761,10911.211761
250495435,24857.680202,inf
1155260151,inf,9362.673964
656060983,28552.241667,28137.204167
3821943983,9235.188668,9235.206920
2781573158,9848.287802,10636.071500
819347349,inf,25857.680202
4011652837,14678.071905,12999.078587
2735347189,15300.183576,15711.133926
2793664923,29119.000938,28119.000938
3744854759,12847.826186,14279.799978
2797622833,inf,19945.056583
3475186354,inf,10218.640286
2603249511,20607.682577,10218.640286
277803278,10218.640286,inf
3395979419,12867.376060,12621.205984
1794965725,nan,nan
2413509836,10218.640286,inf
3475417486,12598.387131,12630.624173
1910289593,18274.873192,18274.873192
2142389148,13415.037499,inf
1189619187,10789.328656,8967.954273
4143583426,inf,inf
396473086,20556.497182,21025.415135
3042655286,20557.517747,31160.607984
1036810713,10484.660809,9946.504804
3552842553,10218.640286,inf
1158991067,9727.031656,9000.000000
4132254984,8894.091366,8999.999846
1042498238,16952.346609,17978.894186
1041312255,17171.539264,18231.926432
2434972626,inf,13218.640286
199246912,8776.380832,9165.067329
1988128807,8944.717564,inf
2520502428,8185.073373,8766.904605
1431313607,15277.827567,9280.199746
2413774980,9678.071905,9678.071905
4110703135,9776.408782,11415.037499
269850387,15000.000000,10948.472403
964429239,8566.124402,8567.785811
1007005075,19058.855729,19204.545173
260255366,10000.000000,inf
801632569,16977.917140,14989.343400
1126637830,15896.693858,inf
2450307379,26857.680202,24857.680202
2736003832,10499.237915,inf
1352491816,18552.244152,18872.541759
1034331060,9040.932880,9040.932880
2521474905,8109.023293,9138.913094
2288027064,14001.129198,inf
2872719527,19067.047108,17513.416341
1505806556,31059.724129,18015.168633
2127273088,22808.633773,23644.776576
798117125,8203.624454,8440.787242
2868508172,23541.820025,21480.668595
167987136,21093.109404,21093.109404
289523015,24857.680202,inf
4016908876,8615.317415,8695.416947
850650876,9642.447995,9642.447995
1456587760,25508.146904,inf
4284331752,25821.416782,inf
3017102947,11384.433512,11527.113794
1471996901,21170.382481,inf
2180283946,9726.204401,10081.136763
1542805798,16504.425945,10842.767296
2402960123,8944.717564,8944.717564
2521369269,8526.147623,inf
3226830071,31092.574437,31092.574437
2488256714,15001.129198,14858.201184
3499896563,11000.000000,9000.000000
105490908,-nan,nan
651451761,inf,25857.680202
2824732189,9555.452618,9555.452618
3241809725,10000.000000,inf
3903921102,inf,26857.680202
2289108441,13829.315981,inf
1146252114,8999.998405,inf
3781367841,9165.067329,8848.287802
3788528018,10848.287802,10848.287802
1689841723,9241.332263,9256.116210
2597300021,22296.811564,22531.935750
2449352610,9520.282881,13415.037499
3126776182,inf,11842.794291
2409770337,14494.982444,inf
2676356980,13104.125407,inf
2404056323,14494.982444,10931.970268
1152961274,inf,8000.000000
2671397673,16362.298765,inf
2337530544,15913.429516,15882.270183
3394487426,9000.000000,inf
1759237419,8566.228184,8000.000000
3586698900,17653.197236,17653.197236
533289029,22217.638010,inf
2769512942,19388.827620,19662.288908
2305847817,9624.960569,9624.960569
3683311717,11000.000000,8192.645078
2257090746,9415.037499,inf
2670463311,12853.273265,inf
2443099572,9192.645078,inf
2903146723,9848.287802,9848.287802
45804612,12054.703561,9000.000000
1989350696,9000.000000,8790.546634
2640213669,14596.362416,11564.595095
2741251841,8365.317202,8000.000000
757831581,9678.071905,8000.000000
573738127,inf,31160.607984
87347687,inf,9836.094007
1972067716,32160.607984,32160.607984
1562840372,8436.724538,9597.667437
89791434,inf,9836.094007
1567871620,8830.074999,inf
1024189344,inf,9836.094007
2479857898,20333.392675,20333.392675
1827363225,18442.536298,18171.070172
3826687660,9848.287663,10233.200035
1145768651,20218.640286,11564.595095
532545546,14741.386008,inf
2858081788,8830.074999,8848.287802
41114426,24857.680202,24078.758317
1026525249,inf,9836.094007
1360577638,17537.193056,18600.157451
2678193635,inf,19327.192979
1110761577,10088.531343,inf
2256908887,8990.791667,8995.388487
3190335238,inf,9994.353523
1768220387,9073.268765,9067.880851
2912544554,16198.397280,16510.646331
1768220325,9062.514672,9070.572293
273852117,8943.700985,8943.700985
2912544515,16198.397280,16442.466763
3705448764,inf,31027.605203
2369745388,21404.800918,17537.193056
1765668831,9469.829396,8192.645078
240825952,8943.700985,inf
3081644754,16451.673933,13324.101705
2295141498,9505.601525,12105.282042
2442160854,inf,8000.000000
507316137,13912.537159,14912.537159
3361353518,9356.143810,8881.058927
3341432290,20333.392675,20333.392675
1750082481,18269.316200,10842.767296
657687931,12690.279786,inf
2749061969,31027.605203,31027.605203
307121522,19000.000000,19540.568381
2492858666,19102.532658,19669.083122
2896355973,10774.777649,10602.325057
4202334724,inf,16000.000000
2498705813,27294.055091,inf
2487565752,31027.605203,31160.607984
1005046782,15633.677786,inf
3132801481,28137.204167,inf
2638808855,14550.085176,14551.443520
1181310446,14550.085176,14555.526243
1181310340,14550.085176,14555.526243
1187455567,16516.614171,inf
1225261291,16322.122332,inf
1194507413,8000.000000,8000.000000
1720675738,10015.813605,9350.805566
4002616468,inf,16564.602554
3586510135,8000.000000,8000.000000
2081276994,13842.779467,inf
1044870115,13842.779467,inf
3631707498,13415.037499,13415.037499
571788711,16446.947001,12782.370082
1002422269,11254.387491,11243.748871
4252887495,27857.680202,13842.779467
3929161273,inf,inf
2094616108,8613.423994,8274.806940
1968435903,12257.816966,12035.424545
3861044525,8980.140288,10435.420231
71876492,21411.488759,21515.440626
1827542911,18171.070172,18171.070172
1726713085,10055.061749,9683.881096
1145948338,20218.640286,20607.682577
3014407710,12377.347452,inf
2081101663,13842.779467,14842.771378
3079521206,12843.334688,13851.206525
1273873643,8607.682577,inf
1541404223,15422.982199,12723.935924
499591280,inf,12520.851372
3168898354,18607.682577,18607.682577
4137689658,17376.357031,17376.357031
1546076029,inf,12842.776194
3450442283,inf,20745.284999
1508306239,inf,13257.816966
3786399023,9808.264165,9808.264165
1765204442,inf,31027.605203
3745904555,9857.733629,10382.632980
2338830363,inf,inf
4285625450,inf,17475.414744
1459031476,19218.640286,20218.640286
1505826589,12053.327005,12059.151961
1505826589,12053.327005,12057.807388
1838988658,21356.143810,inf
3397237214,14029.175099,11415.037499
1505826589,12053.327005,12059.151961
3374157190,inf,31027.605203
3397165340,13786.933763,11415.037499
722954621,14257.896810,13383.369623
2879770796,13218.640286,inf
2338853638,inf,inf
541790133,13218.640286,inf
2561832894,22412.137266,22412.137266
2879660812,14218.640286,13633.677786
4004285821,inf,10000.000000
2471012928,inf,31027.605203
4004285749,inf,11000.000000
1116082287,8912.537159,8000.000000
2603211392,13215.262926,inf
1276257855,12783.538314,11313.280634
2603211392,13215.262926,14215.569633
2418109777,inf,13759.208668
2894235650,10917.162354,10774.777649
2872544198,17706.025507,18472.522994
1118336356,12703.083793,12703.083793
1885247021,inf,21677.063895
4107946661,inf,14218.640286
4107945572,15218.640286,14218.640286
1745762414,32160.607984,32160.607984
3625885702,10810.175441,10810.175441
1232186724,12456.968180,inf
963431671,13896.712192,inf
3081682866,16409.548381,16425.071672
2161816164,18744.872282,19558.417446
2879379508,inf,17896.712192
2434936690,inf,15218.640286
1682157304,19356.143810,19356.143810
3042352911,inf,13218.640286
3586714374,10810.175441,10810.175441
2407553523,9992.271885,9851.841227
2033042468,17824.622843,inf
2257296997,10061.648450,10151.628672
3788595536,9848.287802,9848.287802
2227541231,10061.648450,10151.628672
69674758,31160.607984,32160.607984
254899644,inf,19187.501775
2787136548,inf,nan
343197937,12864.932054,inf
1565284155,10246.354852,inf
1561906005,9597.667437,8950.394664
2823725953,9555.452618,9555.452618
2029484598,inf,12069.416907
3348997160,9644.289737,10121.482031
2823725953,9555.452618,9555.452618
1272813346,9644.289737,9863.474420
2823725953,9555.452618,9555.452618
2029376787,13073.998315,13073.998315
1272812258,9644.289737,9749.935258
2824840000,9555.452618,9555.452618
697846761,12000.000000,31092.574437
1468292881,10415.037499,inf
2407524123,9867.242096,9992.271885
4106689949,32160.607984,31485.628831
562891223,inf,22187.059798
2456195609,18557.056504,10303.032474
912089750,inf,31027.605203
3277279543,13000.000000,inf
4127508029,32160.607984,31027.605203
3516852879,11581.093269,11581.093269
2449246980,11581.694407,inf
2551352871,12000.000000,inf
1122299391,inf,13207.659333
2672906991,13101.667629,14514.422229
2406284477,14494.982444,inf
2672906991,13101.667629,13643.399331
235830740,8470.653185,8470.653185
682040583,14986.190555,13101.667629
354386873,9047.197118,9500.041628
1191086076,13101.667629,18267.832574
2773260782,14209.524765,14232.160944
1252332926,inf,inf
2773224845,14209.524765,14232.160944
2936713316,11348.948309,inf
2487298810,12410.158699,inf
2645964673,inf,31027.605203
2817652628,8192.645078,8775.708102
3311371057,8440.398850,8396.406252
1467034979,inf,13265.724267
1268172027,inf,13994.375451
1547769915,17173.451513,14896.712192
4222908765,14842.849976,14844.236342
3010831309,12167.159421,inf
4151687273,12167.159421,inf
1766872146,9103.058669,9103.058669
3862301234,9848.287802,9848.287802
3046640647,inf,8392.669686
2368568412,10415.037499,10415.037499
2183913579,10752.072487,10752.072487
2091058415,8284.717972,9000.000000
1329994896,16035.814945,16049.621527
2332955637,-nan,8000.000000
3731611144,8631.129565,9000.000000
2287883316,15999.337537,inf
2370815873,19088.545996,inf
2370814784,19088.545996,20210.317694
2810203955,13710.892939,13710.892939
2290971535,23048.671284,23048.671284
1835576531,16896.712192,inf
3216819931,18187.501775,19388.827620
3205625973,inf,19897.189194
1833276572,19896.712192,inf
2955893163,14392.669686,nan
1033068903,8778.568795,inf
3821984276,9848.287802,8883.763480
995405841,10678.091741,10294.223922
1793043383,17900.323445,18900.323445
1196879255,8000.000000,8000.000000
1724413120,10116.780801,10002.181977
517502104,inf,31027.605203
3048153893,9848.287802,inf
4003748790,inf,19311.749691
3012612128,10918.008910,11574.357182
1142210925,10984.299196,inf
2518094694,inf,31027.605203
3826688754,10042.842812,10040.972134
996988756,31027.605203,31027.605203
2903002975,9848.287802,9848.287802
4281889006,18579.701189,18625.504878
2903002975,9848.287802,9848.287802
4281887914,18469.877003,18602.421265
426024379,inf,10842.767296
4281886825,18469.877003,18594.813316
3862305590,9848.287802,9848.287802
4003982005,inf,4912.537159
3826578764,10058.343810,9963.945564
3020337277,9192.093621,12628.004645
3020337277,9192.093621,10064.587977
3020337277,9192.093621,9563.376118
3020337277,9192.093621,9365.823833
2404164322,18460.070978,18300.681959
3344325286,8129.575073,8607.347168
2819988499,9158.968344,9158.968344
2645927647,inf,31485.628831
3311191472,12675.929355,inf
1271624157,12994.353523,11638.118187
2451493354,20026.116074,17537.193056
1678451010,10693.551087,9693.551087
1897045454,19783.254142,19783.254142
1799558801,10025.400378,inf
919251398,25857.680202,25857.680202
2194180522,21564.613855,inf
1843585213,14000.000000,inf
617812690,inf,inf
2084687742,19327.192979,19327.192979
1672295130,12553.756696,13553.950593
74248308,20806.592648,19333.392675
1237231360,10020.008293,8682.051426
1678451107,inf,9693.551087
995408019,10295.415679,10294.819678
3262676525,8180.319843,inf
1600789872,9848.287802,9848.287802
2133571815,8619.172852,8000.000000
3622497905,nan,-nan
804154381,9415.037499,9415.037499
495503312,14541.337067,15804.012702
73254080,inf,31027.605203
1584677213,19001.787894,19194.432972
2713889,15150.933438,14094.923003
913272404,inf,32160.607984
1584677213,19001.787894,19094.897298
2713817,14528.390087,14094.923003
1627334432,21741.465882,21834.575286
307835825,15000.000000,15415.037499
1721907903,10935.317734,10842.767296
351960557,12413.822039,12413.822039
3314161842,31182.828184,31027.605203
2334153555,14678.071905,14678.071905
2797658771,19896.712192,20338.221902
3315024330,32160.607984,31027.605203
2798808785,inf,18896.712192
3314134617,31485.628831,31027.605203
92271188,inf,inf
3098541970,inf,8218.640286
2126165572,22775.299871,22808.633773
1031520485,10836.530135,10836.530135
2061468562,18058.855729,16074.000581
1577382033,17167.109986,17167.109986
1874457275,25815.575429,inf
392480155,8830.074999,8848.287802
4151240042,10555.452618,10244.839837
1036810713,10484.660809,10190.633995
3783818090,9825.919989,9825.919989
3856298664,9441.096198,9441.096198
1762326759,9141.495856,inf
1793259045,16316.566707,inf
2759842499,13299.560282,13415.037499
3011534059,11406.459380,inf
2452607304,14339.275470,inf
2937791335,10348.948309,inf
811579676,14896.712192,14896.712192
288357750,nan,nan
1316575899,9576.358805,inf
770223970,10912.536579,31027.605203
3158831157,8613.082903,8613.082903
1414936777,19870.716983,19870.716983
1377059254,19870.716983,19870.716983
1679132504,9715.326439,9715.326439
1376915437,inf,19870.716983
3165982620,8613.082903,8613.082903
3666658028,21356.143810,21356.143810
1689769849,9248.705299,9248.705299
4183188062,10555.452618,10555.452618
3009090305,11406.459380,11516.092956
3055341262,10327.091425,inf
1768112512,9230.203861,9230.203861
890928564,inf,17537.193056
2676766706,19896.712192,inf
2369702920,20496.438157,18730.698613
4212415824,inf,32160.607984
1987985126,9944.717564,8944.717564
1034218887,8840.252269,inf
1004650362,10271.530846,10269.475080
278917325,19218.640286,31027.605203
3747118793,12681.380569,11953.760767
2090659815,18537.193056,inf
4213588570,inf,14295.437664
43910930,26857.680202,inf
1759416405,21356.143810,22356.143810
2407748961,32160.607984,31485.628831
2094436493,8200.827931,9000.000000
532868945,17568.584784,12576.022976
486006409,inf,32160.607984
539740515,21360.261269,21389.394554
1529240621,inf,inf
2261889250,31160.607984,inf
2293955576,12415.037499,inf
2819439766,32160.607984,31485.628831
3015773278,11518.481322,11349.465204
1197921423,9192.645078,8000.000000
3184368740,inf,31027.605203
339491949,31027.605203,inf
2521724304,17167.109986,inf
154217909,12977.766439,inf
762161887,16022.139241,inf
3692084824,inf,inf
3808017583,inf,32160.607984
1645647526,inf,22356.143810
2975701009,15892.292518,15890.822297
1044834138,15842.860873,inf
2471990962,inf,inf
2470984725,31485.628831,16896.712192
1840015348,19564.613855,19327.192979
684034850,14989.343400,15818.417092
1877011927,17972.914851,18259.905525
2975736952,16076.115454,16076.115454
1961145930,inf,15896.712192
3272570828,24825.600333,14896.712192
2932668359,8117.356951,8117.356951
3266461504,20355.740522,inf
816601338,31027.605203,inf
3542451408,8000.000000,8000.000000
925743771,15936.604919,15936.604919
922186000,15896.712192,14896.712192
122233888,10848.287802,inf
2977613969,20254.860474,inf
2063732559,14073.996954,14073.996954
2126161215,23717.093568,23717.093568
2563086335,20254.860474,21254.860474
2645891712,20678.071905,19218.640286
1271439028,8407.279278,9354.894849
2784626530,8851.960700,inf
2593839296,17897.288093,17689.196150
3081685044,16409.548381,16057.738983
3705421539,33160.607984,32160.607984
240718204,9943.700985,inf
2726375269,9548.839391,inf
3281788999,inf,9000.000000
3666513191,15805.437902,11192.645078
2878326787,14541.337067,15161.977942
3056634960,8192.645078,9765.391449
2488233174,14327.574658,14912.537159
1122303747,inf,12207.659333
2408656359,14494.982444,inf
2406464165,14494.982444,inf
2440758480,inf,inf
815217128,9257.164283,inf
508466153,inf,inf
3708024782,31027.605203,31160.607984
3344325286,8000.000000,8271.946638
1761007289,17537.193056,17537.193056
1507025147,31027.605203,31160.607984
718462499,13257.816966,inf
4202334556,inf,17000.000000
4201076833,17908.549069,14396.373655
2487529852,31027.605203,31092.574437
1005046718,16633.677786,inf
234930407,25857.680202,inf
2518362774,15000.000000,inf
4027904290,9040.932880,8192.645078
1910253617,18274.873192,18274.873192
2638769657,14555.526243,inf
2851470661,11374.318839,inf
1187168137,17522.816766,inf
419639087,21077.667472,inf
1224147310,17322.122332,inf
4002616404,inf,17564.613855
1044870075,14842.858530,inf
1969583707,15370.082122,13687.483573
1002422269,11254.387491,11268.712688
2817247604,17923.788865,16629.761097
3122110906,17439.991824,inf
2081094040,14257.866978,inf
734644390,26050.325279,inf
2701953958,12842.858530,12842.860873
2838909675,13261.635499,inf
1273729894,9607.682577,8192.645078
3040170188,15298.590176,13579.437312
3040311761,inf,13842.818998
396073824,9808.264165,9808.264165
2193576692,18187.501775,19388.827620
3397093466,13452.350441,12666.210792
1502232888,14257.896810,12226.743058
3123329497,inf,18485.912621
722918753,14257.896810,13755.358895
1458780021,19633.677786,inf
4285589513,inf,19506.506176
722918684,14257.896810,13984.856289
1505826589,12055.565457,12059.151961
1213702801,inf,inf
3397237214,14029.175099,12226.757747
1505826589,12055.565457,12058.929661
1505826589,12057.807388,12059.151961
841947346,26857.680202,26857.680202
3374013475,inf,32160.607984
3397165340,13786.933763,12160.211860
3039094256,12059.151961,12059.151961
2561905857,21811.074037,21967.578522
3472749229,31874.469118,inf
2341369227,28857.680202,inf
3477915874,11452.031267,inf
540819871,14218.640286,14218.640286
2936070864,22579.591144,23788.775370
2879659721,14218.640286,13896.712192
3436921336,17338.699938,17262.264531
3583994582,8000.000000,8000.000000
467148986,13687.046159,14719.881721
3461731462,inf,11868.700673
2603211392,13630.402654,inf
2418109706,inf,14759.208668
2894235650,10917.162354,10849.727262
303455951,16986.982719,18152.208570
1885211091,inf,14896.712192
694686153,15901.638873,15901.638873
3927248084,14186.218809,14186.218809
2674502703,inf,inf
2234497476,inf,inf
2530964451,inf,31160.607984
3259017508,22771.181310,16814.381675
3898335417,31027.605203,31160.607984
693284609,inf,31027.605203
738510172,22815.575429,inf
888764590,15894.091491,22192.645078
853186969,19844.549269,24000.000000
3858213169,18218.640286,19075.187496
3517450461,20352.371077,20352.371077
892466139,15582.147485,16933.910810
2930732627,22000.000000,inf
1871972179,23171.719239,inf
1959924041,inf,19934.142137
892286423,16891.475543,15602.325367
850958866,14896.712192,14896.712192
140009846,15896.712192,31485.628831
1500333174,32160.607984,inf
3441736824,23333.392675,23333.392675
1455137281,13857.980995,inf
929229690,15657.091966,17365.188950
3368510009,inf,31160.607984
852144825,14896.712192,14896.712192
4197734692,17163.056932,16927.725349
3857063124,18873.295527,18873.295527
3516228710,20419.446862,inf
1961181869,21977.632187,inf
2837872337,inf,inf
3081681777,16409.548381,16445.623950
4174466323,17218.640286,inf
4204976836,17218.640286,inf
2434936648,inf,16218.640286
1682157304,19356.143810,19356.143810
2873761698,15218.640286,inf
4205311060,inf,15633.677786
1914860583,31027.605203,31027.605203
2139818878,9920.348556,9771.696650
3389498096,10506.769988,9388.629329
3226758806,31027.605203,inf
3446704765,inf,18744.603703
169585965,32160.607984,31027.605203
2447827682,16149.813162,inf
3176896148,13000.000000,13000.000000
3509542227,17944.246018,17961.319532
627443805,18579.701189,19579.701189
301762536,16034.215715,inf
1986061186,31783.998808,32160.607984
2823725953,9555.452618,9555.452618
2404204615,32160.607984,13073.998315
1272811168,9696.349668,9863.474420
2496416465,31027.605203,32160.607984
588848139,inf,19356.143810
1272768696,9730.298865,10121.482031
2029520601,inf,32160.607984
3349033029,9644.683319,10838.356335
861106241,23094.267956,inf
2824732189,9555.452618,9555.452618
1272877598,9644.683319,11646.991053
999900145,10689.366746,10689.366746
2366016886,12000.000000,12000.000000
696589031,13000.000000,31027.605203
1836492433,19327.192979,19327.192979
2363746315,12678.071905,inf
2715702020,inf,inf
649115855,15842.684508,15842.684508
3722303361,inf,31027.605203
2482075550,13510.126174,13153.806905
1526145447,29291.590482,inf
3744037357,11298.314501,inf
3857382164,17386.500147,inf
3744037317,11298.314501,12298.314501
3782151229,10830.074999,inf
3205214504,13000.000000,13000.000000
3276165560,14000.000000,inf
2290331385,8000.000000,8000.000000
2377852949,15896.712192,inf
2674092947,14207.659333,inf
1122236229,14207.659333,14893.733562
1122164355,13347.253959,inf
1764590685,9330.715818,8881.342394
239388474,9622.654704,8000.000000
1192053108,18267.832574,14062.139315
1165120057,nan,inf
353524385,9255.924037,9500.041628
1191086076,14062.139315,18267.832574
3278231229,9678.071905,inf
2645964673,31027.605203,32160.607984
3311371057,8418.234872,8396.406252
2817616691,8454.938758,8775.708102
3010759527,13171.634145,inf
3092659858,inf,32160.607984
4150645138,13171.634145,inf
995408019,10295.415679,10295.117647
3262640481,8180.319843,9180.319843
1572579396,9848.287802,9848.287802
3046098707,16035.787935,16053.284554
2122675326,16042.701720,16049.644330
1205833719,27786.380400,inf
872538179,32160.607984,inf
756419467,13778.896581,17049.836413
2304617073,14842.469720,inf
3205697808,inf,18607.682577
1834354677,inf,18896.712192
2166704682,13712.539967,14039.740093
3216855867,18388.827620,inf
3631042283,31027.605203,31027.605203
2781670044,13866.883807,13712.539967
1919586732,18187.501775,18803.865119
2289713744,24147.160796,inf
3205589996,inf,20897.189194
2781669975,13712.539967,13787.648850
3580472783,inf,31027.605203
3216783967,18187.501775,18654.461690
3451024547,18167.178766,inf
2955890979,15415.037499,inf
3055085841,15415.037499,16415.037499
3055049903,15415.037499,15830.074999
3472830120,13863.409336,9000.000000
4026466879,9778.568795,inf
656060983,28552.241667,28329.849245
1570063705,9235.188668,9235.197794
656060983,31160.607984,28137.204167
3821984276,9848.287802,9287.415798
3233028394,inf,8783.538314
995405841,10678.091741,10473.428022
3047075716,10263.325301,10263.325301
1002387416,10684.528558,12169.168579
1037030713,inf,14218.640286
3272498957,14896.712192,inf
998752339,10329.474470,10346.568434
271328270,22302.337367,22302.337367
2894020028,10350.997638,10406.224049
1249567926,nan,inf
3862305590,9848.287802,9848.287802
423544823,inf,11257.816917
3019402915,9276.345218,12633.569793
3019402915,9276.345218,10142.015019
3019402915,9276.345218,9645.202222
1817151481,4000.000000,inf
3019402915,9276.345218,9449.017379
416725036,9540.568381,inf
2812335234,10774.805155,10774.805155
1792971613,18315.360944,inf
1196807376,8000.000000,8000.000000
1843585213,15000.000000,inf
1673409118,13361.109094,12361.111618
2818336811,inf,inf
2816935269,inf,inf
3925990287,18218.640286,14202.338474
3592608047,10108.216297,10108.216297
2287812531,12503.023134,inf
294197666,inf,17558.329561
1707652,14295.437664,14295.437664
1272810080,9778.581624,9863.474420
2029304915,32160.607984,14074.000581
500462584,14860.448648,15434.897922
3321230454,13864.762479,inf
2797658771,19896.712192,20100.643077
3314133528,31485.628831,31027.605203
2334118707,15000.000000,inf
2856178409,9731.690258,8192.645078
1220481672,20218.640286,19633.677786
531957186,19327.192979,17253.810165
2126165572,24364.141665,22808.633773
3778133513,9848.287802,9848.287802
2978692140,17253.810165,inf
2562982879,17253.810165,22343.087657
2405174917,16749.030771,inf
1578711672,inf,16167.109986
566953495,19327.192979,17253.810165
306649967,15540.568381,16000.000000
392372383,8839.152660,inf
1874423520,26815.575429,19356.143810
3056028564,17253.810165,inf
2752566247,17253.810165,23632.339096
3737229914,32160.607984,inf
3126860363,inf,8000.000000
376047474,19327.192979,17253.810165
534433572,17253.810165,26218.965499
3176786829,-nan,inf
969479068,17253.810165,17254.860474
4181822426,10555.452618,10555.452618
3553992531,31027.605203,31027.605203
4151240042,10555.452618,10400.212730
2450369157,11218.640286,inf
4149946339,10484.660809,10330.169855
237232312,9594.517145,8848.287802
1762326693,10141.495856,inf
2166485797,11146.332077,11146.332077
1877865848,19356.143810,inf
999009299,16218.640286,inf
3267384265,inf,inf
2783909067,10773.690267,10722.932643
1002305745,11406.308793,12406.459380
2452571306,14339.275470,11646.810090
1316798052,19166.714564,inf
4183188062,10555.452618,10555.452618
3009090305,11406.459380,11460.235006
3054263218,11327.091425,inf
3782624542,8943.700985,inf
2119117563,20806.551791,23857.581187
2677916690,inf,16896.712192
2975711757,inf,17537.193056
270330263,8943.700985,8943.700985
1208096589,20826.511499,inf
81471606,20807.579929,20807.579929
2676766706,19896.712192,20896.712192
2911214885,16409.548381,16449.077976
3745830506,9751.046627,9751.046627
3395979419,12867.376060,11415.037499
3395907545,12823.321089,11953.760767
3747118793,12681.380569,12272.177092
349552804,10151.628672,10151.628672
3052374440,inf,13022.113668
1529132775,11415.037499,inf
2685047787,inf,11415.037499
3015773278,11518.481322,11455.514490
2608227560,16167.109986,16167.109986
1898522138,inf,16167.109986
1037030678,15218.640286,15218.640286
1582305371,19634.453621,19700.909634
3559107138,inf,inf
1159843618,14896.712192,inf
698028364,32160.607984,31160.607984
2718378821,inf,14896.712192
2975701009,15890.822297,15892.292518
3728848335,inf,14896.712192
1044834138,15842.860873,16842.860873
2471955024,inf,14896.712192
589706335,19387.817377,19327.192979
2953484291,22508.146904,14896.712192
1961145930,inf,16896.712192
2932668294,8117.356951,8117.356951
3266425566,inf,14896.712192
2561724343,9217.027378,8117.356951
3266425566,15896.712192,14896.712192
2926204567,18187.501775,inf
3394721627,12592.035746,inf
3786443666,inf,11000.000000
3399537183,15778.665947,15851.866219
95928949,31027.605203,inf
1873302935,23437.063806,21356.143810
1161772128,19388.827620,19388.827620
4128041673,inf,31027.605203
925564054,14896.712192,14896.712192
1744492498,16210.855424,16630.448349
2023527647,31027.605203,31160.607984
4197753954,32160.607984,inf
1162742497,18187.501775,inf
922114160,16101.566111,14896.712192
922078223,15415.843369,14896.712192
907238258,inf,32160.607984
3323782088,10754.199018,inf
2405245699,inf,14073.996954
2126160126,23717.093568,23717.093568
122162079,11848.287802,inf
2412391673,17459.431619,17459.431619
1715994557,20447.118077,inf
4108475045,10163.139718,inf
4106246951,10163.139718,inf
270509944,9943.700985,inf
4175400650,inf,inf
3081683955,16409.548381,16325.550362
2725417031,14564.597845,inf
626329754,18469.877003,18594.813316
2295149121,10548.839391,10748.933491
2295108831,10392.997387,inf
3341917507,8409.208302,8472.278656
2818946392,8466.105133,9166.599785
2026825294,18058.855729,15074.000581
495467342,14923.685426,14541.337067
3056599053,8775.668611,9765.391449
507280163,13912.537159,14590.609064
1142745565,inf,inf
2440722507,inf,20703.083793
3666519719,inf,13717.773139
2488266939,inf,12912.537159
1760935385,17537.193056,17537.193056
3665182428,14757.184481,13717.773139
1046426736,19356.143810,inf
3665186789,inf,13717.773139
1723695032,19356.143810,19356.143810
2764482725,15633.677786,15633.677786
2339870801,18000.000000,17366.454361
2339869712,18000.000000,17650.222875
2488787681,inf,inf
1033436915,15633.677786,15633.677786
4201220509,18000.000000,17814.536995
853020901,26273.010697,inf
1005262341,15633.677786,15633.677786
2491237108,nan,-nan
884164596,16894.091491,24000.000000
4201076761,17908.549069,15275.467277
2751485959,19327.192979,17253.810165
1317942589,inf,inf
3333728133,32160.607984,inf
1151662356,15555.526243,inf
1186233750,18545.291170,inf
2857472132,8192.645078,9731.690258
2226454037,inf,17717.786957
1224039470,18322.122332,inf
455468280,19252.017835,inf
4002508622,18564.613855,inf
541659089,14061.657335,15061.655262
1002421180,11284.617341,11321.590218
1002419002,11383.353131,11243.748871
3550877532,19745.284999,19745.284999
1002422269,11254.387491,11261.532309
1002422269,11254.387491,11266.036126
2868342012,12851.150783,12843.548444
4244297863,18476.705205,inf
2081067907,17258.356716,15257.871879
2871037288,12850.798979,12843.547272
2251155702,inf,8733.213459
1159935227,inf,8848.287802
498477232,14039.089283,14699.735924
3040135339,14842.859701,14754.855798
1979981558,32160.607984,inf
1504784514,12088.846080,14257.896810
4101138268,18187.501775,18666.576266
3397093466,13452.350441,13093.582044
2515651256,inf,inf
1504748577,12400.729882,14257.896810
3397021592,13261.842577,11415.037499
1503562627,12136.029402,14257.896810
3396123167,13196.486974,11415.037499
3731272395,31027.605203,inf
2514249739,25749.254107,22923.184403
3396051293,12991.899095,11415.037499
1458779917,19633.677786,20633.677786
3123328408,inf,20547.330902
2168820612,13257.812551,13257.812551
721912484,14114.926804,inf
1878083647,inf,23356.143810
4201292424,18000.000000,16927.725349
802669295,16115.486723,15257.896810
1505826589,12057.246578,12059.151961
1505826589,12057.246578,12064.804360
1505826589,12060.052807,12059.151961
841915764,26857.680202,26857.680202
3397165340,13786.933763,12755.501439
1505826589,12060.052807,12061.176829
4101170944,18187.501775,18187.501775
543083969,14218.640286,14218.640286
2937184879,21887.205106,22788.775370
2338673885,26857.680202,inf
2879700015,14218.640286,14218.640286
2936070799,22579.591144,23821.221992
2755063446,21564.613855,21564.613855
496832987,13705.881870,15769.172704
2448037601,31027.605203,31092.574437
2603208123,14630.402654,inf
2417139481,15759.208668,15759.208668
2489408813,19909.887580,19909.887580
2894235650,10917.162354,10900.005778
2417139407,15759.208668,15759.208668
998751245,9848.287802,10908.558563
2376594065,12703.083793,inf
1885211091,inf,16896.712192
2103458399,15896.712192,11361.111618
3927140273,14186.218809,14188.725664
2673244943,14896.712192,14896.712192
694772825,14476.694143,14476.743017
3293184686,8000.000000,inf
802561485,inf,20182.765469
4198704991,17221.826733,16927.725349
3858213104,18218.640286,18863.008888
3517414564,20352.371077,20641.698453
892394199,16891.475543,14896.712192
730978537,31027.605203,31027.605203
3805897299,14896.712192,19141.290457
2953482110,15894.807616,15894.807616
892214514,14896.712192,14896.712192
850887030,15025.136716,14896.712192
929157750,16696.219252,14896.712192
3368474075,inf,14896.712192
852072885,14896.712192,14896.712192
334447034,inf,26857.680202
4197734620,17163.056932,17040.598057
3857063124,18873.295527,18873.295527
3516228642,21661.394324,inf
1961145930,inf,14896.712192
2837009785,inf,14896.712192
246634925,inf,16896.712192
2560582450,14896.712192,inf
545563525,inf,10218.640286
2561940701,22347.358697,22739.294262
811543765,14899.686716,14896.712192
1320091136,inf,31027.605203
288321908,-nan,-nan
497295659,inf,10576.358805
2975413519,15913.407613,15989.384482
2614936721,inf,10842.767296
2718301498,inf,18124.994646
3628329450,10810.175441,10810.175441
179289047,inf,inf
3354328432,10885.708989,9123.741857
2401838679,17320.519900,17374.291157
4256425478,inf,32160.607984
3013398957,inf,inf
3007796573,11516.092956,11460.235006
2401659025,17218.640286,17347.155027
1044989224,inf,inf
3267827172,inf,31027.605203
998753428,10332.617194,10326.338577
2569061756,32160.607984,31027.605203
4174358511,18218.640286,inf
1853479702,31027.605203,31160.607984
4176766320,18218.640286,inf
2872151331,12843.553988,12843.553988
3971547367,inf,19356.143810
2676753977,17218.640286,17218.640286
2979997422,9000.000000,inf
2606829283,24678.071905,15217.820806
3042209229,14218.640286,14218.640286
168687572,15896.712192,31485.628831
2286733330,16149.813162,13865.573680
3508679638,17944.246018,12218.640286
1268141535,14994.375451,9000.000000
2257011255,inf,14270.084369
1564206040,11246.354852,8848.287802
3419146122,12676.945240,9676.663711
3241809789,9000.000000,inf
3351512722,9644.752154,inf
2873730111,16218.640286,16218.640286
2564096924,20254.860474,21639.168500
2824732189,9555.452618,9555.452618
1272876509,10323.271561,11646.991053
3009777579,20589.661017,inf
2293993695,inf,11415.037499
2288060823,13796.716527,inf
648145529,15842.684508,inf
3722267390,8000.000000,8680.327879
1526145405,30915.055755,inf
3197453749,inf,31160.607984
857615007,21142.019005,21142.019005
566448987,19668.354393,inf
2456158579,11713.352001,11713.352001
4104809503,11546.017588,inf
2143835223,inf,31027.605203
4027760541,8192.645078,9040.932880
2447989185,12620.470387,inf
2637812193,20218.640286,20678.071905
3926742584,22796.076119,24857.680202
3169852495,inf,13000.000000
2407434430,15501.749132,10192.645078
1122237312,15214.362354,inf
2671505512,14349.451921,inf
3785075885,8703.051424,9435.031841
1191082809,14986.190555,inf
1770876890,inf,inf
3554249948,17415.037499,inf
994987124,inf,31027.605203
1191082809,14986.190555,16000.602237
1252300260,26857.680202,inf
2645964673,inf,31485.628831
2817580754,8606.426736,8775.708102
2024669040,17537.193056,17537.193056
3089090576,9000.000000,9000.000000
932535891,16400.087158,16400.087158
3173300941,12256.654378,12238.960271
2336495989,17962.265968,17962.265968
637748092,21587.447016,inf
4149459282,14190.112573,inf
4205454848,14218.640286,inf
995408019,10295.415679,10295.266655
1972176618,25137.204167,31160.607984
1765542351,9118.629087,10173.786704
1764356462,9118.629087,inf
3018394204,9392.669686,inf
2368559697,10415.037499,inf
2368524852,11415.037499,10415.037499
3705421539,inf,32160.607984
3584757598,8000.000000,8000.000000
3631015058,31160.607984,31160.607984
2781669975,13749.605678,13787.648850
1919585643,18187.501775,18515.539587
1761683705,31160.607984,31160.607984
2781669975,13768.501870,13787.648850
3054942196,15607.682577,inf
2301176016,10441.744049,10213.755627
3896126707,15385.685560,15385.685560
2103311384,12929.852844,inf
703918542,26815.575429,22356.143810
2447917310,13863.409336,9957.010109
4026466813,10778.568795,inf
656060983,28927.750802,28436.764449
3822016943,8848.287802,8995.179234
995406930,10295.341165,10595.057889
656060983,31160.607984,29137.204167
3821984276,9848.287802,9540.765680
3233028394,inf,9783.538314
995405841,10678.091741,10572.133668
575274602,14904.480979,inf
1002421180,11284.617341,11243.748871
1969582614,14345.803515,14345.803515
1002420091,11388.064371,11243.748871
570710601,14541.646315,14842.860873
1002417913,11374.698497,11243.748871
1002416824,11443.965297,11243.748871
1969548859,14813.989338,14724.249844
1002415735,11544.212823,11243.748871
2525211264,8117.356951,8117.356951
1969548859,14724.249844,14724.249844
1002414646,11583.227663,11243.748871
570566856,14637.477199,14823.379143
1002413557,11590.096992,11243.748871
1969519455,14761.773771,14761.773771
3014013671,11581.395282,11243.748871
1969518366,14761.773771,14770.953549
2873760605,16218.640286,16218.640286
3865858994,9360.099508,12763.710138
3865858994,9360.099508,10231.912676
3865858994,9360.099508,9735.219315
2852717424,31160.607984,10842.767296
3865858994,9360.099508,9536.786161
3341917605,8348.780094,8607.172157
2026933071,17537.193056,17537.193056
3341917507,8348.780094,8472.278656
2026861263,18460.070978,17537.193056
2819018200,9166.599785,9166.599785
1978472671,inf,10842.767296
2812335234,10774.805155,10774.805155
2451465040,18300.683041,inf
2812191486,10774.805155,10774.805155
1798444812,12025.400378,inf
143729449,32160.607984,inf
3788449214,16116.095012,16116.095012
3124414142,15718.520651,15029.825578
1673481020,31485.628831,12361.111618
3123255445,26478.198554,28945.552216
3016887331,13440.176499,inf
1457701807,22508.146904,inf
3017965441,13452.821853,inf
3665041629,inf,inf
2524730881,inf,24857.680202
2971516228,inf,11000.000000
454246423,inf,inf
3591586335,inf,inf
570952887,23564.613855,23606.083122
3205430126,13000.000000,13000.000000
3510800052,inf,inf
3257191734,31027.605203,8000.000000
2706068209,inf,9000.000000
2374634143,inf,10912.537159
2856490809,16773.558509,18112.792185
45514857,inf,inf
3859928303,9555.452618,8848.287802
1272808991,9644.289737,9821.317523
500462584,14860.448648,15190.231871
800404177,13842.779467,13374.863092
641413604,19051.045342,19051.065916
2337494606,15882.270183,15901.154612
800339924,19051.045342,19051.055629
4122841987,15882.270183,15903.601445
3621197571,32160.607984,inf
4122841915,15882.270183,15892.896389
3314132439,31238.516302,31027.605203
2334084945,16000.000000,26050.325279
2334083856,16000.000000,16998.647629
3314131350,31485.628831,31027.605203
4010287229,16000.000000,16414.586568
2734161328,15031.648201,15365.188950
1443951122,22775.299871,23793.831301
123419805,9848.287802,9848.287802
1030406476,inf,inf
2978620235,18254.860474,inf
413853197,inf,17946.263058
566809780,17946.263058,inf
2406392416,inf,32160.607984
1726182441,20348.948309,inf
1751428372,15984.838408,inf
3055848848,18254.860474,inf
3098649786,9000.000000,8000.000000
375760011,17946.263058,inf
456402612,inf,18250.926401
4182002141,10555.452618,10555.452618
4181822426,10555.452618,10555.452618
1036805268,10405.348362,10405.348362
1036805268,10405.348362,10405.348362
1036805268,10405.348362,10405.348362
4148940071,10405.348362,10405.348362
2676321004,13101.667629,10951.590124
2551352913,11000.000000,inf
1122236229,14207.659333,16214.362354
2673769545,14514.422229,inf
1270365270,inf,8630.483777
2783909067,10773.690267,10851.413179
1002305745,11406.308793,11857.123666
3616939061,32160.607984,31027.605203
4183188062,10555.452618,10555.452618
3009090305,11406.459380,11433.096651
3353250361,9751.046627,inf
3395907545,12823.321089,12323.995121
3747118793,12681.380569,12507.902771
271183102,19745.284999,inf
2685047787,inf,12415.037499
2003982803,inf,31485.628831
172019734,16167.109986,inf
2608223206,16167.109986,17167.109986
915441781,inf,31027.605203
2641185056,inf,16167.109986
2521688328,17167.109986,17167.109986
2004047292,inf,17558.329561
803967383,17049.631661,inf
2718374465,15896.712192,inf
1871974357,24437.063806,inf
2975701009,15890.822297,15891.189711
1959959979,19896.712192,21977.632187
1316619459,9576.358805,9576.358805
2471883120,15896.712192,inf
1839981589,19441.024945,19327.192979
2469619123,14896.712192,14896.712192
2469583151,14896.712192,14896.712192
1704989539,16045.417579,16055.084970
2468612885,14896.712192,14896.712192
2977975785,inf,17537.193056
1961145930,inf,17896.712192
1871974357,23437.063806,inf
2975701009,15890.822297,15891.557220
2975701009,15890.822297,15891.005992
3806975373,inf,16896.712192
1959959979,19896.712192,20657.369701
1036958739,15218.640286,inf
3271420942,15896.712192,inf
1002449494,11250.748081,11250.748081
2773440404,inf,13209.524765
3231099625,15896.712192,inf
2932488612,8564.858803,8117.356951
3266425566,inf,15311.749691
3393715385,13681.380569,inf
1919517038,21245.112498,19904.075580
398553505,inf,12000.000000
3747229865,15778.665947,14896.712192
95821133,inf,32160.607984
1873302935,23437.063806,22050.040682
3118553144,inf,32160.607984
2372288203,28584.284175,9000.000000
573534116,16210.855424,inf
2337716289,18199.507200,inf
3432401026,12119.604572,12119.604572
1744384725,16405.451066,inf
2063660687,inf,15074.000581
122162013,12848.287802,inf
2299441857,17459.431619,inf
1035448374,11333.085838,11333.085838
627228182,18579.701189,18625.504878
300540614,15000.000000,15582.147485
627192242,18469.877003,18602.421265
1310611447,15000.000000,15261.907740
626293817,18469.877003,18500.111475
298384428,15000.000000,inf
2725476849,10748.933491,10977.050442
2442051954,8678.071905,inf
2817544783,8454.938758,8688.585973
2024597232,18300.681959,17537.193056
3311299184,9675.734835,inf
3859719215,8774.248355,8567.037574
2024561263,18058.855729,15917.759853
2643525107,18959.274543,18973.968688
3311263346,10675.929355,inf
2877430538,16673.161991,16673.161991
736030484,inf,14757.184481
2132201932,12842.779408,inf
1354865837,17537.193056,17537.193056
3665156292,14757.184481,14145.828492
2487009760,27510.360578,inf
1046426669,20356.143810,inf
3665155203,14419.362422,14145.828492
4210457946,inf,31027.605203
1046390796,21356.143810,inf
3665154114,14310.753642,14145.828492
2832365543,31027.605203,31160.607984
690929552,14757.184481,14248.138249
802596332,inf,19102.679984
4200214273,17908.549069,16059.851555
1151662315,16555.526243,inf
3067484565,inf,inf
3929186341,16842.684508,22368.263624
3344019780,inf,inf
3627345128,inf,31027.605203
2571317931,inf,inf
545791320,inf,inf
3266791108,12843.891835,inf
1082990845,31160.607984,31160.607984
2569053899,20327.192979,inf
2329351344,31092.574437,inf
1577561689,17167.109986,17167.109986
659248045,inf,17386.500147
305499959,15752.072487,inf
3098577909,8045.803690,8415.037499
886536566,15896.712192,24000.000000
433951552,11679.299518,inf
1033247505,9848.287802,9848.287802
1193429304,9192.645078,8137.212687
1719453848,9188.649461,9203.713357
4001502359,inf,19327.192979
695958780,14061.657335,31027.605203
3544745964,13238.960271,14238.960271
4256481237,16257.896810,inf
553450224,inf,32160.607984
1002419002,11383.353131,11315.527596
1726407025,8532.394450,inf
570530919,14637.477199,14762.996954
1002414646,11583.227663,11438.337385
2868377949,12858.092922,12843.548444
2839987716,12847.344606,inf
2161816164,18744.872282,19095.043510
2872079457,12858.087321,12843.547272
2251152431,9733.213459,inf
3918088104,inf,9848.287802
3040138609,14303.139006,14598.014818
1467960421,16717.327925,inf
3040138609,14303.139006,14522.461284
3889410379,11848.287802,11848.287802
3040138609,14303.139006,14598.014818
2059936936,8606.475643,8000.000000
498441298,14331.922610,14412.513944
1159035716,32160.607984,31027.605203
1540254298,14798.186828,14840.482205
3887110516,11848.287802,8000.000000
1540218361,14798.186828,14855.801813
3450370334,inf,22806.526853
1504784449,12088.846080,12799.180749
2515615317,inf,22748.430174
1504748512,12400.729882,13083.354266
3397021592,13261.842577,12100.495189
1503526625,12728.915496,12837.665418
3396123167,13196.486974,12046.670321
2514249608,25749.254107,23735.764009
3396051293,12991.899095,12046.670321
2514213671,24421.182405,23735.764009
3038982088,12926.522824,12926.522824
281145359,31027.605203,31160.607984
3396051293,12991.899095,12443.218739
1501154847,12926.522824,12926.522824
3396051293,12991.899095,12752.752186
3018109180,11440.176499,inf
4285553576,inf,21547.330902
721804636,15114.939004,inf
1505826589,12066.057305,12060.614709
2012338244,26857.680202,inf
2937184840,21887.205106,23143.150087
2879655365,14218.640286,14048.715285
3728668747,16896.712192,inf
2879655365,14218.640286,14131.177445
3310149195,12994.353523,10951.590124
2814202684,9158.968344,8192.645078
2023483119,16745.818120,17860.636321
3693116220,20546.282033,17537.193056
2448037601,31160.607984,31059.724129
1276225185,13868.700673,9000.000000
2603207034,15632.448740,inf
4107910725,15759.208668,inf
302198153,19579.934520,inf
2376565751,13775.998326,inf
1885211091,inf,18896.712192
3594872070,10810.175441,9000.000000
694434633,12300.617330,12300.617330
3927032462,14188.725664,14202.338474
2090764363,26583.088644,inf
2166484706,11158.309999,inf
1877864762,inf,20356.143810
1001157936,10459.489741,10549.684570
660167478,14572.850870,14606.106832
1885211091,inf,15896.712192
1202561568,inf,31027.605203
2752459525,19003.237037,inf
3088982733,9000.000000,8000.000000
892394230,15582.147485,15582.147485
3805753551,19141.290457,15830.074999
2953482110,15894.807616,15897.450122
891316089,14896.712192,14896.712192
849593261,24415.037499,14962.511047
139973969,15896.712192,15311.749691
929157781,15657.091966,15657.091966
3367611551,inf,15896.712192
3012690899,21423.875698,17537.193056
4198704919,17221.826733,17080.273848
3516264543,20352.371077,20489.793939
3857063124,18873.295527,18873.295527
3514970847,22661.394324,inf
852072916,14896.712192,14896.712192
218496217,inf,17896.712192
3299175608,18745.284999,inf
246706798,15896.712192,inf
2560366760,15896.712192,inf
811256306,14903.284846,inf
3435007064,11596.912147,inf
931349942,15916.520673,16430.144392
2953449447,15891.159090,15950.895958
2613822675,inf,11842.772921
2953449447,15941.321181,15950.895958
3804603529,19141.290457,19141.290457
655172274,19356.143810,inf
179253017,inf,19356.143810
1765167417,inf,19356.143810
1765165239,20356.143810,19356.143810
2400509008,17320.519900,17396.373655
588632364,25272.717701,inf
531953919,17946.263058,inf
2260666061,inf,17717.786957
4150525777,16218.640286,16218.640286
3627494321,nan,31160.607984
1763089615,23344.712793,22050.040682
2933566785,11180.020539,9000.000000
3267539617,19356.143810,31027.605203
3437272822,nan,-nan
3310424394,inf,25227.092876
1033175631,9040.932880,9040.932880
3508407750,12672.728063,12859.010507
3785255570,9848.287802,8848.287802
2517915183,inf,21565.135123
1359427654,17537.193056,18769.623190
2676760511,17218.640286,17218.640286
2979997329,9000.000000,10000.000000
2606828198,inf,16217.411241
1505871896,31160.607984,31027.605203
4110285827,31027.605203,32160.607984
2930819523,10870.997272,10870.997272
3013962723,14218.640286,14218.640286
3258873760,inf,14896.712192
2447719771,14596.189068,16149.813162
3176824274,13000.000000,13000.000000
3508643700,17808.112828,13191.945182
627335994,18579.701189,18672.810593
300612491,14575.833711,inf
2824732189,9555.452618,9555.452618
3350398710,10646.646381,inf
2264117338,inf,30353.636955
2687275850,12415.037499,12415.037499
2263075236,31027.605203,31027.605203
2687275813,12415.037499,12415.037499
3722267390,8142.407714,8680.327879
2287741746,13326.937349,inf
857543126,22678.071905,21142.019005
4106692127,31160.607984,31027.605203
564292765,20669.126045,20764.879625
856429083,14896.712192,inf
2456128091,11713.352001,11713.514433
3361695587,inf,15000.000000
3283352924,15000.000000,inf
4127476448,31129.209979,31027.605203
2406547287,inf,9000.000000
1359427654,21857.581187,17745.284999
1033175631,9040.932880,9040.932880
1033105932,8555.319042,8555.319042
2637786057,20678.071905,20678.071905
1165629447,nan,nan
3169708814,14000.000000,inf
1243026693,inf,inf
2671469509,15349.451921,inf
994982768,32160.607984,31027.605203
1191051228,15406.015970,inf
3895048560,15148.250959,15148.250959
1513324450,28857.680202,inf
457661652,16721.345958,inf
931385876,16063.362061,16367.004803
3173157162,12256.654378,inf
2165188801,14427.448480,14959.565270
2526362331,9158.058976,inf
3086427639,16378.852090,16057.738983
2122673148,16049.717308,16050.208704
3486969817,14842.858807,14636.682575
2166700329,13768.501870,13778.043596
3216712054,18450.792911,18450.792911
2303583789,10009.200443,10009.200443
4226460690,25254.860474,25254.860474
3895192308,15385.685560,15385.685560
3555292125,inf,17000.000000
1972168993,28137.204167,28137.204167
1571465380,8848.287802,8920.133539
1269353591,8595.357342,9000.000000
995406930,10295.341165,10649.879446
656060983,30137.204167,28137.204167
3821984276,9848.287802,9686.499058
995405841,10678.091741,10624.140168
3263934312,9804.011896,inf
995409108,10294.223922,10296.608421
362942272,inf,17537.193056
1002421180,11284.617341,11322.354138
1838948256,31160.607984,31160.607984
1002420091,11388.064371,11350.798321
1969551038,14392.948274,14687.953587
1002417913,11374.698497,11350.569795
1969548859,14724.249844,14840.461038
1002416824,11443.965297,11466.206042
1969548859,14813.989338,14768.421949
1002415735,11544.212823,11451.755011
1969548859,14724.249844,14724.249844
1002413557,11590.096992,11425.870693
1969519455,14761.773771,14761.773771
3014013671,11581.395282,11414.280205
3010240292,11406.308793,11455.672626
1727899006,10109.514763,10109.514763
3019259166,inf,9446.946727
2812191486,10774.805155,10779.083925
3459378998,31027.605203,31160.607984
585792788,15880.709033,15900.277358
2953587747,inf,18311.749691
4283145824,26478.198554,28360.589715
3016851388,11454.010515,13187.438677
3017102947,11384.433512,13187.438677
922771050,11257.816966,10842.767296
2330475985,8000.000000,8000.000000
3723561156,inf,31027.605203
2419215345,inf,25857.680202
159033337,9848.287802,9848.287802
534362787,17253.810165,inf
3591406616,14295.437664,14295.437664
2399251211,18963.826387,18417.858018
2896520540,19187.501775,19388.827620
3510764083,inf,14295.437664
1053479306,inf,11912.537159
2856490809,16773.558509,17527.829684
4133367942,inf,8999.999846
3783852939,8848.287802,8848.287802
570881013,21212.122941,23585.199493
3205358252,13000.000000,13000.000000
3510763989,15295.437664,14295.437664
2856490809,16773.558509,17305.437263
1693303382,14295.437664,inf
3587884786,17546.282033,17529.208519
533322792,19077.667472,inf
1760428086,21356.143810,22356.143810
2126164484,23694.411275,23793.831301
1030370504,inf,9836.094007
2977757748,19254.860474,inf
1024225405,inf,inf
1797368060,inf,22356.143810
77734165,20291.542856,21827.343759
2520176817,5000.000000,inf
2492045763,6000.000000,inf
2090766541,25285.343215,inf
3055812912,19254.860474,inf
854677676,18948.300551,18948.300551
573499265,16210.855424,17224.565082
4183188062,10555.452618,10555.452618
4183008377,10555.452618,10555.452618
4182002141,10555.452618,10555.452618
4181822426,10555.452618,10555.452618
4147682274,10405.362636,10405.348362
2285518002,14494.982444,inf
365226309,inf,31027.605203
1002305745,11406.308793,11614.265480
2452427525,14332.086675,13100.034012
3007976258,11460.235006,11406.459380
1355767523,inf,17537.193056
2746762032,inf,31027.605203
4110169311,19669.923445,16759.208668
2895241893,10924.323147,10909.885703
3009090305,11406.459380,11419.716539
1791661518,17537.193056,17745.284999
4127478626,31238.516302,31027.605203
4036026149,11841.266040,inf
3395979419,12867.376060,12410.981361
3395907545,12823.321089,12552.162586
2084723680,20806.526853,20806.790050
3334769441,19942.515881,17619.868733
2685047719,13415.037499,inf
171983796,16582.147485,inf
2973014032,18254.860474,18254.860474
1797337568,23356.143810,inf
2171629169,8580.957430,9000.000000
1885211050,inf,19896.712192
2166663307,15848.161426,15848.161426
718426558,inf,14257.896810
2377823546,16896.712192,inf
2004046203,inf,19558.329561
760005737,16050.541750,inf
3691977011,15896.712192,inf
3728776499,15896.712192,inf
2468612845,14896.712192,14896.712192
1839948919,19357.186760,19327.192979
756244138,21131.260470,21131.260470
2128392581,inf,14842.858807
584499154,16947.634770,inf
583385074,16924.078777,17386.500147
1961145930,inf,18896.712192
1871973268,25815.575429,21356.143810
1959959979,19896.712192,20227.479224
1003373888,25282.123231,24857.680202
3266425566,inf,16311.749691
2260023727,31027.605203,31027.605203
3393607678,14823.321089,inf
85142324,18891.546198,18712.734433
2565350365,17253.810165,20713.337235
573503627,17220.672370,17220.998889
3049991148,18174.968960,18254.860474
1744348749,17408.787802,inf
1441723030,23717.093568,inf
3777925523,inf,inf
2299370017,18459.431619,inf
2567872839,inf,9556.862871
2725476911,10898.954536,10748.933491
3135209225,10578.036219,10578.036219
2725476911,10859.961592,10748.933491
3134095218,10578.036219,inf
2815460476,8667.670584,inf
1157820039,inf,inf
2877430538,16673.161991,16851.638977
2440650697,22251.807150,inf
3666515369,15757.184481,15805.437902
3342133125,9675.929355,8000.000000
2819916625,9158.968344,9166.599785
2254747221,11400.598513,inf
2878332229,14719.229230,inf
507388043,13912.537159,inf
4200178343,17908.549069,16706.366878
1799479501,19245.112498,19245.112498
882906794,17883.656039,24000.000000
2339831601,17908.549069,17912.302414
2339830512,17908.549069,17910.424521
2339829423,17908.549069,17909.486491
1150548308,17564.613855,inf
3342833835,19327.192979,inf
544928827,inf,19327.192979
3265533373,13843.891835,inf
852341774,19364.695885,19327.192979
2519029331,19327.192979,inf
1360578727,17537.193056,18769.623190
2482157937,19327.192979,19327.192979
3786146375,inf,8848.287802
2518993291,19327.192979,20327.192979
66115899,32160.607984,32160.607984
1033215924,9848.287802,8848.287802
3511965412,12645.750618,16415.037499
1002419002,11383.353131,11349.041814
1727664787,inf,9000.000000
1002416824,11443.965297,11455.042812
1002414646,11583.227663,11508.964366
570638763,14392.948274,14671.563104
1002420091,11388.064371,11369.311023
1969549949,14392.948274,14525.540315
1002420091,11388.064371,11378.657226
2868413886,12844.241890,12844.241890
883278166,inf,19218.640286
1317912100,16830.074999,inf
4243147946,19623.599233,19862.649317
1317911013,16830.074999,17830.074999
4243111977,19623.599233,19799.173907
3071242311,14900.672310,32160.607984
1048607495,inf,14600.388011
3040168010,14598.014818,14598.014818
3623926753,inf,31027.605203
3917872480,inf,10848.287802
3040138609,14408.636409,14598.014818
3040138609,14408.636409,14500.220447
3040138609,14522.461284,14598.014818
3887182289,31485.628831,31027.605203
1540254236,14840.482205,14840.482205
3039163948,14259.277540,14259.277540
394995714,9808.264165,8192.645078
1502268859,12063.333441,12782.266008
3396123167,13196.486974,12509.938516
3865821968,12440.176499,inf
4285517666,inf,23723.500362
2168786853,13259.277540,31027.605203
3397093466,13452.350441,11415.037499
2679202049,24749.254107,inf
3038985357,12063.333441,12378.472708
3396123167,13196.486974,12812.753119
3194449906,27857.680202,inf
2937112964,21887.205106,22382.616022
2561828538,21811.074037,21811.074037
2879619430,14418.564011,14210.466355
2878471625,13777.506948,15015.937630
3585984902,8000.000000,8000.000000
3846968782,8225.540049,8492.817349
4055861177,18961.319532,18961.319532
2448036519,31027.605203,31109.284418
6450247,16632.448740,inf
1109827311,11088.531343,inf
998755606,10285.946370,10334.974465
302126284,20729.003939,20729.003939
2874774464,31485.628831,31027.605203
3898515100,31160.607984,31160.607984
3926098100,14202.338474,14202.338474
174545371,22817.831403,23004.104398
2673352685,14896.712192,14896.712192
818371802,inf,14896.712192
3160027709,inf,32160.607984
636815029,inf,20013.852375
3804783252,19141.290457,16707.642415
890022421,14896.712192,24000.000000
3288369196,14392.317423,inf
849557265,15960.453401,24415.037499
139973969,15896.712192,15574.784097
1144778733,8000.000000,inf
2005203810,31160.607984,17558.329561
1843508986,inf,21356.143810
4197590911,17100.528565,inf
2835752054,15896.712192,inf
2559504275,inf,16896.712192
928978099,16400.087158,15713.219115
2953449447,15891.159090,15946.100626
179109270,20356.143810,inf
2103528095,15896.712192,15896.712192
3361094229,31027.605203,31160.607984
2414799779,19771.181310,inf
2675748830,17264.867116,inf
3296420416,23870.716983,26192.645078
2260630052,inf,18717.786957
1090233907,19356.143810,inf
4150453897,inf,17218.640286
1842508199,nan,19356.143810
3434655943,nan,inf
51551253,19218.640286,inf
1894854389,19218.640286,19218.640286
965762172,9000.000000,9000.000000
965497839,inf,17537.193056
3550800032,inf,31027.605203
1191014201,16427.906747,17427.906747
1799513256,19142.019005,19218.640286
1033175631,9040.932880,9040.932880
2448131842,12762.864746,12607.246561
1911401694,inf,31027.605203
1359426565,17537.193056,18600.157451
2433822601,17218.640286,17218.640286
2400473132,17218.640286,17357.948307
3297354681,inf,22870.716983
426157142,20556.497182,20556.497182
2400401200,17218.640286,17286.613485
426157078,20556.497182,20556.497182
1277662663,9000.000000,10000.000000
4155245042,inf,inf
704062221,20356.143810,inf
2978883281,9415.037499,nan
125912565,17217.820806,inf
2873760605,16218.640286,16218.640286
2873760605,16218.640286,16218.640286
2873760605,16218.640286,16218.640286
2873760605,16218.640286,16218.640286
590213811,inf,inf
4110316320,31027.605203,inf
588920073,inf,31027.605203
4110285827,inf,31485.628831
1839914197,23016.488123,inf
2930819523,10870.997272,10873.361712
2873587460,17827.572491,16218.640286
62601764,inf,21356.143810
740358406,26050.325279,inf
2065786355,inf,22356.143810
739244291,27050.325279,inf
62597408,23437.063806,inf
2935282603,inf,17537.193056
2146898466,9968.643404,9968.643404
1189645323,13476.438044,8000.000000
3419182094,11676.945240,inf
247836100,24857.680202,inf
2177948034,10041.447285,10041.447285
565191197,20669.126045,20764.879625
856644699,20314.156189,21714.597781
3856304027,inf,17386.500147
564328702,20669.126045,20764.879625
2456129179,11713.514433,11713.514433
4106692127,31027.605203,31092.574437
4281673384,18469.877003,inf
856321238,inf,15896.712192
4106692127,31160.607984,31485.628831
797965903,20764.879625,20669.126045
855458782,inf,16896.712192
2456123735,11713.514433,11713.514433
2607006791,inf,19218.640286
3743674286,16000.000000,inf
3676306586,32137.204167,inf
4109099907,inf,31027.605203
4028982400,9040.932880,9040.932880
3477717554,12607.246561,12682.958425
1033184343,9263.325301,8848.287802
2449101053,13568.763588,12607.246561
2518022992,19742.230479,inf
1359427654,18806.551791,18664.191312
3476279974,12654.386847,12607.246561
1359393897,18274.873192,18274.873192
4027688632,9040.932880,8555.319042
3168666677,15000.000000,inf
3168630741,15000.000000,17000.000000
1147306352,22000.000000,20678.071905
3925556704,inf,19546.856173
3168630635,15000.000000,15678.071905
4127585352,31027.605203,31027.605203
3168594698,15000.000000,15299.560282
2405062594,14494.982444,inf
1162927900,-nan,nan
3014317164,10162.643090,8000.000000
3065108401,31039.921305,inf
2731789455,14494.649679,15507.964935
2702249241,14708.460285,15035.981067
1877976925,26289.506617,inf
696658953,25857.680202,inf
3543560113,inf,13653.997770
962291668,15896.712192,15977.632187
3174271247,12274.568193,12238.960271
3172115060,13256.654378,inf
2911322692,16409.548381,16246.175045
3067828327,16378.852090,16246.175045
3486969778,14842.858807,15560.112468
2166698155,14091.548913,inf
3054870354,17607.682577,inf
3018685516,10263.325301,10263.325301
1002421180,11284.617341,11303.362357
1002417913,11374.698497,11403.196151
1969548859,14840.461038,14724.249844
1002415735,11544.212823,11497.243377
1727521072,8117.356951,inf
1969548859,14724.249844,14724.249844
1002413557,11590.096992,11505.648306
3014013671,11581.395282,11495.419366
365118490,inf,32160.607984
1002305745,11406.308793,11506.624106
1238350581,9192.645078,9192.645078
872707243,25733.205454,25733.205454
3010783817,20254.860474,20908.162467
1460109595,inf,inf
2168852194,11842.771817,10842.767296
4285733293,16057.738983,inf
3459235255,31027.605203,31092.574437
2953587747,inf,19311.749691
3123228221,26478.198554,28138.197294
3016851388,11454.010515,12074.681791
3723525185,8830.074999,8000.000000
3584683550,8000.000000,8000.000000
1154037204,8356.143810,8830.074999
3584654150,9000.000000,8000.000000
2496448426,26857.680202,27857.680202
3590400480,14295.437664,inf
2675712893,18665.168072,18304.119250
3510728047,inf,14710.475164
2856490809,16773.558509,17205.901589
44328999,15295.437664,inf
800366060,19051.045342,19051.127641
4122949727,15911.369289,15897.765728
760366534,nan,inf
3518964207,24437.063806,inf
641413670,19051.045342,19051.086491
4122913790,15904.551475,15897.765728
2259516040,21771.181310,inf
854713621,18948.300551,18948.300551
1271736157,10415.037499,10415.037499
2492044675,7000.000000,inf
2084760704,inf,18745.284999
1750422174,16984.838408,16984.838408
3054734802,20254.860474,20254.860474
2108306624,19948.300551,18948.300551
4183008377,10555.452618,10555.452618
3725290611,16218.640286,inf
4183008377,10555.452618,10555.452618
1001417080,16167.109986,16167.109986
4183008377,10555.452618,10555.452618
4182002141,10555.452618,10555.452618
4153540013,10555.452618,10555.452618
2219383500,10000.000000,10000.000000
1036772595,10405.348417,10405.348417
4146532290,10712.269497,10405.501316
3782737802,8400.087158,8400.087158
3856118975,10335.407559,10335.407559
3497425514,31485.628831,31485.628831
676739674,17244.496821,inf
2337676470,17315.043220,17575.619440
3007976258,11460.235006,11516.092956
1790619344,inf,18537.193056
3617945258,inf,31027.605203
3007976258,11460.235006,11487.893661
1790583506,inf,19745.284999
3007976258,11460.235006,11516.092956
1790583407,inf,20745.284999
3200194708,8000.000000,inf
3050272870,12761.586194,12761.586194
2373348860,8000.000000,8000.000000
4055753266,18944.246018,14139.992653
2293917459,14415.037499,14415.037499
2683969609,14415.037499,14415.037499
2608222116,17582.147485,inf
1022069088,10836.232525,10836.232525
2641181792,inf,18167.109986
2521688392,17167.109986,17167.109986
1884240785,20896.712192,20218.640286
3689569233,15633.677786,inf
3772619638,15633.677786,15633.677786
2529882568,19066.150105,15633.677786
2377821368,17896.712192,inf
3691869227,16896.712192,inf
725557988,14896.712192,14896.712192
1871973268,25815.575429,22292.013473
3392529564,16991.899095,inf
1959959979,19896.712192,20052.637017
2953449447,15891.159090,15920.226177
3804531695,17896.712192,19218.256097
2953449447,15891.159090,15936.947304
3804531655,17896.712192,18441.459705
2953449447,15891.159090,15915.723609
3266425566,inf,17311.749691
2260023594,31027.605203,31160.607984
2925952938,19187.501775,19388.827620
3393607612,15823.321089,inf
3078117482,26081.771022,28119.000938
1249789883,26272.717701,inf
2797658771,19896.712192,inf
3321374273,12847.826186,inf
1745786228,17220.998889,17220.998889
1716174175,18427.208279,inf
302840546,15752.072487,16385.290156
3135245162,10578.036219,10578.036219
2725476911,10898.954536,10821.994868
2295145854,11054.919325,12302.702146
690857679,14482.775281,14529.873278
3665147585,14529.873278,14482.775281
4199890882,17185.700853,17909.017704
2339828330,17185.700853,17502.495526
2339802194,17185.700853,17335.971429
3858249043,19167.109986,18218.640286
1798548402,20352.371077,20352.371077
4198992415,17185.700853,17258.880509
3858249043,18616.295708,18616.295708
1798547313,20352.371077,20352.371077
882196789,20327.192979,20333.392675
2527438822,inf,20024.392639
2529774765,19066.150105,16526.710796
2414587946,19218.640286,inf
879792277,20327.192979,21333.392675
1839914071,19343.675446,19346.885527
1834054162,19907.986802,20177.182224
2900667102,9848.287802,8192.645078
4003748790,inf,18311.749691
1002419002,11383.353131,11366.095473
1002416824,11443.965297,11513.872967
1002414646,11583.227663,11562.542700
2932946700,inf,17537.193056
1234820313,8612.369743,8546.066139
1726713085,10055.061749,9971.852490
1317914278,16415.037499,inf
4244154148,19738.373974,19862.649317
1317913190,16415.037499,17415.037499
3122071697,19738.373974,19862.649317
2860084510,14989.343400,16939.189322
3264919129,12858.092922,inf
3070164264,15900.663118,17411.780356
3070164202,15900.663118,16466.806932
3040138609,14453.701817,14598.014818
3622051862,inf,32160.607984
3040138609,14559.743518,14598.014818
1715546045,17717.786957,inf
3040138609,14453.701817,14727.291230
3040138609,14559.743518,14712.042737
4136647450,17411.122449,17376.357031
3450226652,inf,17537.193056
3043907635,31160.607984,27978.191071
2910028994,13855.121371,12936.811327
3066570505,16451.673933,12936.811327
3066534629,13855.121371,12936.811327
108100232,15019.476387,12936.811327
3015773278,11518.481322,11511.613331
2167817643,14259.271078,inf
3190155691,11994.353523,inf
2404066803,17320.519900,17320.519900
3397093466,13452.350441,12160.211860
2193612628,18187.501775,inf
2515615220,inf,23748.430174
3397021592,13261.842577,12623.555819
2934920807,21887.205106,21887.205106
538196470,14210.466355,15210.466355
538196432,14210.466355,14661.820750
2878547851,13860.448648,inf
2754021271,20218.640286,inf
499132948,14267.726560,15015.937630
4272021149,17632.448740,inf
2874774464,inf,31238.516302
2416923851,16759.208668,16759.208668
998755606,10285.946370,10334.974465
2415989522,16759.208668,16759.208668
2636479219,inf,32160.607984
2953482110,15894.807616,15899.820200
1116072423,15775.998326,inf
2084724769,20806.526853,20807.053295
3334769441,19942.515881,16771.369173
4106691045,31027.605203,31313.984815
3856196216,19579.701189,17386.500147
2368632427,inf,17896.712192
1885211091,inf,17896.712192
2563938150,31027.605203,inf
893616057,15896.712192,22192.645078
3804639466,17462.637495,19141.290457
848586961,24912.537159,16956.346891
1822038939,4415.037499,4415.037499
3367503745,inf,16896.712192
1843508986,inf,22356.143810
2948816308,inf,31160.607984
3782733446,8400.087158,8400.087158
3856087398,10335.407559,inf
2369849932,inf,17537.193056
2303691664,9782.638627,9777.348940
2053436785,31160.607984,31092.574437
3497425442,31485.628831,31485.628831
801379921,17244.496821,18267.365076
4128843395,17315.043220,17575.619440
1193015486,-nan,inf
1442488663,inf,31027.605203
66188862,31027.605203,32160.607984
1359427654,17745.284999,17745.284999
2375705486,19247.996223,19247.996223
497003885,14789.101987,14989.343400
1950895740,12842.692260,inf
1359428743,26857.680202,26857.680202
402987472,inf,31027.605203
4032576068,9848.287802,9848.287802
2407560944,32160.607984,31027.605203
3514373194,12645.750618,12645.750618
348672950,8317.493324,inf
1359281728,26857.680202,26857.680202
1375873265,21492.205360,22607.682577
1650670468,8620.945058,9715.326439
3688156913,inf,22564.613855
2644603184,18951.748624,18982.090764
1872158395,27277.037265,inf
3692048847,inf,14896.712192
3420475825,10676.663711,inf
2030858030,inf,9000.000000
1191013112,16842.944246,17852.795075
3175710227,13000.000000,13000.000000
575931150,31027.605203,31160.607984
2878445210,18896.712192,inf
3552313708,inf,23356.143810
3356057459,inf,24627.837493
4112650046,inf,inf
1616553332,18852.079924,18945.189328
2303691602,9772.078577,9785.290762
756345415,15158.705104,inf
1745763503,inf,31027.605203
3928434135,18678.071905,18678.071905
2103523739,15896.712192,15896.712192
4071531776,9848.287802,9848.287802
3176968022,13000.000000,13000.000000
169729780,31027.605203,inf
3270798312,inf,10313.280634
394689545,9934.205233,9935.195409
2559504275,inf,17896.712192
927971891,16140.472934,16070.069163
927900017,16133.766078,16070.069163
179073334,21356.143810,inf
3310396080,29113.519994,17537.193056
3626963844,10810.175441,10810.175441
179037397,21356.143810,22356.143810
2103525917,15896.712192,15896.712192
3360986518,inf,31092.574437
1921998867,23870.716983,25607.682577
2342531875,17537.193056,13022.113668
2414727905,20771.181310,20771.181310
2342531810,17537.193056,13960.358685
40279111,inf,inf
2298615528,22437.063806,31160.607984
3122179512,28530.514717,inf
3014587357,11377.286334,11372.240198
3865717424,11379.984840,11369.220968
2607929006,inf,11146.332077
2397166629,19218.640286,19709.981153
3885055730,32160.607984,inf
2475581257,19218.640286,19218.640286
2475581195,19218.640286,19218.640286
2371968038,17537.193056,17537.193056
2475581160,19218.640286,19218.640286
965461911,inf,18745.284999
965426067,19745.284999,18745.284999
1897118421,19218.640286,19218.640286
2491862817,8245.112498,8000.000000
379425554,18948.300551,26336.021788
3550764067,18415.037499,20218.640286
648726921,16842.944246,inf
1798549491,20352.371077,20352.371077
3858213104,19167.109986,18218.640286
3508126128,inf,9415.037499
2644994381,22192.645078,16218.640286
704062157,21356.143810,inf
4153987243,10162.643090,inf
4149411793,16218.640286,16218.640286
844216825,31027.605203,inf
1260875030,inf,16218.640286
999933903,inf,8848.287802
2873760605,16218.640286,16218.640286
2873760605,16218.640286,16218.640286
2873760605,16218.640286,16218.640286
2931897626,10424.255369,10689.366746
2873695266,16268.680969,inf
4110315231,31027.605203,31485.628831
2930927334,10870.997272,10870.997272
341261674,16268.680969,inf
1505869718,31092.574437,31027.605203
2930819523,10870.997272,10873.756162
2873586371,17827.572491,16847.081424
3013747033,14218.640286,14218.640286
3401818506,inf,31027.605203
2935620060,inf,inf
348457330,9317.493324,8848.287802
1871226040,17537.193056,nan
877279954,20748.842082,20748.842082
2300129289,31027.605203,31160.607984
922343859,31027.605203,32160.607984
1205585122,14295.437664,inf
2761106824,11218.640286,inf
3094995763,inf,18558.329561
3783922635,9848.287802,8848.287802
1983313250,8912.537159,8912.537159
2858718904,15657.244034,23168.784664
168651599,15896.712192,15896.712192
2446749479,15719.110743,15714.019894
1978293016,12842.779408,inf
3188989011,32160.607984,inf
797964814,20764.879625,inf
855422883,inf,18896.712192
3741701412,11713.514433,inf
131734359,21218.640286,inf
3281987290,17000.000000,inf
4127474270,31485.628831,31027.605203
1033284531,inf,8848.287802
2449028089,12645.750618,13009.342010
2679313124,23242.233004,20748.430174
2741162053,31485.628831,31027.605203
2377998875,nan,inf
3925664515,18551.843651,25227.132273
1761212708,11267.197120,inf
3168666573,16000.000000,inf
1158621792,18896.712192,inf
4127584263,31160.607984,31027.605203
3857594570,inf,9000.000000
3168522891,15142.019005,inf
1147270353,23000.000000,22000.000000
3893572738,inf,21549.963174
2746533271,inf,10000.000000
3168486893,15142.019005,16142.019005
1162748278,nan,inf
648762860,16427.906747,inf
2731933173,14563.162649,16028.501351
4188450928,15194.980428,inf
962255762,15896.712192,15936.604919
3174343121,12311.077262,12238.960271
3172043153,14274.568193,inf
3086426550,16378.852090,16310.988904
757718641,inf,32160.607984
2818505401,15259.326772,15273.660648
3865720691,11540.502562,12291.417709
4277324003,inf,17475.414744
1847687577,inf,31027.605203
844004237,32160.607984,inf
756385708,15157.363330,15158.705104
3485855837,15157.363330,15158.705104
3485855771,15157.363330,15158.705104
3484705753,15157.363330,15158.705104
2306990181,inf,inf
2166697062,15598.915961,17051.583451
2166697062,15598.915961,16149.650113
3080670097,17580.296254,32160.607984
3895048560,15148.250959,15148.250959
1002417913,11374.698497,11430.247172
1969548859,14840.461038,14781.185634
1002415735,11544.212823,11553.993116
1727520998,8117.356951,9117.356951
1969548859,14792.736619,14766.739652
1002413557,11590.096992,11555.701858
1969518366,14761.773771,14770.953549
3014013671,11581.395282,11541.956609
3420407312,17393.075329,inf
3016851388,11454.010515,11731.222547
1154037204,8356.143810,8573.735245
2496304684,26857.680202,27272.717701
3590364443,inf,15347.605680
3491450405,20546.282033,14347.605680
4181496865,15390.908563,15347.605680
551792866,20346.963476,inf
3205286378,13000.000000,13000.000000
3509865558,inf,15762.643179
1879318890,31027.605203,31092.574437
2856490809,16773.558509,17158.595875
3256113624,31027.605203,8000.000000
3783852939,8848.287802,8848.287802
1166372069,19388.827620,19388.827620
44328904,16347.605680,inf
40211593,28291.590482,inf
855791789,18948.300551,18948.300551
2259552011,21356.143810,inf
855755789,18948.300551,18948.300551
3476163138,15842.758306,15842.758306
77770098,20525.196819,inf
77734229,19564.613855,21827.343759
1034371353,9848.287802,8848.287802
1991578754,9000.000000,8000.000000
563287922,inf,19597.028842
3054734765,20254.860474,20254.860474
2108277224,19363.377471,19363.377471
3586806779,17653.197236,17653.197236
4182002141,10555.452618,10555.452618
2479155505,32160.607984,inf
1036770417,10405.348417,10405.362636
1036737747,10405.501316,10712.198842
3822883787,9848.287802,9848.287802
2783765312,10957.548451,10900.380764
3265012327,11072.063434,inf
2783765312,10957.548451,10928.681463
2286843321,13594.110626,inf
3007796573,11516.092956,11487.893661
3012464662,15842.684508,inf
3007796573,11516.092956,11501.924411
1920862059,31027.605203,31160.607984
2372117229,24078.949505,10069.422348
3215741755,18450.792911,19074.000581
2534110476,18896.712192,inf
3747266897,inf,11754.199018
3866793352,inf,11754.199018
4277252129,inf,21547.330902
2818505401,15288.138368,15288.138368
3528477014,31027.605203,31485.628831
4248933739,26063.161055,25821.416782
2818505401,15288.138368,15282.692183
3865718513,11337.402974,11337.402974
4248790021,26063.161055,27530.514717
3865717424,11379.984840,11337.402974
3014587357,11377.286334,11337.402974
2298723272,31160.607984,21356.143810
3098444139,inf,31027.605203
171121307,18582.147485,inf
1022033125,10836.232525,10836.232525
2972690661,18235.128409,18254.860474
1797332123,24437.063806,22356.143810
1890188453,inf,24335.499303
3772511829,15633.677786,inf
1808262448,32160.607984,inf
2468397260,14896.712192,inf
4082628412,inf,33160.607984
1959959979,19896.712192,19972.569107
1003158265,25054.348715,24857.680202
2718298238,18143.525838,18143.525838
2953448354,15905.227708,15913.305741
3803381737,18579.801258,19579.801258
2561721073,11180.020539,10176.035742
3266425566,inf,18311.749691
2861356709,31027.605203,31160.607984
85115107,18799.371782,inf
2778970642,19696.280963,18799.371782
3199224409,10000.000000,inf
2797658771,19896.712192,20977.632187
1716174140,19427.208279,inf
655654383,inf,inf
2725369036,11931.654028,11547.916463
2725369036,11825.735435,11547.916463
3664293809,14529.873278,14539.562009
1158250308,21000.000000,inf
2472450445,9415.037499,8000.000000
3065328282,20333.392675,20333.392675
4017924783,inf,24857.680202
2527402884,inf,21298.335830
544785086,20333.392675,20333.392675
366571911,inf,17537.193056
2414802766,inf,20333.392675
2108235839,19364.695885,19348.614009
1839940204,19346.807582,19346.963476
587406365,19346.846554,inf
1835053860,20444.375978,20218.640286
813043582,31027.605203,31160.607984
3182590714,20333.392675,21333.392675
1834055248,19907.986802,20169.260864
4139055297,inf,inf
681698947,15156.295239,17354.226821
540168496,16771.181310,16771.181310
3122034673,19925.434072,19925.434072
3069086122,16156.140567,17005.482517
3086464665,16156.140567,16637.989359
3069050189,16156.140567,16484.267149
3069050150,16156.140567,16413.141684
1159036805,inf,31027.605203
3040138609,14701.069906,14678.664890
2088363136,8204.057464,9000.000000
499447533,14550.489782,14550.489782
1233749826,8429.343891,8000.000000
4135353718,17559.221088,inf
3040282355,14862.266412,14876.481734
3040282355,14862.266412,14876.481734
3449292230,inf,18744.603703
3449220351,23808.633773,19744.603703
3039162859,14259.332665,14287.260890
3039162859,14259.332665,14287.260890
1312721700,inf,8192.645078
3086387349,16451.673933,13324.101705
3530741049,inf,31027.605203
3865720691,11540.502562,11384.433512
3123079027,inf,16475.414744
2818505401,15259.326772,15288.138368
3397021592,13261.842577,12907.684008
538232475,14210.466355,inf
2878433509,14593.861443,14746.817300
3789491457,15089.259518,inf
3124440276,16029.825578,15029.825578
3866793359,12759.849136,12759.849136
965813551,15896.712192,16063.362061
2451576348,10108.216297,10108.216297
174365647,16814.381675,16814.381675
3894078233,15138.913094,15333.158822
356632264,9119.150325,9060.998999
1832159858,-nan,inf
893508340,16891.475543,16891.475543
2338831896,17117.730576,18125.566770
848407276,17950.549271,17973.555151
3367467808,inf,17896.712192
3446740763,inf,17537.193056
3358644924,inf,17558.329561
1757116439,31160.607984,31160.607984
3259729428,19745.284999,17537.193056
686059130,17537.193056,17826.699673
2979413265,inf,17537.193056
2981749172,inf,17537.193056
3740407816,13321.672809,inf
3804377174,inf,17537.193056
2105633098,inf,17558.329561
1125236262,14896.712192,inf
2902148721,inf,17537.193056
364343812,inf,17537.193056
3296456263,23870.716983,inf
1835021193,20556.497182,20556.497182
2343466201,17537.193056,17537.193056
3011289385,inf,17537.193056
1873013260,25317.324561,inf
2370959626,inf,17537.193056
2414693866,20026.116074,17537.193056
2897476905,inf,17537.193056
3183704758,20333.392675,inf
3311466567,inf,17537.193056
402293285,inf,17537.193056
2377131353,inf,-nan
1040126334,17606.426291,17799.071368
2895176913,inf,17537.193056
2127281797,17537.193056,17537.193056
2374342059,18300.681959,17537.193056
2292301201,inf,17537.193056
3776022880,inf,17537.193056
3261023126,inf,17537.193056
1054549726,inf,17537.193056
456934064,32160.607984,31485.628831
368800005,inf,17537.193056
2644603184,18951.748624,18966.839927
1358427952,17537.193056,18600.157451
329772394,inf,17537.193056
1651469418,25028.979067,30137.503524
2370892106,31485.628831,17537.193056
404593226,inf,17537.193056
411672842,inf,17537.193056
3889298613,18678.071905,18678.071905
3414720896,24827.374190,17537.193056
409229100,28864.185252,17537.193056
3042472336,inf,17558.329561
4102183871,inf,inf
3356057393,inf,28251.549218
2573429486,inf,17537.193056
3417128682,inf,17537.193056
575660666,17537.193056,17826.699673
3175638353,13000.000000,13000.000000
3930156672,17537.193056,17826.699673
2750305483,19327.192979,17253.810165
1353391327,17537.193056,18314.816685
2412612787,19460.070978,17537.193056
564473907,18948.300551,18948.300551
1353353212,17537.193056,17996.689499
3421446221,9676.663711,inf
406857289,inf,17537.193056
3359651164,inf,17558.329561
223114311,32160.607984,inf
394689545,9935.195409,9935.195409
2559504275,inf,18896.712192
850607291,inf,16937.785175
536039069,21264.674764,21302.874465
930271801,16696.219252,16696.219252
1683338443,8525.182039,8000.000000
2176372783,10911.211761,10911.211761
761300790,-nan,inf
800373684,inf,16456.363382
2337500053,15895.819659,15896.792366
2227352391,inf,inf
2414691971,inf,20771.181310
3296312605,25385.290156,inf
397659042,20568.983263,21021.978850
2413694164,19460.070978,14866.930362
2260558175,inf,20356.143810
2298579527,31027.605203,20356.143810
2298759206,inf,20356.143810
2167810020,16502.323220,16502.323220
3865717424,11379.984840,11374.592865
1844810348,inf,20356.143810
3744309434,-nan,nan
1843367416,-nan,inf
2200140615,inf,31027.605203
993933513,8000.000000,8000.000000
2734998838,inf,8000.000000
1897153269,19218.640286,19218.640286
1804302414,9000.000000,9000.000000
2371964772,19745.284999,19160.322499
2474431208,19218.640286,19218.640286
937287296,inf,19663.139292
1897090105,19243.443677,19218.640286
1804050826,9000.000000,inf
2474395243,19218.640286,19256.007139
1802864935,8848.287802,10000.000000
1897089017,19218.640286,19262.330137
3889298613,18678.071905,18678.071905
1799515435,19142.019005,19299.560282
3691469515,8386.440722,8000.000000
3886675238,18678.071905,19005.646563
2216694098,inf,12951.616692
3852571095,18004.461241,inf
158709939,9848.287802,inf
4277431846,16057.738983,inf
2818541377,15290.774009,15287.260890
1311912800,inf,inf
2402808975,17320.519900,17320.519900
4277395840,17065.668285,16057.738983
3015593665,11380.050155,11380.050155
2818541340,15289.016380,15287.260890
2644990025,17195.868979,inf
4149339849,18218.640286,16218.640286
2598632381,inf,16218.640286
1727537,inf,inf
2226346151,inf,20356.143810
4110314143,31027.605203,31238.516302
587770027,inf,20356.143810
2930927334,10870.997272,10870.997272
340291381,17320.519900,17320.519900
1839914197,24016.488123,inf
4131737197,inf,24857.680202
2873585280,17407.542963,17281.039088
998753428,10332.617194,10307.665030
2872401536,19579.934520,22021.289541
2259951720,31092.574437,31059.724129
2934541977,18187.501775,inf
2413484213,9912.537159,9912.537159
1203063838,18187.501775,inf
254899684,inf,18187.501775
922342770,31900.666330,31485.628831
3163395248,8442.968692,inf
922175956,10218.640286,12218.640286
3094852044,inf,19558.329561
1896151385,20197.584611,20197.584611
1061741311,18393.075329,inf
2979542470,inf,31160.607984
315359284,9848.287802,9526.359707
1196056123,18187.501775,inf
2857604892,16649.359280,inf
2193540781,18187.501775,18407.243990
2193540713,18187.501775,18293.193201
3192563337,9977.545489,10000.000000
574546553,15842.684508,inf
855386939,inf,19896.712192
2456093238,12713.609193,inf
4106689949,31027.605203,32160.607984
797961548,21772.022298,22772.022298
2368625899,20896.712192,20977.632187
3741629539,12391.858904,13713.609193
4127472092,31238.516302,31027.605203
2406511353,10000.000000,inf
401909326,32160.607984,32160.607984
4032576068,9848.287802,9848.287802
2185166830,31027.605203,31160.607984
3893500893,inf,23472.814587
3857562995,11000.000000,8848.287802
3167444818,15557.056504,inf
2666566965,27857.680202,28915.055755
2742354963,14474.365930,14639.749269
3014209387,8709.990156,inf
4188343051,16247.162050,inf
2702285144,14875.973992,15035.981067
2164260973,14990.498267,inf
1001524957,16218.640286,inf
3088910856,8045.803690,8415.037499
3174414995,12311.077262,12238.960271
3419022881,31027.605203,31485.628831
3143617015,15274.568193,inf
3067792390,16378.852090,16398.116293
2818505401,15288.138368,15288.138368
3865720691,11540.502562,11867.645946
3123077938,inf,18485.912621
1969661027,14869.053947,15985.423710
1726820903,10130.225934,9238.266546
1828585109,23130.160833,16980.583017
2167891696,15496.810232,inf
3016851388,11454.010515,11585.968506
2026222026,10000.000000,inf
3663747929,15762.643179,inf
2398280974,18700.219597,inf
2887967597,18187.501775,inf
2856490809,16773.558509,17135.512262
2471915650,19265.502058,20026.302634
43214949,17347.605680,inf
2939700466,20250.949566,inf
3475228850,15842.758306,inf
92235150,inf,9836.094007
1682628727,17788.371936,18031.434450
2521515195,8188.474783,inf
636707244,21013.852375,inf
3215669878,inf,19074.000581
3747266897,inf,12759.849136
3124440276,inf,15029.825578
3866793359,12759.849136,12759.849136
3124440276,16029.825578,15444.863077
3866793359,12759.849136,12759.849136
3845710990,inf,8421.263435
3123075760,inf,22625.011854
2818505401,15259.326772,15288.138368
3528656706,inf,31027.605203
4277216189,inf,23723.500362
2818505401,15273.660648,15288.138368
3865719602,11337.402974,11337.402974
3122220896,inf,24821.416782
2818505401,15280.881347,15288.138368
3865719602,11337.402974,11337.402974
3528512991,31027.605203,32160.607984
2818505401,15280.881347,15284.505295
3865719602,11337.402974,11337.402974
4248897832,25821.416782,26063.161055
3865718513,11337.402974,11358.536810
3122213272,26063.161055,27530.514717
3865717424,11379.984840,11358.536810
3014587357,11377.286334,11357.206836
357229918,21476.384668,inf
171013525,19582.147485,inf
1982307044,8912.537159,8912.537159
2169002475,16649.359280,17680.449105
315359284,9848.287802,9678.362800
1889002462,24383.799270,24383.799270
838142383,24383.799270,24335.499303
1158442146,19896.712192,inf
1142210884,11984.299196,inf
1726641211,10041.907170,10027.944871
1199251129,9192.645078,8000.000000
1824991445,18802.629706,14969.807059
1876902082,17896.712192,inf
990949155,inf,31027.605203
2953482110,15894.807616,15902.194179
1871972179,24264.674764,inf
2953482110,15897.450122,15894.807616
3015610748,inf,31160.607984
2953448354,15905.227708,15905.227708
3803597333,18143.525838,inf
2953448354,15905.227708,15908.777705
2953448354,15905.227708,15917.848034
3803525459,18579.801258,inf
2953448354,15908.777705,15905.227708
2044178459,inf,inf
3803597293,18143.525838,19208.201188
2327133936,8415.037499,8830.074999
2808546793,19986.669891,18891.546198
1920826125,31027.605203,31092.574437
2779042516,21126.804969,18891.546198
973835230,10000.000000,9999.999462
1310683322,17445.411148,15752.072487
2725369036,11931.654028,11727.064048
293137371,inf,nan
1754677082,nan,inf
2686528838,19564.613855,inf
882132534,20333.392675,20333.392675
3264347521,inf,20333.392675
879759607,20748.430174,20748.636113
3262298979,20748.430174,20748.842082
2378145412,21333.392675,inf
2623942517,16799.697910,17277.856695
852162088,inf,19366.291948
850643196,inf,15903.284846
649707800,20356.143810,19959.585732
2608170702,19633.677786,19633.677786
2638814306,14550.085176,14550.085176
1948346909,18238.128094,18422.311460
2480109458,20333.392675,20333.392675
3297534364,inf,20218.640286
396437178,20556.497182,20771.987933
3181584480,20748.430174,20748.430174
2170735185,inf,31027.605203
1834048714,20164.517009,inf
1547297885,inf,10842.767296
4139019331,inf,16808.112828
392843514,20164.517009,20164.517009
1834011689,20164.517009,20164.517009
4138839639,16808.112828,17944.246018
2857568921,16649.359280,16873.094183
3864749835,20066.015498,inf
1194977916,19388.827620,19388.827620
3086425461,16378.852090,16425.071672
3067756453,16378.852090,16401.776797
3086424372,16378.852090,16445.623950
3067720520,16378.852090,16449.077976
3067720481,16378.852090,16450.808095
2060080683,8624.415583,8548.266480
498297546,14604.152338,14801.351130
4135209943,19068.234736,19068.234736
3040281266,14876.481734,14903.385176
3040281266,14876.481734,14889.870744
1544890108,14935.232927,14935.232927
1093576077,22396.036537,inf
1544890108,14935.232927,14935.232927
3885960492,10087.834993,9000.000000
1538996541,14872.615755,15029.825578
3065348671,16914.857376,14211.413466
162519358,10907.590589,inf
3065312773,14211.413466,15005.362786
3065312705,14211.413466,14554.447581
108136172,14019.476387,inf
498018867,14716.984015,14716.984015
10223634,inf,18633.677786
3175672790,13520.530628,12291.048782
171401144,inf,18633.677786
3555256188,18000.000000,17000.000000
660330455,13933.159251,inf
2483665912,11160.618595,9089.781690
2555623079,22062.453762,18896.712192
848371338,21678.071905,17973.555151
1126709670,31160.607984,inf
712245393,16452.006523,inf
4166936611,17117.730576,17801.804529
3367431837,inf,18896.712192
1793733936,inf,18745.284999
3259657560,18254.551201,inf
2162231440,inf,24370.493629
165435608,20807.707186,inf
2374346412,inf,inf
2053364904,31126.190213,31027.605203
4228623838,inf,18745.284999
1499654688,inf,32160.607984
134833244,inf,19851.125211
2812360176,inf,12842.779467
927799999,19067.755129,18537.193056
928913974,18537.193056,19915.875167
2374551712,18300.683041,inf
1875823966,18537.193056,inf
2127280706,17744.603703,inf
1043840500,inf,17869.010337
921549192,nan,17537.193056
2292265305,20745.284999,18537.193056
3222426023,18537.193056,inf
4127468829,31485.628831,31027.605203
4032576068,9848.287802,9848.287802
1871190165,18745.284999,nan
1843444736,19356.143810,inf
2141347036,15415.037499,inf
1358429041,17537.193056,18769.623190
3414684898,24827.374190,18536.097693
1617303197,18558.329561,inf
1526076816,9540.568381,8848.287802
2572315442,inf,18744.603703
2977821299,15928.537637,16006.000208
2061504531,18300.681959,17537.193056
3417092707,inf,18744.603703
3929222244,15842.684508,inf
2021334594,32160.607984,31027.605203
2521658946,9678.071905,8000.000000
4071531776,9848.287802,9848.287802
2750302216,17946.263058,inf
2403960913,inf,8000.000000
1712240785,17874.233957,18104.781235
4071531776,9848.287802,9848.287802
2521624090,8607.682577,8000.000000
1712240750,17874.233957,18104.781235
2306702658,18199.507200,inf
2058930733,8198.987071,9000.000000
4071531776,9848.287802,9848.287802
1034402934,9848.287802,9848.287802
2521588158,inf,9000.000000
564437907,18948.300551,18948.300551
2453911719,21762.691200,21762.691200
1034402934,9848.287802,9848.287802
1607958672,8272.079545,10000.000000
1353354304,17748.724455,17996.689499
1034402934,9848.287802,9848.287802
2403101690,9000.000000,9000.000000
563395739,18948.300551,18948.300551
1710983018,17748.724455,17873.995906
1034402934,9848.287802,9848.287802
563359794,18948.300551,18948.300551
1710982956,17748.724455,17816.352395
3359651095,inf,18745.284999
1498396931,19745.284999,20170.382481
2559504275,inf,19896.712192
2940241909,20333.392675,17537.193056
2368485416,inf,17937.785175
3965150357,inf,inf
962062839,9359.352582,8238.824167
1799528632,inf,22356.143810
2337498964,15895.819659,15925.122264
1798626940,inf,22356.143810
1873052467,25815.575429,22356.143810
1873019794,26279.522529,22356.143810
1878083647,inf,22356.143810
2012037426,inf,31027.605203
1873057912,inf,21356.143810
1871976535,inf,21356.143810
1873305113,inf,21356.143810
1876900993,19977.632187,19977.632187
2599655811,inf,32160.607984
1843367416,-nan,inf
1875535387,23344.712793,21356.143810
1875537565,29291.590482,21356.143810
2865956643,inf,24857.680202
3465386144,inf,32160.607984
1874278679,inf,21356.143810
2397202592,19218.640286,19534.433595
2396088513,19443.493945,inf
2371103374,21195.758707,22566.562519
3889298613,18678.071905,18678.071905
3548428160,19245.112498,19245.112498
3547242236,inf,31027.605203
3886747116,18678.071905,18923.184403
1798550580,20352.371077,20352.371077
3852571032,19479.626864,inf
2644985669,18195.868979,inf
4114912243,17218.640286,inf
2598564866,16896.712192,inf
2089171548,32160.607984,32160.607984
1260874859,inf,18218.640286
1691506,inf,19218.640286
3749463407,10263.325301,9263.325301
2638879646,inf,19218.640286
2608258052,23000.000000,19218.640286
2226130567,21771.181310,inf
1220517613,20218.640286,19218.640286
342591447,17320.519900,17320.519900
2496344556,31129.209979,31238.516302
587734185,nan,21356.143810
2930927334,10870.997272,10870.997272
2873623396,17320.519900,17363.375379
2930711712,10873.953428,10817.351851
2491780556,19669.083122,19670.764258
2895241893,10924.323147,10840.192689
305899706,17090.575643,18569.024827
998753428,10332.617194,10320.087167
299826313,inf,20387.730447
2885883249,20187.501775,inf
1511622905,inf,24857.680202
320138947,10064.390811,inf
1358205794,19745.284999,nan
2335531781,9912.537159,9912.537159
4101135007,18239.379839,18450.792911
2286697395,15907.903585,inf
574510748,16842.684508,16930.371539
4106688867,32160.607984,32485.628831
3741521767,12906.381273,inf
2368594315,inf,17537.193056
3741521727,12906.381273,13906.635310
4127582085,31059.724129,31027.605203
1146264118,20678.071905,24000.000000
3167444755,16557.056504,inf
3195415154,inf,8000.000000
646427018,17267.832574,inf
2734089394,15188.800937,14835.493212
4246213700,20218.640286,20218.640286
3088048366,inf,8218.640286
963441648,16333.540822,17432.698818
2489153287,14025.995209,inf
3174486869,12386.989777,12238.960271
2818505401,15288.138368,15288.138368
3865720691,11540.502562,13631.519511
4277288066,inf,19506.506176
800298542,20051.050485,inf
756343237,16158.705104,inf
1726820903,10130.225934,9616.384176
3886104176,11848.287802,9318.194848
3040133161,14859.030491,14872.615755
4064198589,inf,inf
3040279090,14862.266412,14883.160707
4134203734,19068.234736,inf
3492679886,16393.075329,inf
3729188086,32160.607984,inf
1558932597,31027.605203,inf
87485860,19187.501775,inf
3509757745,inf,16808.112828
2856490809,16773.558509,17118.438748
2750198763,20598.393570,inf
1749236213,16984.838408,16167.109986
2714860027,19986.671066,inf
3215633943,20074.000581,19074.000581
3747266897,inf,13759.849136
2818289778,15310.494837,inf
3865718513,11337.402974,11379.984840
2817247604,inf,16629.761097
3122179512,27530.514717,inf
3014587357,11377.286334,11367.211652
3694420759,20093.109404,inf
2327591369,inf,22755.560962
3766833782,19508.116348,inf
71660871,inf,21570.132887
1004076414,17683.718468,inf
1726641211,10041.907170,10067.474316
2517088465,10218.640286,10218.640286
4000244626,8564.595062,inf
3928254320,14186.218809,14186.218809
2103495422,15896.712192,15906.582436
1876902082,18896.712192,inf
2683493474,inf,31092.574437
1961064264,30694.018735,inf
3252685747,32160.607984,31027.605203
1121966089,20311.749691,inf
2953548544,15928.537637,15966.749086
2973365176,15930.763974,inf
2531106021,31027.605203,31027.605203
973763385,9999.999462,10000.000000
2807648368,19357.269033,19907.314290
974050881,10000.000000,9999.999462
2807612495,19907.314290,19606.234969
2531103843,31160.607984,31160.607984
85079168,19907.314290,19835.444388
2372182572,inf,13022.113668
2375665791,inf,inf
1092355549,inf,inf
4169164711,17100.528565,18117.116871
2338895057,17100.528565,17788.530548
2377742956,inf,31027.605203
2338893968,17100.528565,17403.900023
4168194406,17100.528565,17244.254783
4168158537,17100.528565,17170.602601
1155099933,31160.607984,14896.712192
4168158469,17100.528565,17135.140174
2686502705,28830.074999,20564.613855
3062992375,21333.392675,21333.701594
3263377157,21333.392675,21333.392675
879750895,20748.533140,inf
3664969650,inf,14710.475164
2378109502,22333.392675,inf
2412561252,31485.628831,31027.605203
409261947,31027.605203,31027.605203
2081171362,24857.680202,inf
2412481244,10404.721800,10404.721800
2087098784,inf,24857.680202
3133017068,-nan,24857.680202
1948275004,17972.914851,18119.203322
2678160959,20333.392675,20333.392675
3745904555,9857.733629,9972.248523
2459572595,inf,31027.605203
1947196921,17972.914851,18282.016732
2678159870,20333.392675,20333.392675
3745904555,9857.733629,9913.902687
2413552594,19460.070978,17537.193056
2459543195,26857.680202,24857.680202
588520408,19346.807582,19346.807582
3297498463,inf,21678.071905
2344652187,inf,inf
1906765696,inf,17537.193056
394316860,20095.121131,20095.121131
345170024,31027.605203,31160.607984
2374635231,inf,9912.537159
2856490809,16773.558509,20192.717441
2856490809,16773.558509,17124.107498
1233781410,8624.415583,8586.152133
2058751014,8605.157008,8545.070352
1967327298,14789.101987,14789.101987
3128986,inf,18745.284999
1233741117,8605.157008,8574.800885
1967327298,14789.101987,14789.101987
1544854171,14935.232927,14966.920732
1662547846,30137.204167,31420.512629
497803282,14716.984015,inf
3344325383,8000.000000,9675.929355
2418144860,13025.995209,13025.995209
649959325,20356.143810,20356.143810
2608200105,19633.677786,19633.677786
3895048560,15148.250959,15148.250959
2555623079,22062.453762,19744.290209
2644639022,18943.018373,19072.376821
2644639022,18943.018373,19014.385947
2644639022,18943.018373,18978.260902
64887509,31027.605203,inf
2644639022,18943.018373,18960.532026
4106689949,32160.607984,31027.605203
562927232,21772.022298,inf
3741629579,11713.514433,13713.609193
1619675006,23806.551791,23806.551791
213429201,20201.975962,20201.975962
926893788,15896.712192,15977.632187
926714065,15896.712192,15977.632187
1832088083,nan,inf
3367395900,inf,19896.712192
1617811127,18805.891817,inf
1617811127,18805.891817,19224.906575
1617811127,18805.891817,18899.795797
3445554779,19744.603703,22808.633773
843977048,32160.607984,31027.605203
1154320347,9021.119768,8324.441274
325100617,inf,24857.680202
3358501115,20748.850688,19745.284999
4081975381,22142.019005,inf
2943907516,inf,17537.193056
3259657518,19498.941248,inf
2303691664,9782.638627,9772.078577
153812795,inf,26857.680202
2412481244,10479.741437,10404.721800
2633980988,inf,25370.493629
1915033304,18274.873192,18673.669378
3766499569,18732.743847,inf
2053328967,31126.190213,32160.607984
2105597132,inf,19745.284999
134761334,inf,20851.125211
1873013260,26772.931091,inf
1873012178,24140.888809,27772.931091
2570275765,19327.192979,inf
384409339,10935.904739,inf
3195600979,inf,inf
2192498540,18450.792911,18450.792911
852979192,19459.644842,inf
1480750643,inf,18744.603703
1043732689,19058.855729,19204.545173
2292265268,20745.284999,19498.941248
2813254572,18899.598628,18922.767106
994017914,inf,31027.605203
964436862,8564.886856,8566.124402
3732868813,8000.000000,8743.677158
1002152129,25050.325279,inf
3724818991,8415.037499,9000.000000
1115192571,9385.290156,9385.290156
1763801418,8564.886856,8564.886856
3811027888,11804.723924,inf
2567872489,31485.628831,31027.605203
2976815094,15947.516856,15947.516856
3482333910,21121.495912,21121.495912
2953587747,inf,20338.221902
496109806,11576.358805,8000.000000
3301709579,19667.299009,19801.927860
857404629,27886.082771,27857.680202
2864914472,30137.204167,inf
801453972,16129.368523,inf
2338607561,15000.000000,15335.024187
146890326,inf,31027.605203
2303691664,9779.991359,9772.078577
4012587200,14678.071905,14678.071905
2737755026,15955.605881,16955.605881
1233777052,8606.475643,8271.601206
3548621250,9733.652658,9000.000000
3851349209,20780.528933,inf
2807576459,19907.314290,19870.931848
1919371595,inf,31485.628831
1967326209,14789.101987,14989.343400
1358429041,17745.284999,17745.284999
1358429041,21857.581187,17745.284999
121083968,13848.287802,inf
1358420331,18238.128094,18422.311460
1878161915,18238.128094,18327.282522
1877299388,18238.128094,18282.016732
2966785748,24827.374190,19517.793372
495175444,9550.025208,8000.000000
1720721882,18269.316200,-nan
3042440750,inf,19558.329561
3415978628,19744.603703,inf
574510651,16842.684508,17141.567388
1639762911,10000.000000,9000.000000
2403996850,inf,31027.605203
1034439960,inf,8848.287802
2522548659,10000.000000,9415.037499
1353392419,18104.781235,18314.816685
2305768353,19448.277453,inf
2521548954,8109.308223,8272.079545
1991722504,9000.000000,9000.000000
2750231430,20806.995367,18948.300551
1793763338,inf,19745.284999
1619746882,inf,31027.605203
3260266591,19076.672515,18896.712192
2484816984,9938.137398,9934.205233
2559504275,inf,20896.712192
850571315,inf,19118.981661
642276089,19051.045342,19051.209945
2337497874,15925.102344,15897.765728
3520042282,inf,23356.143810
1873019794,26279.522529,23292.013473
2413793549,inf,21771.181310
2342388189,15808.362909,inf
2903002975,9848.287802,9848.287802
2297465513,21355.337346,inf
2570201117,31027.605203,31160.607984
1844774482,inf,21356.143810
2011965488,inf,32160.607984
1681261092,inf,22356.143810
3786327146,8785.210869,9207.891943
1874458364,inf,22356.143810
1689490639,inf,22356.143810
3744237559,-nan,-nan
1843367416,nan,inf
1763161514,29291.590482,22352.323399
87252626,inf,25857.680202
2394974567,20815.124657,inf
3886783117,18678.071905,19218.640286
3518780168,19297.842075,32160.607984
3779210534,9848.287802,9848.287802
157667766,10848.287802,8192.645078
2398280908,18700.219597,19700.219597
1384138805,19218.640286,inf
3859637540,9158.968344,8598.948464
4147938344,17977.632187,inf
2226166538,21356.143810,inf
3749427473,inf,9678.362800
2930927334,10870.997272,10870.997272
587734084,23000.000000,21356.143810
2930711712,10873.953428,10899.192263
2873580924,17341.788517,17342.904895
2930711712,10873.953428,10913.499120
2873580924,17341.788517,17627.679045
2892855027,inf,inf
2259951826,31092.574437,31027.605203
2925054513,19388.827620,19388.827620
2259879952,31076.055784,31027.605203
2259879846,31076.055784,32160.607984
2924767116,19388.827620,19388.827620
3401674758,inf,31027.605203
2638807624,25857.680202,inf
2934398133,19388.827620,19388.827620
2933032532,19388.827620,19388.827620
1201985631,19388.827620,19388.827620
254791932,20388.827620,inf
1116232572,9000.000000,inf
1160442464,19388.827620,19388.827620
2193397033,18450.792911,18450.792911
2193396965,18450.792911,18450.792911
139973969,15896.712192,14896.712192
2445311999,17164.739081,17660.149997
2747029870,28786.380400,inf
2459610710,inf,31027.605203
1033247505,9848.287802,9848.287802
3513115495,12672.728063,-nan
1252156512,27857.680202,28857.680202
2165483917,14474.365930,14554.689057
3167229191,17557.056504,inf
354422810,8703.051424,9500.041628
2733155032,15300.183576,15491.710014
2700847732,17163.054006,16608.605354
2164220677,17121.407357,16608.605354
2699733714,16993.158440,16608.605354
2164218500,17183.749900,16608.605354
2699661743,16867.704557,16608.605354
2161922887,16799.697910,17077.366784
2623906548,16799.697910,17595.294657
4245279375,inf,20678.071905
3114007371,inf,21173.901999
2818505401,15288.138368,15288.138368
3865716334,10451.844188,14050.333112
3123076849,inf,20547.330902
2953587747,inf,16896.712192
1726820903,10130.225934,9850.548214
575983276,18000.000000,18000.000000
3040133161,14859.030491,14872.615755
4064162521,inf,16808.112828
3969930046,18393.075329,inf
1559037143,31160.607984,31160.607984
3554678997,17393.075329,18334.046226
3205142630,13000.000000,13000.000000
1202063426,18393.075329,inf
2062654518,inf,31027.605203
2007638814,32193.052446,31193.052446
1047362399,inf,inf
3627926490,inf,inf
1026561310,inf,inf
2975278058,21306.196280,22359.426394
573570056,16518.796847,15957.221371
3053405096,20254.860474,21254.860474
2335399353,nan,inf
3215598006,20074.000581,19489.038081
3400651226,inf,14761.586194
3471950298,10678.362800,inf
1182711889,20218.640286,20607.682577
3173372822,12274.568193,12238.960271
1141132814,12984.413689,inf
1726641211,10041.907170,10084.096848
2517052521,10218.640286,10218.640286
1198208955,8000.000000,8000.000000
1726641211,10041.907170,10062.847792
2973113543,inf,16990.104425
85070458,19915.466742,inf
1150440496,18564.613855,inf
576083466,inf,21476.326674
1727755265,10214.967116,9238.266546
576057330,22476.326674,21476.326674
2414698222,inf,18876.132481
2375810030,inf,18876.132481
4169128774,17521.074334,18117.116871
684106724,16452.006523,17452.006523
2338822092,17117.730576,17421.601915
3339312002,21333.392675,21333.392675
2108166146,20388.613323,inf
4254109420,inf,25857.680202
2865022282,28857.680202,25857.680202
2412481244,10213.755627,10404.721800
2087097695,inf,25857.680202
3132981172,-nan,25857.680202
2001644958,25137.204167,25137.204167
2169621102,32160.607984,inf
3554541837,24437.063806,inf
673084567,20356.143810,inf
344271663,inf,31092.574437
1834014955,21369.368317,21248.261605
391837207,20185.001849,inf
390507543,21427.241243,20185.001849
4107801825,11218.640286,inf
543635132,inf,inf
2856203349,17115.612704,19323.079291
1877198607,31027.605203,31027.605203
2855125209,17115.612704,17954.054196
2057744779,8590.398052,8000.000000
1967326209,14789.101987,14989.343400
3040246414,15142.649405,15142.649405
1309271550,inf,31027.605203
3034370946,14378.244221,15605.763671
4285517604,inf,24821.416782
1457701847,21048.715285,inf
501468826,15076.672515,15135.813855
3787299203,16116.095012,16728.739983
3175600916,13265.811491,12291.048782
304677846,16986.982719,18472.522994
2895134117,10774.777649,10774.777649
4110135552,18817.605647,inf
3632160686,32160.607984,31092.574437
692134633,13313.934807,12304.282337
3897312628,15153.138473,15382.073443
691164392,12500.263091,12505.675651
3897312592,15382.073443,15153.138473
2483637597,9784.427179,10319.552071
2555623079,22062.453762,20480.627697
2141251810,31027.605203,32160.607984
2644603184,18951.748624,19214.486867
2141215875,32160.607984,31485.628831
2644603184,18951.748624,19077.144879
2644603184,18951.748624,19013.084780
212422903,16814.381675,16814.381675
3174558743,12386.989777,12238.960271
963405715,15977.632187,16780.879618
963369836,15977.632187,16324.060504
2418142682,13025.995209,inf
964771349,15977.632187,18869.341692
3175529042,12697.624703,12238.960271
964699474,15977.632187,16807.054015
3172384249,-nan,inf
3367288088,20977.632187,20977.632187
1764284549,9578.320024,10158.058976
4086790873,inf,inf
1616553332,18852.079924,inf
1616553332,18852.079924,19852.079924
1616553332,18852.079924,19267.117423
1616553332,18852.079924,19044.725002
1793728489,32160.607984,20161.510083
3259621689,20498.941248,inf
2105489321,inf,20748.850688
134725400,inf,22065.631096
554600205,31027.605203,inf
1969546680,14842.860873,14457.721583
3449004802,20734.942764,inf
2811353936,13842.779467,13589.993062
2370818056,19088.545996,19088.545996
931249878,18745.284999,18745.284999
2445754058,20284.796474,inf
3195598805,19745.284999,inf
2868510349,inf,19851.125211
1480750574,inf,19745.284999
1015522144,19129.862190,19129.862190
2291151258,20105.042327,inf
2291151221,20105.042327,21302.306142
2407660011,32160.607984,inf
2635130905,24857.680202,inf
170446775,24419.701542,inf
2957003943,inf,nan
4209936143,inf,inf
1005855123,20667.227839,20667.227839
2812284241,18899.598628,18922.767106
1757205034,nan,inf
2812212332,18922.767106,18922.767106
1005819161,20268.610351,20667.227839
1757204960,nan,-nan
2292670257,nan,inf
1964061221,31027.605203,31160.607984
206292925,24857.680202,inf
2788222284,inf,nan
573180947,15842.684508,24857.680202
213660038,24857.680202,inf
##########
3584797895,1:16063342750254927838,32160.607984;1878784780795466186,33160.607984;17992799504321051179,27857.680202;17007904556890489898,33160.607984;
1793840656,1:16063342750254927838,32160.607984;1878784780795466186,33160.607984;17992799504321051179,27857.680202;17007904556890489898,33160.607984;
1677514894,1:16063342750254927838,32160.607984;1878784780795466186,33160.607984;17992799504321051179,27857.680202;17007904556890489898,33160.607984;
2968210931,1:16063342750254927838,32160.607984;1878784780795466186,33160.607984;17992799504321051179,27857.680202;17007904556890489898,33160.607984;
4165285177,1:16063342750254927838,32160.607984;1878784780795466186,33160.607984;17992799504321051179,27857.680202;17007904556890489898,33160.607984;
2861144350,1:16063342750254927838,32160.607984;1878784780795466186,33160.607984;17992799504321051179,27857.680202;17007904556890489898,33160.607984;
472956807,2:16063342750254927838,32160.607984;1878784780795466186,33160.607984;17992799504321051179,27857.680202;17007904556890489898,33160.607984;
1015912744,2:16063342750254927838,32160.607984;1878784780795466186,33160.607984;17992799504321051179,27857.680202;17007904556890489898,33160.607984;
2711595958,2:16063342750254927838,32160.607984;1878784780795466186,33160.607984;17992799504321051179,27857.680202;17007904556890489898,33160.607984;
3549041667,1:16063342750254927838,32160.607984;1878784780795466186,33160.607984;17992799504321051179,27857.680202;17007904556890489898,33160.607984;
2004917166,1:16063342750254927838,32160.607984;1878784780795466186,33160.607984;17992799504321051179,27857.680202;17007904556890489898,33160.607984;
1116123669,1:16063342750254927838,32160.607984;1878784780795466186,33160.607984;17992799504321051179,27857.680202;17007904556890489898,33160.607984;
2408793309,1:16063342750254927838,32160.607984;1878784780795466186,33160.607984;17992799504321051179,27857.680202;17007904556890489898,33160.607984;
2360904941,1:16063342750254927838,32160.607984;1878784780795466186,33160.607984;17992799504321051179,27857.680202;17007904556890489898,33160.607984;
66221532,2:16063342750254927838,32160.607984;1878784780795466186,33160.607984;17992799504321051179,27857.680202;17007904556890489898,33160.607984;
1986168996,1:16063342750254927838,32160.607984;1878784780795466186,33160.607984;17992799504321051179,27857.680202;17007904556890489898,33160.607984;
609566107,5:16063342750254927838,32160.607984;1878784780795466186,33160.607984;17992799504321051179,27857.680202;17007904556890489898,33160.607984;
2406435976,1:16063342750254927838,32160.607984;1878784780795466186,33160.607984;17992799504321051179,27857.680202;17007904556890489898,33160.607984;
1193943815,1:16063342750254927838,32160.607984;1878784780795466186,33160.607984;17992799504321051179,27857.680202;17007904556890489898,33160.607984;
2560687264,1:16063342750254927838,32160.607984;1878784780795466186,33160.607984;17992799504321051179,27857.680202;17007904556890489898,33160.607984;
3380046794,1:16063342750254927838,32160.607984;1878784780795466186,33160.607984;17992799504321051179,27857.680202;17007904556890489898,33160.607984;
3065456516,1:16063342750254927838,32160.607984;1878784780795466186,33160.607984;17992799504321051179,27857.680202;17007904556890489898,33160.607984;
4231751766,3:16063342750254927838,32160.607984;1878784780795466186,33160.607984;17992799504321051179,27857.680202;17007904556890489898,33160.607984;
3047255222,1:16063342750254927838,32160.607984;1878784780795466186,33160.607984;17992799504321051179,27857.680202;17007904556890489898,33160.607984;
2601112034,1:16063342750254927838,32160.607984;1878784780795466186,33160.607984;17992799504321051179,27857.680202;17007904556890489898,33160.607984;
2949686051,3:16063342750254927838,32160.607984;1878784780795466186,33160.607984;17992799504321051179,27857.680202;17007904556890489898,33160.607984;
1677487666,1:16063342750254927838,32160.607984;1878784780795466186,33160.607984;17992799504321051179,27857.680202;17007904556890489898,33160.607984;
2102089519,1:16063342750254927838,32160.607984;1878784780795466186,33160.607984;17992799504321051179,27857.680202;17007904556890489898,33160.607984;
1722515638,1:16063342750254927838,32160.607984;1878784780795466186,33160.607984;17992799504321051179,27857.680202;17007904556890489898,33160.607984;
2143901645,1:16063342750254927838,32160.607984;1878784780795466186,33160.607984;17992799504321051179,27857.680202;17007904556890489898,33160.607984;
2140173737,2:16063342750254927838,32160.607984;1878784780795466186,33160.607984;17992799504321051179,27857.680202;17007904556890489898,33160.607984;
3471736406,1:16063342750254927838,32160.607984;1878784780795466186,33160.607984;17992799504321051179,27857.680202;17007904556890489898,33160.607984;
2329247889,1:16063342750254927838,32160.607984;1878784780795466186,33160.607984;17992799504321051179,27857.680202;17007904556890489898,33160.607984;
2139095627,3:16063342750254927838,32160.607984;1878784780795466186,33160.607984;17992799504321051179,27857.680202;17007904556890489898,33160.607984;
844921418,1:16063342750254927838,32160.607984;1878784780795466186,33160.607984;17992799504321051179,27857.680202;17007904556890489898,33160.607984;
2560686175,1:16063342750254927838,32160.607984;1878784780795466186,33160.607984;17992799504321051179,27857.680202;17007904556890489898,33160.607984;
3185499247,1:16063342750254927838,32160.607984;1878784780795466186,33160.607984;17992799504321051179,27857.680202;17007904556890489898,33160.607984;
3697010106,1:16063342750254927838,32160.607984;1878784780795466186,33160.607984;17992799504321051179,27857.680202;17007904556890489898,33160.607984;
2405326514,1:16063342750254927838,32160.607984;1878784780795466186,33160.607984;17992799504321051179,27857.680202;17007904556890489898,33160.607984;
1558960911,1:16063342750254927838,32160.607984;1878784780795466186,33160.607984;17992799504321051179,27857.680202;17007904556890489898,33160.607984;
140117625,1:16063342750254927838,32160.607984;1878784780795466186,33160.607984;17992799504321051179,27857.680202;17007904556890489898,33160.607984;
4146139174,1:16063342750254927838,32160.607984;1878784780795466186,33160.607984;17992799504321051179,27857.680202;17007904556890489898,33160.607984;
2263746425,1:16063342750254927838,32160.607984;1878784780795466186,33160.607984;17992799504321051179,27857.680202;17007904556890489898,33160.607984;
1330354335,1:16063342750254927838,32160.607984;1878784780795466186,33160.607984;17992799504321051179,27857.680202;17007904556890489898,33160.607984;
954904838,1:16063342750254927838,32160.607984;1878784780795466186,33160.607984;17992799504321051179,27857.680202;17007904556890489898,33160.607984;
1600358156,1:16063342750254927838,32160.607984;1878784780795466186,33160.607984;17992799504321051179,27857.680202;17007904556890489898,33160.607984;
2607425102,1:16063342750254927838,32160.607984;1878784780795466186,33160.607984;17992799504321051179,27857.680202;17007904556890489898,33160.607984;
1986240912,1:16063342750254927838,32160.607984;1878784780795466186,33160.607984;17992799504321051179,27857.680202;17007904556890489898,33160.607984;
2481314181,1:16063342750254927838,32160.607984;1878784780795466186,33160.607984;17992799504321051179,27857.680202;17007904556890489898,33160.607984;
63979315,1:16063342750254927838,32160.607984;1878784780795466186,33160.607984;17992799504321051179,27857.680202;17007904556890489898,33160.607984;
2406466468,1:16063342750254927838,32160.607984;1878784780795466186,33160.607984;17992799504321051179,27857.680202;17007904556890489898,33160.607984;
3049883308,1:16063342750254927838,32160.607984;1878784780795466186,33160.607984;17992799504321051179,27857.680202;17007904556890489898,33160.607984;
1360761683,1:16063342750254927838,32160.607984;1878784780795466186,33160.607984;17992799504321051179,27857.680202;17007904556890489898,33160.607984;
4052280493,3:16063342750254927838,32160.607984;1878784780795466186,33160.607984;17992799504321051179,27857.680202;17007904556890489898,33160.607984;
3316394292,1:16063342750254927838,32160.607984;1878784780795466186,33160.607984;17992799504321051179,27857.680202;17007904556890489898,33160.607984;
2444285490,1:16063342750254927838,32160.607984;1878784780795466186,33160.607984;17992799504321051179,27857.680202;17007904556890489898,33160.607984;
1311800635,1:16063342750254927838,32160.607984;1878784780795466186,33160.607984;17992799504321051179,27857.680202;17007904556890489898,33160.607984;
1830830810,1:16063342750254927838,32160.607984;1878784780795466186,33160.607984;17992799504321051179,27857.680202;17007904556890489898,33160.607984;
4106718266,1:16063342750254927838,32160.607984;1878784780795466186,33160.607984;17992799504321051179,27857.680202;17007904556890489898,33160.607984;
3632020205,1:16063342750254927838,32160.607984;1878784780795466186,33160.607984;17992799504321051179,27857.680202;17007904556890489898,33160.607984;
3066042794,1:16063342750254927838,32160.607984;1878784780795466186,33160.607984;17992799504321051179,27857.680202;17007904556890489898,33160.607984;
922375440,1:16063342750254927838,32160.607984;1878784780795466186,33160.607984;17992799504321051179,27857.680202;17007904556890489898,33160.607984;
2040957854,1:16063342750254927838,32160.607984;1878784780795466186,33160.607984;17992799504321051179,27857.680202;17007904556890489898,33160.607984;
648765805,2:16063342750254927838,32160.607984;1878784780795466186,33160.607984;17992799504321051179,27857.680202;17007904556890489898,33160.607984;
2099951790,1:16063342750254927838,32160.607984;1878784780795466186,33160.607984;17992799504321051179,27857.680202;17007904556890489898,33160.607984;
2441947406,1:16063342750254927838,32160.607984;1878784780795466186,33160.607984;17992799504321051179,27857.680202;17007904556890489898,33160.607984;
3134227412,1:16063342750254927838,32160.607984;1878784780795466186,33160.607984;17992799504321051179,27857.680202;17007904556890489898,33160.607984;
2021584411,1:16063342750254927838,32160.607984;1878784780795466186,33160.607984;17992799504321051179,27857.680202;17007904556890489898,33160.607984;
1290787596,2:16063342750254927838,32160.607984;1878784780795466186,33160.607984;17992799504321051179,27857.680202;17007904556890489898,33160.607984;
2366052819,2:16063342750254927838,32160.607984;1878784780795466186,33160.607984;17992799504321051179,27857.680202;17007904556890489898,33160.607984;
4052280493,2:16063342750254927838,32160.607984;1878784780795466186,33160.607984;17992799504321051179,27857.680202;17007904556890489898,33160.607984;
2813777180,1:16063342750254927838,32160.607984;1878784780795466186,33160.607984;17992799504321051179,27857.680202;17007904556890489898,33160.607984;
3303771758,2:16063342750254927838,32160.607984;1878784780795466186,33160.607984;17992799504321051179,27857.680202;17007904556890489898,33160.607984;
1877792881,1:16063342750254927838,32160.607984;1878784780795466186,33160.607984;17992799504321051179,27857.680202;17007904556890489898,33160.607984;
1600332017,1:16063342750254927838,32160.607984;1878784780795466186,33160.607984;17992799504321051179,27857.680202;17007904556890489898,33160.607984;
2645964673,1:16063342750254927838,32160.607984;1878784780795466186,33160.607984;17992799504321051179,27857.680202;17007904556890489898,33160.607984;
1837435634,1:16063342750254927838,32160.607984;1878784780795466186,33160.607984;17992799504321051179,27857.680202;17007904556890489898,33160.607984;
994983857,1:16063342750254927838,32160.607984;1878784780795466186,33160.607984;17992799504321051179,27857.680202;17007904556890489898,33160.607984;
536914313,1:16063342750254927838,32160.607984;1878784780795466186,33160.607984;17992799504321051179,27857.680202;17007904556890489898,33160.607984;
3660726241,1:16063342750254927838,32160.607984;1878784780795466186,33160.607984;17992799504321051179,27857.680202;17007904556890489898,33160.607984;
3551341634,1:16063342750254927838,32160.607984;1878784780795466186,33160.607984;17992799504321051179,27857.680202;17007904556890489898,33160.607984;
1730071053,2:16063342750254927838,32160.607984;1878784780795466186,33160.607984;17992799504321051179,27857.680202;17007904556890489898,33160.607984;
1159034627,1:16063342750254927838,32160.607984;1878784780795466186,33160.607984;17992799504321051179,27857.680202;17007904556890489898,33160.607984;
922346037,1:16063342750254927838,32160.607984;1878784780795466186,33160.607984;17992799504321051179,27857.680202;17007904556890489898,33160.607984;
3551594282,1:16063342750254927838,32160.607984;1878784780795466186,33160.607984;17992799504321051179,27857.680202;17007904556890489898,33160.607984;
3891112180,2:16063342750254927838,32160.607984;1878784780795466186,33160.607984;17992799504321051179,27857.680202;17007904556890489898,33160.607984;
1156625754,1:16063342750254927838,32160.607984;1878784780795466186,33160.607984;17992799504321051179,27857.680202;17007904556890489898,33160.607984;
358481812,1:16063342750254927838,32160.607984;1878784780795466186,33160.607984;17992799504321051179,27857.680202;17007904556890489898,33160.607984;
1993158243,1:16063342750254927838,32160.607984;1878784780795466186,33160.607984;17992799504321051179,27857.680202;17007904556890489898,33160.607984;
1328272160,2:16063342750254927838,32160.607984;1878784780795466186,33160.607984;17992799504321051179,27857.680202;17007904556890489898,33160.607984;
1693807251,1:16063342750254927838,32160.607984;1878784780795466186,33160.607984;17992799504321051179,27857.680202;17007904556890489898,33160.607984;
3622602529,1:16063342750254927838,32160.607984;1878784780795466186,33160.607984;17992799504321051179,27857.680202;17007904556890489898,33160.607984;
1794911143,1:16063342750254927838,32160.607984;1878784780795466186,33160.607984;17992799504321051179,27857.680202;17007904556890489898,33160.607984;
1678669231,1:16063342750254927838,32160.607984;1878784780795466186,33160.607984;17992799504321051179,27857.680202;17007904556890489898,33160.607984;
757711014,1:16063342750254927838,32160.607984;1878784780795466186,33160.607984;17992799504321051179,27857.680202;17007904556890489898,33160.607984;
1962719742,1:16063342750254927838,32160.607984;1878784780795466186,33160.607984;17992799504321051179,27857.680202;17007904556890489898,33160.607984;
4106692127,1:16063342750254927838,32160.607984;1878784780795466186,33160.607984;17992799504321051179,27857.680202;17007904556890489898,33160.607984;
2745488835,1:16063342750254927838,32160.607984;1878784780795466186,33160.607984;17992799504321051179,27857.680202;17007904556890489898,33160.607984;
2363821459,2:16063342750254927838,32160.607984;1878784780795466186,33160.607984;17992799504321051179,27857.680202;17007904556890489898,33160.607984;
2367901327,1:16063342750254927838,32160.607984;1878784780795466186,33160.607984;17992799504321051179,27857.680202;17007904556890489898,33160.607984;
3627451846,1:16063342750254927838,32160.607984;1878784780795466186,33160.607984;17992799504321051179,27857.680202;17007904556890489898,33160.607984;
1148516115,2:16063342750254927838,32160.607984;1878784780795466186,33160.607984;17992799504321051179,27857.680202;17007904556890489898,33160.607984;
841696876,1:16063342750254927838,32160.607984;1878784780795466186,33160.607984;17992799504321051179,27857.680202;17007904556890489898,33160.607984;
1360467646,1:16063342750254927838,32160.607984;1878784780795466186,33160.607984;17992799504321051179,27857.680202;17007904556890489898,33160.607984;
540472075,1:16063342750254927838,32160.607984;1878784780795466186,33160.607984;17992799504321051179,27857.680202;17007904556890489898,33160.607984;
3071314221,1:16063342750254927838,32160.607984;1878784780795466186,33160.607984;17992799504321051179,27857.680202;17007904556890489898,33160.607984;
1312981108,1:16063342750254927838,32160.607984;1878784780795466186,33160.607984;17992799504321051179,27857.680202;17007904556890489898,33160.607984;
3066294329,1:16063342750254927838,32160.607984;1878784780795466186,33160.607984;17992799504321051179,27857.680202;17007904556890489898,33160.607984;
705068394,6:16063342750254927838,32160.607984;1878784780795466186,33160.607984;17992799504321051179,27857.680202;17007904556890489898,33160.607984;
3401050559,1:16063342750254927838,32160.607984;1878784780795466186,33160.607984;17992799504321051179,27857.680202;17007904556890489898,33160.607984;
2966947691,1:16063342750254927838,32160.607984;1878784780795466186,33160.607984;17992799504321051179,27857.680202;17007904556890489898,33160.607984;
2373148469,1:16063342750254927838,32160.607984;1878784780795466186,33160.607984;17992799504321051179,27857.680202;17007904556890489898,33160.607984;
1711189928,1:16063342750254927838,32160.607984;1878784780795466186,33160.607984;17992799504321051179,27857.680202;17007904556890489898,33160.607984;
3008221103,2:16063342750254927838,32160.607984;1878784780795466186,33160.607984;17992799504321051179,27857.680202;17007904556890489898,33160.607984;
1445280794,2:16063342750254927838,32160.607984;1878784780795466186,33160.607984;17992799504321051179,27857.680202;17007904556890489898,33160.607984;
1775620570,1:16063342750254927838,32160.607984;1878784780795466186,33160.607984;17992799504321051179,27857.680202;17007904556890489898,33160.607984;
3697116821,1:16063342750254927838,32160.607984;1878784780795466186,33160.607984;17992799504321051179,27857.680202;17007904556890489898,33160.607984;
3618089012,2:16063342750254927838,32160.607984;1878784780795466186,33160.607984;17992799504321051179,27857.680202;17007904556890489898,33160.607984;
358445875,1:16063342750254927838,32160.607984;1878784780795466186,33160.607984;17992799504321051179,27857.680202;17007904556890489898,33160.607984;
1662296284,1:16063342750254927838,32160.607984;1878784780795466186,33160.607984;17992799504321051179,27857.680202;17007904556890489898,33160.607984;
3632228200,1:16063342750254927838,32160.607984;1878784780795466186,33160.607984;17992799504321051179,27857.680202;17007904556890489898,33160.607984;
1963327505,1:16063342750254927838,32160.607984;1878784780795466186,33160.607984;17992799504321051179,27857.680202;17007904556890489898,33160.607984;
1190769172,1:16063342750254927838,32160.607984;1878784780795466186,33160.607984;17992799504321051179,27857.680202;17007904556890489898,33160.607984;
2329323031,1:16063342750254927838,32160.607984;1878784780795466186,33160.607984;17992799504321051179,27857.680202;17007904556890489898,33160.607984;
2408939234,1:16063342750254927838,32160.607984;1878784780795466186,33160.607984;17992799504321051179,27857.680202;17007904556890489898,33160.607984;
1015945414,1:16063342750254927838,32160.607984;1878784780795466186,33160.607984;17992799504321051179,27857.680202;17007904556890489898,33160.607984;
2143871153,1:16063342750254927838,32160.607984;1878784780795466186,33160.607984;17992799504321051179,27857.680202;17007904556890489898,33160.607984;
2575286969,1:16063342750254927838,32160.607984;1878784780795466186,33160.607984;17992799504321051179,27857.680202;17007904556890489898,33160.607984;
1678671412,1:16063342750254927838,32160.607984;1878784780795466186,33160.607984;17992799504321051179,27857.680202;17007904556890489898,33160.607984;
1920969911,2:16063342750254927838,32160.607984;1878784780795466186,33160.607984;17992799504321051179,27857.680202;17007904556890489898,33160.607984;
2408721438,1:16063342750254927838,32160.607984;1878784780795466186,33160.607984;17992799504321051179,27857.680202;17007904556890489898,33160.607984;
2951770397,3:16063342750254927838,32160.607984;1878784780795466186,33160.607984;17992799504321051179,27857.680202;17007904556890489898,33160.607984;
3303771758,1:16063342750254927838,32160.607984;1878784780795466186,33160.607984;17992799504321051179,27857.680202;17007904556890489898,33160.607984;
3589506731,1:16063342750254927838,32160.607984;1878784780795466186,33160.607984;17992799504321051179,27857.680202;17007904556890489898,33160.607984;
3547927621,1:16063342750254927838,32160.607984;1878784780795466186,33160.607984;17992799504321051179,27857.680202;17007904556890489898,33160.607984;
4003717209,1:16063342750254927838,32160.607984;1878784780795466186,33160.607984;17992799504321051179,27857.680202;17007904556890489898,33160.607984;
3820172442,1:16063342750254927838,32160.607984;1878784780795466186,33160.607984;17992799504321051179,27857.680202;17007904556890489898,33160.607984;
2445550328,1:16063342750254927838,32160.607984;1878784780795466186,33160.607984;17992799504321051179,27857.680202;17007904556890489898,33160.607984;
37731944,3:16063342750254927838,32160.607984;1878784780795466186,33160.607984;17992799504321051179,27857.680202;17007904556890489898,33160.607984;
1800844011,1:16063342750254927838,32160.607984;1878784780795466186,33160.607984;17992799504321051179,27857.680202;17007904556890489898,33160.607984;
3294514552,1:16063342750254927838,32160.607984;1878784780795466186,33160.607984;17992799504321051179,27857.680202;17007904556890489898,33160.607984;
4083706553,4:16063342750254927838,32160.607984;1878784780795466186,33160.607984;17992799504321051179,27857.680202;17007904556890489898,33160.607984;
2366016886,1:16063342750254927838,32160.607984;1878784780795466186,33160.607984;17992799504321051179,27857.680202;17007904556890489898,33160.607984;
68486652,1:16063342750254927838,32160.607984;1878784780795466186,33160.607984;17992799504321051179,27857.680202;17007904556890489898,33160.607984;
3546597952,1:16063342750254927838,32160.607984;1878784780795466186,33160.607984;17992799504321051179,27857.680202;17007904556890489898,33160.607984;
198554354,1:16063342750254927838,32160.607984;1878784780795466186,33160.607984;17992799504321051179,27857.680202;17007904556890489898,33160.607984;
2653554603,1:16063342750254927838,32160.607984;1878784780795466186,33160.607984;17992799504321051179,27857.680202;17007904556890489898,33160.607984;
3702042368,1:16063342750254927838,32160.607984;1878784780795466186,33160.607984;17992799504321051179,27857.680202;17007904556890489898,33160.607984;
3299209367,1:16063342750254927838,32160.607984;1878784780795466186,33160.607984;17992799504321051179,27857.680202;17007904556890489898,33160.607984;
3810640982,2:16063342750254927838,32160.607984;1878784780795466186,33160.607984;17992799504321051179,27857.680202;17007904556890489898,33160.607984;
3221649976,3:16063342750254927838,32160.607984;1878784780795466186,33160.607984;17992799504321051179,27857.680202;17007904556890489898,33160.607984;
3135485207,1:16063342750254927838,32160.607984;1878784780795466186,33160.607984;17992799504321051179,27857.680202;17007904556890489898,33160.607984;
2264117338,2:16063342750254927838,32160.607984;1878784780795466186,33160.607984;17992799504321051179,27857.680202;17007904556890489898,33160.607984;
2570239232,1:16063342750254927838,32160.607984;1878784780795466186,33160.607984;17992799504321051179,27857.680202;17007904556890489898,33160.607984;
3550222141,1:16063342750254927838,32160.607984;1878784780795466186,33160.607984;17992799504321051179,27857.680202;17007904556890489898,33160.607984;
64967005,1:16063342750254927838,32160.607984;1878784780795466186,33160.607984;17992799504321051179,27857.680202;17007904556890489898,33160.607984;
1155510622,1:16063342750254927838,32160.607984;1878784780795466186,33160.607984;17992799504321051179,27857.680202;17007904556890489898,33160.607984;
2848002758,1:16063342750254927838,32160.607984;1878784780795466186,33160.607984;17992799504321051179,27857.680202;17007904556890489898,33160.607984;
4003571284,1:16063342750254927838,32160.607984;1878784780795466186,33160.607984;17992799504321051179,27857.680202;17007904556890489898,33160.607984;
3708026956,1:16063342750254927838,32160.607984;1878784780795466186,33160.607984;17992799504321051179,27857.680202;17007904556890489898,33160.607984;
2803654057,1:16063342750254927838,32160.607984;1878784780795466186,33160.607984;17992799504321051179,27857.680202;17007904556890489898,33160.607984;
1848583828,1:16063342750254927838,32160.607984;1878784780795466186,33160.607984;17992799504321051179,27857.680202;17007904556890489898,33160.607984;
922373262,1:16063342750254927838,32160.607984;1878784780795466186,33160.607984;17992799504321051179,27857.680202;17007904556890489898,33160.607984;
1202561633,1:16063342750254927838,32160.607984;1878784780795466186,33160.607984;17992799504321051179,27857.680202;17007904556890489898,33160.607984;
2366015797,1:16063342750254927838,32160.607984;1878784780795466186,33160.607984;17992799504321051179,27857.680202;17007904556890489898,33160.607984;
68487744,1:16063342750254927838,32160.607984;1878784780795466186,33160.607984;17992799504321051179,27857.680202;17007904556890489898,33160.607984;
2604468095,1:16063342750254927838,32160.607984;1878784780795466186,33160.607984;17992799504321051179,27857.680202;17007904556890489898,33160.607984;
4133328738,3:16063342750254927838,32160.607984;1878784780795466186,33160.607984;17992799504321051179,27857.680202;17007904556890489898,33160.607984;
2341452369,1:16063342750254927838,32160.607984;1878784780795466186,33160.607984;17992799504321051179,27857.680202;17007904556890489898,33160.607984;
2758798148,2:16063342750254927838,32160.607984;1878784780795466186,33160.607984;17992799504321051179,27857.680202;17007904556890489898,33160.607984;
2411289645,1:16063342750254927838,32160.607984;1878784780795466186,33160.607984;17992799504321051179,27857.680202;17007904556890489898,33160.607984;
1325828451,1:16063342750254927838,32160.607984;1878784780795466186,33160.607984;17992799504321051179,27857.680202;17007904556890489898,33160.607984;
2276418303,2:16063342750254927838,32160.607984;1878784780795466186,33160.607984;17992799504321051179,27857.680202;17007904556890489898,33160.607984;
2794134017,2:16063342750254927838,32160.607984;1878784780795466186,33160.607984;17992799504321051179,27857.680202;17007904556890489898,33160.607984;
2698655507,1:16063342750254927838,32160.607984;1878784780795466186,33160.607984;17992799504321051179,27857.680202;17007904556890489898,33160.607984;
4106689949,1:16063342750254927838,32160.607984;1878784780795466186,33160.607984;17992799504321051179,27857.680202;17007904556890489898,33160.607984;
1138956869,2:16063342750254927838,32160.607984;1878784780795466186,33160.607984;17992799504321051179,27857.680202;17007904556890489898,33160.607984;
2050410371,2:16063342750254927838,32160.607984;1878784780795466186,33160.607984;17992799504321051179,27857.680202;17007904556890489898,33160.607984;
3015640151,1:16063342750254927838,32160.607984;1878784780795466186,33160.607984;17992799504321051179,27857.680202;17007904556890489898,33160.607984;
994044043,1:16063342750254927838,32160.607984;1878784780795466186,33160.607984;17992799504321051179,27857.680202;17007904556890489898,33160.607984;
2576286667,1:16063342750254927838,32160.607984;1878784780795466186,33160.607984;17992799504321051179,27857.680202;17007904556890489898,33160.607984;
3615634205,1:16063342750254927838,32160.607984;1878784780795466186,33160.607984;17992799504321051179,27857.680202;17007904556890489898,33160.607984;
1001156847,1:16063342750254927838,32160.607984;1878784780795466186,33160.607984;17992799504321051179,27857.680202;17007904556890489898,33160.607984;
2102094965,1:16063342750254927838,32160.607984;1878784780795466186,33160.607984;17992799504321051179,27857.680202;17007904556890489898,33160.607984;
2795390722,1:16063342750254927838,32160.607984;1878784780795466186,33160.607984;17992799504321051179,27857.680202;17007904556890489898,33160.607984;
4261169159,1:16063342750254927838,32160.607984;1878784780795466186,33160.607984;17992799504321051179,27857.680202;17007904556890489898,33160.607984;
1277516734,1:16063342750254927838,32160.607984;1878784780795466186,33160.607984;17992799504321051179,27857.680202;17007904556890489898,33160.607984;
1115191482,1:16063342750254927838,32160.607984;1878784780795466186,33160.607984;17992799504321051179,27857.680202;17007904556890489898,33160.607984;
2406396769,2:16063342750254927838,32160.607984;1878784780795466186,33160.607984;17992799504321051179,27857.680202;17007904556890489898,33160.607984;
2444564042,1:16063342750254927838,32160.607984;1878784780795466186,33160.607984;17992799504321051179,27857.680202;17007904556890489898,33160.607984;
2560683997,1:16063342750254927838,32160.607984;1878784780795466186,33160.607984;17992799504321051179,27857.680202;17007904556890489898,33160.607984;
2448035423,1:16063342750254927838,32160.607984;1878784780795466186,33160.607984;17992799504321051179,27857.680202;17007904556890489898,33160.607984;
56673249,1:16063342750254927838,32160.607984;1878784780795466186,33160.607984;17992799504321051179,27857.680202;17007904556890489898,33160.607984;
885350551,1:16063342750254927838,32160.607984;1878784780795466186,33160.607984;17992799504321051179,27857.680202;17007904556890489898,33160.607984;
3588356746,1:16063342750254927838,32160.607984;1878784780795466186,33160.607984;17992799504321051179,27857.680202;17007904556890489898,33160.607984;
2407784895,1:16063342750254927838,32160.607984;1878784780795466186,33160.607984;17992799504321051179,27857.680202;17007904556890489898,33160.607984;
1334813484,1:16063342750254927838,32160.607984;1878784780795466186,33160.607984;17992799504321051179,27857.680202;17007904556890489898,33160.607984;
2578878487,1:16063342750254927838,32160.607984;1878784780795466186,33160.607984;17992799504321051179,27857.680202;17007904556890489898,33160.607984;
3225821657,1:16063342750254927838,32160.607984;1878784780795466186,33160.607984;17992799504321051179,27857.680202;17007904556890489898,33160.607984;
2380339956,2:16063342750254927838,32160.607984;1878784780795466186,33160.607984;17992799504321051179,27857.680202;17007904556890489898,33160.607984;
2324580432,1:16063342750254927838,32160.607984;1878784780795466186,33160.607984;17992799504321051179,27857.680202;17007904556890489898,33160.607984;
4291823416,1:16063342750254927838,32160.607984;1878784780795466186,33160.607984;17992799504321051179,27857.680202;17007904556890489898,33160.607984;
1992259814,1:16063342750254927838,32160.607984;1878784780795466186,33160.607984;17992799504321051179,27857.680202;17007904556890489898,33160.607984;
813735891,1:16063342750254927838,32160.607984;1878784780795466186,33160.607984;17992799504321051179,27857.680202;17007904556890489898,33160.607984;
4110246623,1:16063342750254927838,32160.607984;1878784780795466186,33160.607984;17992799504321051179,27857.680202;17007904556890489898,33160.607984;
2375379823,1:16063342750254927838,32160.607984;1878784780795466186,33160.607984;17992799504321051179,27857.680202;17007904556890489898,33160.607984;
727963821,2:16063342750254927838,32160.607984;1878784780795466186,33160.607984;17992799504321051179,27857.680202;17007904556890489898,33160.607984;
3998970261,1:16063342750254927838,32160.607984;1878784780795466186,33160.607984;17992799504321051179,27857.680202;17007904556890489898,33160.607984;
3584831650,1:16063342750254927838,32160.607984;1878784780795466186,33160.607984;17992799504321051179,27857.680202;17007904556890489898,33160.607984;
2375519215,1:16063342750254927838,32160.607984;1878784780795466186,33160.607984;17992799504321051179,27857.680202;17007904556890489898,33160.607984;
3063742829,1:16063342750254927838,32160.607984;1878784780795466186,33160.607984;17992799504321051179,27857.680202;17007904556890489898,33160.607984;
912778080,1:16063342750254927838,32160.607984;1878784780795466186,33160.607984;17992799504321051179,27857.680202;17007904556890489898,33160.607984;
1923368725,1:16063342750254927838,32160.607984;1878784780795466186,33160.607984;17992799504321051179,27857.680202;17007904556890489898,33160.607984;
3222799960,3:16063342750254927838,32160.607984;1878784780795466186,33160.607984;17992799504321051179,27857.680202;17007904556890489898,33160.607984;
1558964174,1:16063342750254927838,32160.607984;1878784780795466186,33160.607984;17992799504321051179,27857.680202;17007904556890489898,33160.607984;
4196467845,1:16063342750254927838,32160.607984;1878784780795466186,33160.607984;17992799504321051179,27857.680202;17007904556890489898,33160.607984;
2227352391,3:16063342750254927838,32160.607984;1878784780795466186,33160.607984;17992799504321051179,27857.680202;17007904556890489898,33160.607984;
731014474,1:16063342750254927838,32160.607984;1878784780795466186,33160.607984;17992799504321051179,27857.680202;17007904556890489898,33160.607984;
1799475142,1:16063342750254927838,32160.607984;1878784780795466186,33160.607984;17992799504321051179,27857.680202;17007904556890489898,33160.607984;
2195578798,2:16063342750254927838,32160.607984;1878784780795466186,33160.607984;17992799504321051179,27857.680202;17007904556890489898,33160.607984;
2745488835,2:16063342750254927838,32160.607984;1878784780795466186,33160.607984;17992799504321051179,27857.680202;17007904556890489898,33160.607984;
3368191651,2:16063342750254927838,32160.607984;1878784780795466186,33160.607984;17992799504321051179,27857.680202;17007904556890489898,33160.607984;
1001157936,1:16063342750254927838,32160.607984;1878784780795466186,33160.607984;17992799504321051179,27857.680202;17007904556890489898,33160.607984;
537960844,1:16063342750254927838,32160.607984;1878784780795466186,33160.607984;17992799504321051179,27857.680202;17007904556890489898,33160.607984;
2144763047,1:16063342750254927838,32160.607984;1878784780795466186,33160.607984;17992799504321051179,27857.680202;17007904556890489898,33160.607984;
2366157367,1:16063342750254927838,32160.607984;1878784780795466186,33160.607984;17992799504321051179,27857.680202;17007904556890489898,33160.607984;
727927877,1:16063342750254927838,32160.607984;1878784780795466186,33160.607984;17992799504321051179,27857.680202;17007904556890489898,33160.607984;
3066330293,1:16063342750254927838,32160.607984;1878784780795466186,33160.607984;17992799504321051179,27857.680202;17007904556890489898,33160.607984;
2717294174,1:16063342750254927838,32160.607984;1878784780795466186,33160.607984;17992799504321051179,27857.680202;17007904556890489898,33160.607984;
2861289186,1:16063342750254927838,32160.607984;1878784780795466186,33160.607984;17992799504321051179,27857.680202;17007904556890489898,33160.607984;
2147562063,1:16063342750254927838,32160.607984;1878784780795466186,33160.607984;17992799504321051179,27857.680202;17007904556890489898,33160.607984;
4109164158,1:16063342750254927838,32160.607984;1878784780795466186,33160.607984;17992799504321051179,27857.680202;17007904556890489898,33160.607984;
3178551302,1:16063342750254927838,32160.607984;1878784780795466186,33160.607984;17992799504321051179,27857.680202;17007904556890489898,33160.607984;
3587092417,1:16063342750254927838,32160.607984;1878784780795466186,33160.607984;17992799504321051179,27857.680202;17007904556890489898,33160.607984;
67371519,1:16063342750254927838,32160.607984;1878784780795466186,33160.607984;17992799504321051179,27857.680202;17007904556890489898,33160.607984;
4252688023,1:16063342750254927838,32160.607984;1878784780795466186,33160.607984;17992799504321051179,27857.680202;17007904556890489898,33160.607984;
1720352887,1:16063342750254927838,32160.607984;1878784780795466186,33160.607984;17992799504321051179,27857.680202;17007904556890489898,33160.607984;
3741227296,1:16063342750254927838,32160.607984;1878784780795466186,33160.607984;17992799504321051179,27857.680202;17007904556890489898,33160.607984;
1986276874,1:16063342750254927838,32160.607984;1878784780795466186,33160.607984;17992799504321051179,27857.680202;17007904556890489898,33160.607984;
3117071432,4:16063342750254927838,32160.607984;1878784780795466186,33160.607984;17992799504321051179,27857.680202;17007904556890489898,33160.607984;
2178360072,1:16063342750254927838,32160.607984;1878784780795466186,33160.607984;17992799504321051179,27857.680202;17007904556890489898,33160.607984;
3855372127,1:16063342750254927838,32160.607984;1878784780795466186,33160.607984;17992799504321051179,27857.680202;17007904556890489898,33160.607984;
614850927,2:16063342750254927838,32160.607984;1878784780795466186,33160.607984;17992799504321051179,27857.680202;17007904556890489898,33160.607984;
4048068406,2:16063342750254927838,32160.607984;1878784780795466186,33160.607984;17992799504321051179,27857.680202;17007904556890489898,33160.607984;
1157886820,1:16063342750254927838,32160.607984;1878784780795466186,33160.607984;17992799504321051179,27857.680202;17007904556890489898,33160.607984;
1505876248,1:16063342750254927838,32160.607984;1878784780795466186,33160.607984;17992799504321051179,27857.680202;17007904556890489898,33160.607984;
67370427,1:16063342750254927838,32160.607984;1878784780795466186,33160.607984;17992799504321051179,27857.680202;17007904556890489898,33160.607984;
3623755780,1:16063342750254927838,32160.607984;1878784780795466186,33160.607984;17992799504321051179,27857.680202;17007904556890489898,33160.607984;
4198621885,2:16063342750254927838,32160.607984;1878784780795466186,33160.607984;17992799504321051179,27857.680202;17007904556890489898,33160.607984;
2102122189,1:16063342750254927838,32160.607984;1878784780795466186,33160.607984;17992799504321051179,27857.680202;17007904556890489898,33160.607984;
994010284,1:16063342750254927838,32160.607984;1878784780795466186,33160.607984;17992799504321051179,27857.680202;17007904556890489898,33160.607984;
1917555857,1:16063342750254927838,32160.607984;1878784780795466186,33160.607984;17992799504321051179,27857.680202;17007904556890489898,33160.607984;
2445549236,1:16063342750254927838,32160.607984;1878784780795466186,33160.607984;17992799504321051179,27857.680202;17007904556890489898,33160.607984;
3866973044,1:16063342750254927838,32160.607984;1878784780795466186,33160.607984;17992799504321051179,27857.680202;17007904556890489898,33160.607984;
2578875224,1:16063342750254927838,32160.607984;1878784780795466186,33160.607984;17992799504321051179,27857.680202;17007904556890489898,33160.607984;
2409994824,1:16063342750254927838,32160.607984;1878784780795466186,33160.607984;17992799504321051179,27857.680202;17007904556890489898,33160.607984;
572276321,1:16063342750254927838,32160.607984;1878784780795466186,33160.607984;17992799504321051179,27857.680202;17007904556890489898,33160.607984;
2168857638,1:16063342750254927838,32160.607984;1878784780795466186,33160.607984;17992799504321051179,27857.680202;17007904556890489898,33160.607984;
69597432,1:16063342750254927838,32160.607984;1878784780795466186,33160.607984;17992799504321051179,27857.680202;17007904556890489898,33160.607984;
3395372480,2:16063342750254927838,32160.607984;1878784780795466186,33160.607984;17992799504321051179,27857.680202;17007904556890489898,33160.607984;
540542860,1:16063342750254927838,32160.607984;1878784780795466186,33160.607984;17992799504321051179,27857.680202;17007904556890489898,33160.607984;
2445522011,1:16063342750254927838,32160.607984;1878784780795466186,33160.607984;17992799504321051179,27857.680202;17007904556890489898,33160.607984;
4132325769,3:16063342750254927838,32160.607984;1878784780795466186,33160.607984;17992799504321051179,27857.680202;17007904556890489898,33160.607984;
2577441011,1:16063342750254927838,32160.607984;1878784780795466186,33160.607984;17992799504321051179,27857.680202;17007904556890489898,33160.607984;
2408718168,1:16063342750254927838,32160.607984;1878784780795466186,33160.607984;17992799504321051179,27857.680202;17007904556890489898,33160.607984;
2531994099,1:16063342750254927838,32160.607984;1878784780795466186,33160.607984;17992799504321051179,27857.680202;17007904556890489898,33160.607984;
2409990469,1:16063342750254927838,32160.607984;1878784780795466186,33160.607984;17992799504321051179,27857.680202;17007904556890489898,33160.607984;
1812941712,1:16063342750254927838,32160.607984;1878784780795466186,33160.607984;17992799504321051179,27857.680202;17007904556890489898,33160.607984;
3588214084,1:16063342750254927838,32160.607984;1878784780795466186,33160.607984;17992799504321051179,27857.680202;17007904556890489898,33160.607984;
3604523479,1:16063342750254927838,32160.607984;1878784780795466186,33160.607984;17992799504321051179,27857.680202;17007904556890489898,33160.607984;
2723227050,1:16063342750254927838,32160.607984;1878784780795466186,33160.607984;17992799504321051179,27857.680202;17007904556890489898,33160.607984;
3841634928,2:16063342750254927838,32160.607984;1878784780795466186,33160.607984;17992799504321051179,27857.680202;17007904556890489898,33160.607984;
2067788175,1:16063342750254927838,32160.607984;1878784780795466186,33160.607984;17992799504321051179,27857.680202;17007904556890489898,33160.607984;
2374189553,4:16063342750254927838,32160.607984;1878784780795466186,33160.607984;17992799504321051179,27857.680202;17007904556890489898,33160.607984;
2121568899,1:16063342750254927838,32160.607984;1878784780795466186,33160.607984;17992799504321051179,27857.680202;17007904556890489898,33160.607984;
2607317291,1:16063342750254927838,32160.607984;1878784780795466186,33160.607984;17992799504321051179,27857.680202;17007904556890489898,33160.607984;
3008080627,2:16063342750254927838,32160.607984;1878784780795466186,33160.607984;17992799504321051179,27857.680202;17007904556890489898,33160.607984;
885422425,1:16063342750254927838,32160.607984;1878784780795466186,33160.607984;17992799504321051179,27857.680202;17007904556890489898,33160.607984;
4198621885,1:16063342750254927838,32160.607984;1878784780795466186,33160.607984;17992799504321051179,27857.680202;17007904556890489898,33160.607984;
1154175503,1:16063342750254927838,32160.607984;1878784780795466186,33160.607984;17992799504321051179,27857.680202;17007904556890489898,33160.607984;
3098408206,1:16063342750254927838,32160.607984;1878784780795466186,33160.607984;17992799504321051179,27857.680202;17007904556890489898,33160.607984;
2718410400,2:16063342750254927838,32160.607984;1878784780795466186,33160.607984;17992799504321051179,27857.680202;17007904556890489898,33160.607984;
2759773885,1:16063342750254927838,32160.607984;1878784780795466186,33160.607984;17992799504321051179,27857.680202;17007904556890489898,33160.607984;
2098556776,1:16063342750254927838,32160.607984;1878784780795466186,33160.607984;17992799504321051179,27857.680202;17007904556890489898,33160.607984;
316830832,1:16063342750254927838,32160.607984;1878784780795466186,33160.607984;17992799504321051179,27857.680202;17007904556890489898,33160.607984;
2328275411,1:16063342750254927838,32160.607984;1878784780795466186,33160.607984;17992799504321051179,27857.680202;17007904556890489898,33160.607984;
2374189553,3:16063342750254927838,32160.607984;1878784780795466186,33160.607984;17992799504321051179,27857.680202;17007904556890489898,33160.607984;
1923303386,1:16063342750254927838,32160.607984;1878784780795466186,33160.607984;17992799504321051179,27857.680202;17007904556890489898,33160.607984;
2375522485,1:16063342750254927838,32160.607984;1878784780795466186,33160.607984;17992799504321051179,27857.680202;17007904556890489898,33160.607984;
1710259918,1:16063342750254927838,32160.607984;1878784780795466186,33160.607984;17992799504321051179,27857.680202;17007904556890489898,33160.607984;
2363714740,1:16063342750254927838,32160.607984;1878784780795466186,33160.607984;17992799504321051179,27857.680202;17007904556890489898,33160.607984;
2576505560,1:16063342750254927838,32160.607984;1878784780795466186,33160.607984;17992799504321051179,27857.680202;17007904556890489898,33160.607984;
3063814676,1:16063342750254927838,32160.607984;1878784780795466186,33160.607984;17992799504321051179,27857.680202;17007904556890489898,33160.607984;
732563758,3:16063342750254927838,32160.607984;1878784780795466186,33160.607984;17992799504321051179,27857.680202;17007904556890489898,33160.607984;
2861316411,1:16063342750254927838,32160.607984;1878784780795466186,33160.607984;17992799504321051179,27857.680202;17007904556890489898,33160.607984;
2373902773,1:16063342750254927838,32160.607984;1878784780795466186,33160.607984;17992799504321051179,27857.680202;17007904556890489898,33160.607984;
2410074554,1:16063342750254927838,32160.607984;1878784780795466186,33160.607984;17992799504321051179,27857.680202;17007904556890489898,33160.607984;
2104459184,1:16063342750254927838,32160.607984;1878784780795466186,33160.607984;17992799504321051179,27857.680202;17007904556890489898,33160.607984;
3530920729,1:16063342750254927838,32160.607984;1878784780795466186,33160.607984;17992799504321051179,27857.680202;17007904556890489898,33160.607984;
2450464481,1:16063342750254927838,32160.607984;1878784780795466186,33160.607984;17992799504321051179,27857.680202;17007904556890489898,33160.607984;
2406456314,1:16063342750254927838,32160.607984;1878784780795466186,33160.607984;17992799504321051179,27857.680202;17007904556890489898,33160.607984;
3090168720,2:16063342750254927838,32160.607984;1878784780795466186,33160.607984;17992799504321051179,27857.680202;17007904556890489898,33160.607984;
104124206,1:16063342750254927838,32160.607984;1878784780795466186,33160.607984;17992799504321051179,27857.680202;17007904556890489898,33160.607984;
65032345,1:16063342750254927838,32160.607984;1878784780795466186,33160.607984;17992799504321051179,27857.680202;17007904556890489898,33160.607984;
2566579100,1:16063342750254927838,32160.607984;1878784780795466186,33160.607984;17992799504321051179,27857.680202;17007904556890489898,33160.607984;
3867050359,1:16063342750254927838,32160.607984;1878784780795466186,33160.607984;17992799504321051179,27857.680202;17007904556890489898,33160.607984;
1805272714,2:16063342750254927838,32160.607984;1878784780795466186,33160.607984;17992799504321051179,27857.680202;17007904556890489898,33160.607984;
1830794874,1:16063342750254927838,32160.607984;1878784780795466186,33160.607984;17992799504321051179,27857.680202;17007904556890489898,33160.607984;
2718414756,1:16063342750254927838,32160.607984;1878784780795466186,33160.607984;17992799504321051179,27857.680202;17007904556890489898,33160.607984;
2102127637,1:16063342750254927838,32160.607984;1878784780795466186,33160.607984;17992799504321051179,27857.680202;17007904556890489898,33160.607984;
1798369809,1:16063342750254927838,32160.607984;1878784780795466186,33160.607984;17992799504321051179,27857.680202;17007904556890489898,33160.607984;
2143907094,1:16063342750254927838,32160.607984;1878784780795466186,33160.607984;17992799504321051179,27857.680202;17007904556890489898,33160.607984;
2686215203,3:16063342750254927838,32160.607984;1878784780795466186,33160.607984;17992799504321051179,27857.680202;17007904556890489898,33160.607984;
4146111949,1:16063342750254927838,32160.607984;1878784780795466186,33160.607984;17992799504321051179,27857.680202;17007904556890489898,33160.607984;
3660674387,1:16063342750254927838,32160.607984;1878784780795466186,33160.607984;17992799504321051179,27857.680202;17007904556890489898,33160.607984;
3267575581,2:16063342750254927838,32160.607984;1878784780795466186,33160.607984;17992799504321051179,27857.680202;17007904556890489898,33160.607984;
1756977043,1:16063342750254927838,32160.607984;1878784780795466186,33160.607984;17992799504321051179,27857.680202;17007904556890489898,33160.607984;
2745591201,3:16063342750254927838,32160.607984;1878784780795466186,33160.607984;17992799504321051179,27857.680202;17007904556890489898,33160.607984;
886500531,1:16063342750254927838,32160.607984;1878784780795466186,33160.607984;17992799504321051179,27857.680202;17007904556890489898,33160.607984;
3630944273,1:16063342750254927838,32160.607984;1878784780795466186,33160.607984;17992799504321051179,27857.680202;17007904556890489898,33160.607984;
2448037601,1:16063342750254927838,32160.607984;1878784780795466186,33160.607984;17992799504321051179,27857.680202;17007904556890489898,33160.607984;
2757616581,2:16063342750254927838,32160.607984;1878784780795466186,33160.607984;17992799504321051179,27857.680202;17007904556890489898,33160.607984;
1504837346,1:16063342750254927838,32160.607984;1878784780795466186,33160.607984;17992799504321051179,27857.680202;17007904556890489898,33160.607984;
2531023827,1:16063342750254927838,32160.607984;1878784780795466186,33160.607984;17992799504321051179,27857.680202;17007904556890489898,33160.607984;
572278499,1:16063342750254927838,32160.607984;1878784780795466186,33160.607984;17992799504321051179,27857.680202;17007904556890489898,33160.607984;
3576859959,2:16063342750254927838,32160.607984;1878784780795466186,33160.607984;17992799504321051179,27857.680202;17007904556890489898,33160.607984;
1315496700,1:16063342750254927838,32160.607984;1878784780795466186,33160.607984;17992799504321051179,27857.680202;17007904556890489898,33160.607984;
2745591201,2:16063342750254927838,32160.607984;1878784780795466186,33160.607984;17992799504321051179,27857.680202;17007904556890489898,33160.607984;
2818282850,2:16063342750254927838,32160.607984;1878784780795466186,33160.607984;17992799504321051179,27857.680202;17007904556890489898,33160.607984;
2143874420,1:16063342750254927838,32160.607984;1878784780795466186,33160.607984;17992799504321051179,27857.680202;17007904556890489898,33160.607984;
2021620316,1:16063342750254927838,32160.607984;1878784780795466186,33160.607984;17992799504321051179,27857.680202;17007904556890489898,33160.607984;
1189832632,1:16063342750254927838,32160.607984;1878784780795466186,33160.607984;17992799504321051179,27857.680202;17007904556890489898,33160.607984;
2367225438,1:16063342750254927838,32160.607984;1878784780795466186,33160.607984;17992799504321051179,27857.680202;17007904556890489898,33160.607984;
2191916487,1:16063342750254927838,32160.607984;1878784780795466186,33160.607984;17992799504321051179,27857.680202;17007904556890489898,33160.607984;
2441984432,1:16063342750254927838,32160.607984;1878784780795466186,33160.607984;17992799504321051179,27857.680202;17007904556890489898,33160.607984;
990951337,1:16063342750254927838,32160.607984;1878784780795466186,33160.607984;17992799504321051179,27857.680202;17007904556890489898,33160.607984;
3164591704,1:16063342750254927838,32160.607984;1878784780795466186,33160.607984;17992799504321051179,27857.680202;17007904556890489898,33160.607984;
4133370120,3:16063342750254927838,32160.607984;1878784780795466186,33160.607984;17992799504321051179,27857.680202;17007904556890489898,33160.607984;
3305137368,1:16063342750254927838,32160.607984;1878784780795466186,33160.607984;17992799504321051179,27857.680202;17007904556890489898,33160.607984;
3299418454,2:16063342750254927838,32160.607984;1878784780795466186,33160.607984;17992799504321051179,27857.680202;17007904556890489898,33160.607984;
2803647523,1:16063342750254927838,32160.607984;1878784780795466186,33160.607984;17992799504321051179,27857.680202;17007904556890489898,33160.607984;
2168753092,1:16063342750254927838,32160.607984;1878784780795466186,33160.607984;17992799504321051179,27857.680202;17007904556890489898,33160.607984;
67108891,1:16063342750254927838,32160.607984;1878784780795466186,33160.607984;17992799504321051179,27857.680202;17007904556890489898,33160.607984;
3818319788,1:16063342750254927838,32160.607984;1878784780795466186,33160.607984;17992799504321051179,27857.680202;17007904556890489898,33160.607984;
1711191020,1:16063342750254927838,32160.607984;1878784780795466186,33160.607984;17992799504321051179,27857.680202;17007904556890489898,33160.607984;
1682191061,1:16063342750254927838,32160.607984;1878784780795466186,33160.607984;17992799504321051179,27857.680202;17007904556890489898,33160.607984;
2451451925,1:16063342750254927838,32160.607984;1878784780795466186,33160.607984;17992799504321051179,27857.680202;17007904556890489898,33160.607984;
2407872367,1:16063342750254927838,32160.607984;1878784780795466186,33160.607984;17992799504321051179,27857.680202;17007904556890489898,33160.607984;
3008044686,2:16063342750254927838,32160.607984;1878784780795466186,33160.607984;17992799504321051179,27857.680202;17007904556890489898,33160.607984;
729006022,3:16063342750254927838,32160.607984;1878784780795466186,33160.607984;17992799504321051179,27857.680202;17007904556890489898,33160.607984;
1870444120,1:16063342750254927838,32160.607984;1878784780795466186,33160.607984;17992799504321051179,27857.680202;17007904556890489898,33160.607984;
1680965935,1:16063342750254927838,32160.607984;1878784780795466186,33160.607984;17992799504321051179,27857.680202;17007904556890489898,33160.607984;
2971756270,1:16063342750254927838,32160.607984;1878784780795466186,33160.607984;17992799504321051179,27857.680202;17007904556890489898,33160.607984;
2871284218,1:16063342750254927838,32160.607984;1878784780795466186,33160.607984;17992799504321051179,27857.680202;17007904556890489898,33160.607984;
1992187940,1:16063342750254927838,32160.607984;1878784780795466186,33160.607984;17992799504321051179,27857.680202;17007904556890489898,33160.607984;
1015912744,1:16063342750254927838,32160.607984;1878784780795466186,33160.607984;17992799504321051179,27857.680202;17007904556890489898,33160.607984;
1159035716,1:16063342750254927838,32160.607984;1878784780795466186,33160.607984;17992799504321051179,27857.680202;17007904556890489898,33160.607984;
760984549,1:16063342750254927838,32160.607984;1878784780795466186,33160.607984;17992799504321051179,27857.680202;17007904556890489898,33160.607984;
2745591201,1:16063342750254927838,32160.607984;1878784780795466186,33160.607984;17992799504321051179,27857.680202;17007904556890489898,33160.607984;
537923816,1:16063342750254927838,32160.607984;1878784780795466186,33160.607984;17992799504321051179,27857.680202;17007904556890489898,33160.607984;
1114934480,1:16063342750254927838,32160.607984;1878784780795466186,33160.607984;17992799504321051179,27857.680202;17007904556890489898,33160.607984;
1972204929,1:16063342750254927838,32160.607984;1878784780795466186,33160.607984;17992799504321051179,27857.680202;17007904556890489898,33160.607984;
3050438810,2:16063342750254927838,32160.607984;1878784780795466186,33160.607984;17992799504321051179,27857.680202;17007904556890489898,33160.607984;
2065495823,1:16063342750254927838,32160.607984;1878784780795466186,33160.607984;17992799504321051179,27857.680202;17007904556890489898,33160.607984;
764752495,1:16063342750254927838,32160.607984;1878784780795466186,33160.607984;17992799504321051179,27857.680202;17007904556890489898,33160.607984;
2367234384,1:16063342750254927838,32160.607984;1878784780795466186,33160.607984;17992799504321051179,27857.680202;17007904556890489898,33160.607984;
3222284453,1:16063342750254927838,32160.607984;1878784780795466186,33160.607984;17992799504321051179,27857.680202;17007904556890489898,33160.607984;
168471914,1:16063342750254927838,32160.607984;1878784780795466186,33160.607984;17992799504321051179,27857.680202;17007904556890489898,33160.607984;
1830723000,1:16063342750254927838,32160.607984;1878784780795466186,33160.607984;17992799504321051179,27857.680202;17007904556890489898,33160.607984;
2065557903,1:16063342750254927838,32160.607984;1878784780795466186,33160.607984;17992799504321051179,27857.680202;17007904556890489898,33160.607984;
4239055134,2:16063342750254927838,32160.607984;1878784780795466186,33160.607984;17992799504321051179,27857.680202;17007904556890489898,33160.607984;
1688491917,2:16063342750254927838,32160.607984;1878784780795466186,33160.607984;17992799504321051179,27857.680202;17007904556890489898,33160.607984;
112462685,1:16063342750254927838,32160.607984;1878784780795466186,33160.607984;17992799504321051179,27857.680202;17007904556890489898,33160.607984;
1548884023,2:16063342750254927838,32160.607984;1878784780795466186,33160.607984;17992799504321051179,27857.680202;17007904556890489898,33160.607984;
2065527405,1:16063342750254927838,32160.607984;1878784780795466186,33160.607984;17992799504321051179,27857.680202;17007904556890489898,33160.607984;
3710226287,1:16063342750254927838,32160.607984;1878784780795466186,33160.607984;17992799504321051179,27857.680202;17007904556890489898,33160.607984;
69707424,1:16063342750254927838,32160.607984;1878784780795466186,33160.607984;17992799504321051179,27857.680202;17007904556890489898,33160.607984;
3783744039,1:16063342750254927838,32160.607984;1878784780795466186,33160.607984;17992799504321051179,27857.680202;17007904556890489898,33160.607984;
1359283903,1:16063342750254927838,32160.607984;1878784780795466186,33160.607984;17992799504321051179,27857.680202;17007904556890489898,33160.607984;
3627347299,1:16063342750254927838,32160.607984;1878784780795466186,33160.607984;17992799504321051179,27857.680202;17007904556890489898,33160.607984;
3631940704,1:16063342750254927838,32160.607984;1878784780795466186,33160.607984;17992799504321051179,27857.680202;17007904556890489898,33160.607984;
3702008609,1:16063342750254927838,32160.607984;1878784780795466186,33160.607984;17992799504321051179,27857.680202;17007904556890489898,33160.607984;
2408985326,1:16063342750254927838,32160.607984;1878784780795466186,33160.607984;17992799504321051179,27857.680202;17007904556890489898,33160.607984;
2910321266,1:16063342750254927838,32160.607984;1878784780795466186,33160.607984;17992799504321051179,27857.680202;17007904556890489898,33160.607984;
3098516017,1:16063342750254927838,32160.607984;1878784780795466186,33160.607984;17992799504321051179,27857.680202;17007904556890489898,33160.607984;
3127004145,2:16063342750254927838,32160.607984;1878784780795466186,33160.607984;17992799504321051179,27857.680202;17007904556890489898,33160.607984;
2861318589,1:16063342750254927838,32160.607984;1878784780795466186,33160.607984;17992799504321051179,27857.680202;17007904556890489898,33160.607984;
2531886289,1:16063342750254927838,32160.607984;1878784780795466186,33160.607984;17992799504321051179,27857.680202;17007904556890489898,33160.607984;
1507027321,1:16063342750254927838,32160.607984;1878784780795466186,33160.607984;17992799504321051179,27857.680202;17007904556890489898,33160.607984;
2140173737,4:16063342750254927838,32160.607984;1878784780795466186,33160.607984;17992799504321051179,27857.680202;17007904556890489898,33160.607984;
2366117074,2:16063342750254927838,32160.607984;1878784780795466186,33160.607984;17992799504321051179,27857.680202;17007904556890489898,33160.607984;
2578845821,1:16063342750254927838,32160.607984;1878784780795466186,33160.607984;17992799504321051179,27857.680202;17007904556890489898,33160.607984;
1830758938,1:16063342750254927838,32160.607984;1878784780795466186,33160.607984;17992799504321051179,27857.680202;17007904556890489898,33160.607984;
63984762,1:16063342750254927838,32160.607984;1878784780795466186,33160.607984;17992799504321051179,27857.680202;17007904556890489898,33160.607984;
3772691478,2:16063342750254927838,32160.607984;1878784780795466186,33160.607984;17992799504321051179,27857.680202;17007904556890489898,33160.607984;
1191461986,1:16063342750254927838,32160.607984;1878784780795466186,33160.607984;17992799504321051179,27857.680202;17007904556890489898,33160.607984;
69706332,1:16063342750254927838,32160.607984;1878784780795466186,33160.607984;17992799504321051179,27857.680202;17007904556890489898,33160.607984;
198635430,1:16063342750254927838,32160.607984;1878784780795466186,33160.607984;17992799504321051179,27857.680202;17007904556890489898,33160.607984;
1246411767,3:16063342750254927838,32160.607984;1878784780795466186,33160.607984;17992799504321051179,27857.680202;17007904556890489898,33160.607984;
2324610924,2:16063342750254927838,32160.607984;1878784780795466186,33160.607984;17992799504321051179,27857.680202;17007904556890489898,33160.607984;
2367221082,1:16063342750254927838,32160.607984;1878784780795466186,33160.607984;17992799504321051179,27857.680202;17007904556890489898,33160.607984;
1258698983,2:16063342750254927838,32160.607984;1878784780795466186,33160.607984;17992799504321051179,27857.680202;17007904556890489898,33160.607984;
2560685086,1:16063342750254927838,32160.607984;1878784780795466186,33160.607984;17992799504321051179,27857.680202;17007904556890489898,33160.607984;
3018541773,2:16063342750254927838,32160.607984;1878784780795466186,33160.607984;17992799504321051179,27857.680202;17007904556890489898,33160.607984;
1783684357,2:16063342750254927838,32160.607984;1878784780795466186,33160.607984;17992799504321051179,27857.680202;17007904556890489898,33160.607984;
692436828,2:16063342750254927838,32160.607984;1878784780795466186,33160.607984;17992799504321051179,27857.680202;17007904556890489898,33160.607984;
4197761575,2:16063342750254927838,32160.607984;1878784780795466186,33160.607984;17992799504321051179,27857.680202;17007904556890489898,33160.607984;
169621902,1:16063342750254927838,32160.607984;1878784780795466186,33160.607984;17992799504321051179,27857.680202;17007904556890489898,33160.607984;
3705448764,1:16063342750254927838,32160.607984;1878784780795466186,33160.607984;17992799504321051179,27857.680202;17007904556890489898,33160.607984;
2260737864,3:16063342750254927838,32160.607984;1878784780795466186,33160.607984;17992799504321051179,27857.680202;17007904556890489898,33160.607984;
2956930976,1:16063342750254927838,32160.607984;1878784780795466186,33160.607984;17992799504321051179,27857.680202;17007904556890489898,33160.607984;
2560713400,1:16063342750254927838,32160.607984;1878784780795466186,33160.607984;17992799504321051179,27857.680202;17007904556890489898,33160.607984;
2328317882,1:16063342750254927838,32160.607984;1878784780795466186,33160.607984;17992799504321051179,27857.680202;17007904556890489898,33160.607984;
1113932599,1:16063342750254927838,32160.607984;1878784780795466186,33160.607984;17992799504321051179,27857.680202;17007904556890489898,33160.607984;
404518257,2:16063342750254927838,32160.607984;1878784780795466186,33160.607984;17992799504321051179,27857.680202;17007904556890489898,33160.607984;
3798869861,2:16063342750254927838,32160.607984;1878784780795466186,33160.607984;17992799504321051179,27857.680202;17007904556890489898,33160.607984;
3552529736,1:16063342750254927838,32160.607984;1878784780795466186,33160.607984;17992799504321051179,27857.680202;17007904556890489898,33160.607984;
3203540069,1:16063342750254927838,32160.607984;1878784780795466186,33160.607984;17992799504321051179,27857.680202;17007904556890489898,33160.607984;
3077156982,1:16063342750254927838,32160.607984;1878784780795466186,33160.607984;17992799504321051179,27857.680202;17007904556890489898,33160.607984;
4201210441,1:16063342750254927838,32160.607984;1878784780795466186,33160.607984;17992799504321051179,27857.680202;17007904556890489898,33160.607984;
2745557442,3:16063342750254927838,32160.607984;1878784780795466186,33160.607984;17992799504321051179,27857.680202;17007904556890489898,33160.607984;
1963834879,1:16063342750254927838,32160.607984;1878784780795466186,33160.607984;17992799504321051179,27857.680202;17007904556890489898,33160.607984;
4251785536,1:16063342750254927838,32160.607984;1878784780795466186,33160.607984;17992799504321051179,27857.680202;17007904556890489898,33160.607984;
264193875,6:16063342750254927838,32160.607984;1878784780795466186,33160.607984;17992799504321051179,27857.680202;17007904556890489898,33160.607984;
3697148407,1:16063342750254927838,32160.607984;1878784780795466186,33160.607984;17992799504321051179,27857.680202;17007904556890489898,33160.607984;
1695705720,1:16063342750254927838,32160.607984;1878784780795466186,33160.607984;17992799504321051179,27857.680202;17007904556890489898,33160.607984;
4111396610,1:16063342750254927838,32160.607984;1878784780795466186,33160.607984;17992799504321051179,27857.680202;17007904556890489898,33160.607984;
3043914166,1:16063342750254927838,32160.607984;1878784780795466186,33160.607984;17992799504321051179,27857.680202;17007904556890489898,33160.607984;
2459574770,1:16063342750254927838,32160.607984;1878784780795466186,33160.607984;17992799504321051179,27857.680202;17007904556890489898,33160.607984;
1794739082,1:16063342750254927838,32160.607984;1878784780795466186,33160.607984;17992799504321051179,27857.680202;17007904556890489898,33160.607984;
915442863,1:16063342750254927838,32160.607984;1878784780795466186,33160.607984;17992799504321051179,27857.680202;17007904556890489898,33160.607984;
2793198562,2:16063342750254927838,32160.607984;1878784780795466186,33160.607984;17992799504321051179,27857.680202;17007904556890489898,33160.607984;
316794895,1:16063342750254927838,32160.607984;1878784780795466186,33160.607984;17992799504321051179,27857.680202;17007904556890489898,33160.607984;
922341681,1:16063342750254927838,32160.607984;1878784780795466186,33160.607984;17992799504321051179,27857.680202;17007904556890489898,33160.607984;
887614578,1:16063342750254927838,32160.607984;1878784780795466186,33160.607984;17992799504321051179,27857.680202;17007904556890489898,33160.607984;
2200176556,1:16063342750254927838,32160.607984;1878784780795466186,33160.607984;17992799504321051179,27857.680202;17007904556890489898,33160.607984;
767099247,2:16063342750254927838,32160.607984;1878784780795466186,33160.607984;17992799504321051179,27857.680202;17007904556890489898,33160.607984;
4133220927,3:16063342750254927838,32160.607984;1878784780795466186,33160.607984;17992799504321051179,27857.680202;17007904556890489898,33160.607984;
2645927647,1:16063342750254927838,32160.607984;1878784780795466186,33160.607984;17992799504321051179,27857.680202;17007904556890489898,33160.607984;
2609617259,1:16063342750254927838,32160.607984;1878784780795466186,33160.607984;17992799504321051179,27857.680202;17007904556890489898,33160.607984;
2562928193,1:16063342750254927838,32160.607984;1878784780795466186,33160.607984;17992799504321051179,27857.680202;17007904556890489898,33160.607984;
3549149476,1:16063342750254927838,32160.607984;1878784780795466186,33160.607984;17992799504321051179,27857.680202;17007904556890489898,33160.607984;
2402882803,1:16063342750254927838,32160.607984;1878784780795466186,33160.607984;17992799504321051179,27857.680202;17007904556890489898,33160.607984;
4173730335,1:16063342750254927838,32160.607984;1878784780795466186,33160.607984;17992799504321051179,27857.680202;17007904556890489898,33160.607984;
3814441869,1:16063342750254927838,32160.607984;1878784780795466186,33160.607984;17992799504321051179,27857.680202;17007904556890489898,33160.607984;
930379669,2:16063342750254927838,32160.607984;1878784780795466186,33160.607984;17992799504321051179,27857.680202;17007904556890489898,33160.607984;
3189268831,2:16063342750254927838,32160.607984;1878784780795466186,33160.607984;17992799504321051179,27857.680202;17007904556890489898,33160.607984;
572530054,1:16063342750254927838,32160.607984;1878784780795466186,33160.607984;17992799504321051179,27857.680202;17007904556890489898,33160.607984;
1448057623,2:16063342750254927838,32160.607984;1878784780795466186,33160.607984;17992799504321051179,27857.680202;17007904556890489898,33160.607984;
2407000750,2:16063342750254927838,32160.607984;1878784780795466186,33160.607984;17992799504321051179,27857.680202;17007904556890489898,33160.607984;
2686248962,2:16063342750254927838,32160.607984;1878784780795466186,33160.607984;17992799504321051179,27857.680202;17007904556890489898,33160.607984;
1113931510,1:16063342750254927838,32160.607984;1878784780795466186,33160.607984;17992799504321051179,27857.680202;17007904556890489898,33160.607984;
1192932132,1:16063342750254927838,32160.607984;1878784780795466186,33160.607984;17992799504321051179,27857.680202;17007904556890489898,33160.607984;
2716035290,1:16063342750254927838,32160.607984;1878784780795466186,33160.607984;17992799504321051179,27857.680202;17007904556890489898,33160.607984;
4197761575,1:16063342750254927838,32160.607984;1878784780795466186,33160.607984;17992799504321051179,27857.680202;17007904556890489898,33160.607984;
2406458492,1:16063342750254927838,32160.607984;1878784780795466186,33160.607984;17992799504321051179,27857.680202;17007904556890489898,33160.607984;
3731416142,2:16063342750254927838,32160.607984;1878784780795466186,33160.607984;17992799504321051179,27857.680202;17007904556890489898,33160.607984;
64967005,2:16063342750254927838,32160.607984;1878784780795466186,33160.607984;17992799504321051179,27857.680202;17007904556890489898,33160.607984;
2968096586,1:16063342750254927838,32160.607984;1878784780795466186,33160.607984;17992799504321051179,27857.680202;17007904556890489898,33160.607984;
1695707894,1:16063342750254927838,32160.607984;1878784780795466186,33160.607984;17992799504321051179,27857.680202;17007904556890489898,33160.607984;
2909885243,1:16063342750254927838,32160.607984;1878784780795466186,33160.607984;17992799504321051179,27857.680202;17007904556890489898,33160.607984;
2792694619,1:16063342750254927838,32160.607984;1878784780795466186,33160.607984;17992799504321051179,27857.680202;17007904556890489898,33160.607984;
887578645,1:16063342750254927838,32160.607984;1878784780795466186,33160.607984;17992799504321051179,27857.680202;17007904556890489898,33160.607984;
2607137606,1:16063342750254927838,32160.607984;1878784780795466186,33160.607984;17992799504321051179,27857.680202;17007904556890489898,33160.607984;
2445789399,1:16063342750254927838,32160.607984;1878784780795466186,33160.607984;17992799504321051179,27857.680202;17007904556890489898,33160.607984;
1017213796,1:16063342750254927838,32160.607984;1878784780795466186,33160.607984;17992799504321051179,27857.680202;17007904556890489898,33160.607984;
2451524586,1:16063342750254927838,32160.607984;1878784780795466186,33160.607984;17992799504321051179,27857.680202;17007904556890489898,33160.607984;
1081764631,1:16063342750254927838,32160.607984;1878784780795466186,33160.607984;17992799504321051179,27857.680202;17007904556890489898,33160.607984;
3630902887,1:16063342750254927838,32160.607984;1878784780795466186,33160.607984;17992799504321051179,27857.680202;17007904556890489898,33160.607984;
1764200387,2:16063342750254927838,32160.607984;1878784780795466186,33160.607984;17992799504321051179,27857.680202;17007904556890489898,33160.607984;
3205881421,1:16063342750254927838,32160.607984;1878784780795466186,33160.607984;17992799504321051179,27857.680202;17007904556890489898,33160.607984;
1993445736,1:16063342750254927838,32160.607984;1878784780795466186,33160.607984;17992799504321051179,27857.680202;17007904556890489898,33160.607984;
2403995761,1:16063342750254927838,32160.607984;1878784780795466186,33160.607984;17992799504321051179,27857.680202;17007904556890489898,33160.607984;
2443242231,1:16063342750254927838,32160.607984;1878784780795466186,33160.607984;17992799504321051179,27857.680202;17007904556890489898,33160.607984;
2328314612,1:16063342750254927838,32160.607984;1878784780795466186,33160.607984;17992799504321051179,27857.680202;17007904556890489898,33160.607984;
1559070898,1:16063342750254927838,32160.607984;1878784780795466186,33160.607984;17992799504321051179,27857.680202;17007904556890489898,33160.607984;
2065558988,1:16063342750254927838,32160.607984;1878784780795466186,33160.607984;17992799504321051179,27857.680202;17007904556890489898,33160.607984;
4276995928,1:16063342750254927838,32160.607984;1878784780795466186,33160.607984;17992799504321051179,27857.680202;17007904556890489898,33160.607984;
4127332696,2:16063342750254927838,32160.607984;1878784780795466186,33160.607984;17992799504321051179,27857.680202;17007904556890489898,33160.607984;
2206298982,1:16063342750254927838,32160.607984;1878784780795466186,33160.607984;17992799504321051179,27857.680202;17007904556890489898,33160.607984;
2324650131,1:16063342750254927838,32160.607984;1878784780795466186,33160.607984;17992799504321051179,27857.680202;17007904556890489898,33160.607984;
1158856026,1:16063342750254927838,32160.607984;1878784780795466186,33160.607984;17992799504321051179,27857.680202;17007904556890489898,33160.607984;
537921634,1:16063342750254927838,32160.607984;1878784780795466186,33160.607984;17992799504321051179,27857.680202;17007904556890489898,33160.607984;
762462325,1:16063342750254927838,32160.607984;1878784780795466186,33160.607984;17992799504321051179,27857.680202;17007904556890489898,33160.607984;
2366232508,2:16063342750254927838,32160.607984;1878784780795466186,33160.607984;17992799504321051179,27857.680202;17007904556890489898,33160.607984;
1315497789,1:16063342750254927838,32160.607984;1878784780795466186,33160.607984;17992799504321051179,27857.680202;17007904556890489898,33160.607984;
4110321764,1:16063342750254927838,32160.607984;1878784780795466186,33160.607984;17992799504321051179,27857.680202;17007904556890489898,33160.607984;
1630816165,1:16063342750254927838,32160.607984;1878784780795466186,33160.607984;17992799504321051179,27857.680202;17007904556890489898,33160.607984;
2758663111,2:16063342750254927838,32160.607984;1878784780795466186,33160.607984;17992799504321051179,27857.680202;17007904556890489898,33160.607984;
3577695890,2:16063342750254927838,32160.607984;1878784780795466186,33160.607984;17992799504321051179,27857.680202;17007904556890489898,33160.607984;
2955674268,1:16063342750254927838,32160.607984;1878784780795466186,33160.607984;17992799504321051179,27857.680202;17007904556890489898,33160.607984;
63949912,1:16063342750254927838,32160.607984;1878784780795466186,33160.607984;17992799504321051179,27857.680202;17007904556890489898,33160.607984;
2251581832,1:16063342750254927838,32160.607984;1878784780795466186,33160.607984;17992799504321051179,27857.680202;17007904556890489898,33160.607984;
2559600439,2:16063342750254927838,32160.607984;1878784780795466186,33160.607984;17992799504321051179,27857.680202;17007904556890489898,33160.607984;
996989841,1:16063342750254927838,32160.607984;1878784780795466186,33160.607984;17992799504321051179,27857.680202;17007904556890489898,33160.607984;
3924541587,2:16063342750254927838,32160.607984;1878784780795466186,33160.607984;17992799504321051179,27857.680202;17007904556890489898,33160.607984;
571346312,1:16063342750254927838,32160.607984;1878784780795466186,33160.607984;17992799504321051179,27857.680202;17007904556890489898,33160.607984;
2880704070,1:16063342750254927838,32160.607984;1878784780795466186,33160.607984;17992799504321051179,27857.680202;17007904556890489898,33160.607984;
91078468,1:16063342750254927838,32160.607984;1878784780795466186,33160.607984;17992799504321051179,27857.680202;17007904556890489898,33160.607984;
3585870559,1:16063342750254927838,32160.607984;1878784780795466186,33160.607984;17992799504321051179,27857.680202;17007904556890489898,33160.607984;
3074907946,1:16063342750254927838,32160.607984;1878784780795466186,33160.607984;17992799504321051179,27857.680202;17007904556890489898,33160.607984;
3315169167,1:16063342750254927838,32160.607984;1878784780795466186,33160.607984;17992799504321051179,27857.680202;17007904556890489898,33160.607984;
1972207103,3:16063342750254927838,32160.607984;1878784780795466186,33160.607984;17992799504321051179,27857.680202;17007904556890489898,33160.607984;
4108011995,1:16063342750254927838,32160.607984;1878784780795466186,33160.607984;17992799504321051179,27857.680202;17007904556890489898,33160.607984;
571348490,1:16063342750254927838,32160.607984;1878784780795466186,33160.607984;17992799504321051179,27857.680202;17007904556890489898,33160.607984;
4276993754,1:16063342750254927838,32160.607984;1878784780795466186,33160.607984;17992799504321051179,27857.680202;17007904556890489898,33160.607984;
1993122303,1:16063342750254927838,32160.607984;1878784780795466186,33160.607984;17992799504321051179,27857.680202;17007904556890489898,33160.607984;
3593138545,1:16063342750254927838,32160.607984;1878784780795466186,33160.607984;17992799504321051179,27857.680202;17007904556890489898,33160.607984;
1196692242,1:16063342750254927838,32160.607984;1878784780795466186,33160.607984;17992799504321051179,27857.680202;17007904556890489898,33160.607984;
2564045923,2:16063342750254927838,32160.607984;1878784780795466186,33160.607984;17992799504321051179,27857.680202;17007904556890489898,33160.607984;
2101231387,1:16063342750254927838,32160.607984;1878784780795466186,33160.607984;17992799504321051179,27857.680202;17007904556890489898,33160.607984;
2104532150,1:16063342750254927838,32160.607984;1878784780795466186,33160.607984;17992799504321051179,27857.680202;17007904556890489898,33160.607984;
4197687522,2:16063342750254927838,32160.607984;1878784780795466186,33160.607984;17992799504321051179,27857.680202;17007904556890489898,33160.607984;
2589517937,2:16063342750254927838,32160.607984;1878784780795466186,33160.607984;17992799504321051179,27857.680202;17007904556890489898,33160.607984;
1309531158,1:16063342750254927838,32160.607984;1878784780795466186,33160.607984;17992799504321051179,27857.680202;17007904556890489898,33160.607984;
2530923062,1:16063342750254927838,32160.607984;1878784780795466186,33160.607984;17992799504321051179,27857.680202;17007904556890489898,33160.607984;
1116270684,1:16063342750254927838,32160.607984;1878784780795466186,33160.607984;17992799504321051179,27857.680202;17007904556890489898,33160.607984;
4169956950,1:16063342750254927838,32160.607984;1878784780795466186,33160.607984;17992799504321051179,27857.680202;17007904556890489898,33160.607984;
1805560279,2:16063342750254927838,32160.607984;1878784780795466186,33160.607984;17992799504321051179,27857.680202;17007904556890489898,33160.607984;
3748494195,1:16063342750254927838,32160.607984;1878784780795466186,33160.607984;17992799504321051179,27857.680202;17007904556890489898,33160.607984;
2090512800,1:16063342750254927838,32160.607984;1878784780795466186,33160.607984;17992799504321051179,27857.680202;17007904556890489898,33160.607984;
3062700628,1:16063342750254927838,32160.607984;1878784780795466186,33160.607984;17992799504321051179,27857.680202;17007904556890489898,33160.607984;
2953555077,1:16063342750254927838,32160.607984;1878784780795466186,33160.607984;17992799504321051179,27857.680202;17007904556890489898,33160.607984;
352300651,1:16063342750254927838,32160.607984;1878784780795466186,33160.607984;17992799504321051179,27857.680202;17007904556890489898,33160.607984;
4197687522,1:16063342750254927838,32160.607984;1878784780795466186,33160.607984;17992799504321051179,27857.680202;17007904556890489898,33160.607984;
2578873046,1:16063342750254927838,32160.607984;1878784780795466186,33160.607984;17992799504321051179,27857.680202;17007904556890489898,33160.607984;
1796212494,1:16063342750254927838,32160.607984;1878784780795466186,33160.607984;17992799504321051179,27857.680202;17007904556890489898,33160.607984;
2103418100,1:16063342750254927838,32160.607984;1878784780795466186,33160.607984;17992799504321051179,27857.680202;17007904556890489898,33160.607984;
2143908179,1:16063342750254927838,32160.607984;1878784780795466186,33160.607984;17992799504321051179,27857.680202;17007904556890489898,33160.607984;
3251190190,4:16063342750254927838,32160.607984;1878784780795466186,33160.607984;17992799504321051179,27857.680202;17007904556890489898,33160.607984;
4238012961,2:16063342750254927838,32160.607984;1878784780795466186,33160.607984;17992799504321051179,27857.680202;17007904556890489898,33160.607984;
2329502716,1:16063342750254927838,32160.607984;1878784780795466186,33160.607984;17992799504321051179,27857.680202;17007904556890489898,33160.607984;
1962582528,1:16063342750254927838,32160.607984;1878784780795466186,33160.607984;17992799504321051179,27857.680202;17007904556890489898,33160.607984;
3738860899,1:16063342750254927838,32160.607984;1878784780795466186,33160.607984;17992799504321051179,27857.680202;17007904556890489898,33160.607984;
2448250681,1:16063342750254927838,32160.607984;1878784780795466186,33160.607984;17992799504321051179,27857.680202;17007904556890489898,33160.607984;
1695642558,1:16063342750254927838,32160.607984;1878784780795466186,33160.607984;17992799504321051179,27857.680202;17007904556890489898,33160.607984;
2602207336,1:16063342750254927838,32160.607984;1878784780795466186,33160.607984;17992799504321051179,27857.680202;17007904556890489898,33160.607984;
4197434881,2:16063342750254927838,32160.607984;1878784780795466186,33160.607984;17992799504321051179,27857.680202;17007904556890489898,33160.607984;
1752598001,1:6716189355219460180,32160.607984;5537727306344400563,29137.204167;16019251870190933755,21762.691200;9299633463980588651,28137.204167;7408222268973213108,31027.605203;16580398418232013335,nan;6595766495993482513,32160.607984;6027998910130031744,26571.880748;7236552221015090074,21378.159333;490637884205152611,20333.392675;
63943378,1:16063342750254927838,32160.607984;1878784780795466186,33160.607984;17992799504321051179,27857.680202;17007904556890489898,33160.607984;
2745520416,2:16063342750254927838,32160.607984;1878784780795466186,33160.607984;17992799504321051179,27857.680202;17007904556890489898,33160.607984;
64965920,1:16063342750254927838,32160.607984;1878784780795466186,33160.607984;17992799504321051179,27857.680202;17007904556890489898,33160.607984;
1972177705,1:6716189355219460180,32160.607984;5537727306344400563,29137.204167;16019251870190933755,21762.691200;9299633463980588651,28137.204167;7408222268973213108,31027.605203;16580398418232013335,nan;6595766495993482513,32160.607984;6027998910130031744,26571.880748;7236552221015090074,21378.159333;490637884205152611,20333.392675;
619441213,2:16063342750254927838,32160.607984;1878784780795466186,33160.607984;17992799504321051179,27857.680202;17007904556890489898,33160.607984;
451991033,3:16063342750254927838,32160.607984;1878784780795466186,33160.607984;17992799504321051179,27857.680202;17007904556890489898,33160.607984;
3065418040,1:16063342750254927838,32160.607984;1878784780795466186,33160.607984;17992799504321051179,27857.680202;17007904556890489898,33160.607984;
1361907311,1:16063342750254927838,32160.607984;1878784780795466186,33160.607984;17992799504321051179,27857.680202;17007904556890489898,33160.607984;
2529775256,1:16063342750254927838,32160.607984;1878784780795466186,33160.607984;17992799504321051179,27857.680202;17007904556890489898,33160.607984;
4255203617,1:16063342750254927838,32160.607984;1878784780795466186,33160.607984;17992799504321051179,27857.680202;17007904556890489898,33160.607984;
1093791671,3:16063342750254927838,32160.607984;1878784780795466186,33160.607984;17992799504321051179,27857.680202;17007904556890489898,33160.607984;
1505872978,1:16063342750254927838,32160.607984;1878784780795466186,33160.607984;17992799504321051179,27857.680202;17007904556890489898,33160.607984;
1701703645,1:16063342750254927838,32160.607984;1878784780795466186,33160.607984;17992799504321051179,27857.680202;17007904556890489898,33160.607984;
580025919,3:16063342750254927838,32160.607984;1878784780795466186,33160.607984;17992799504321051179,27857.680202;17007904556890489898,33160.607984;
616698641,1:8803830272258857201,16896.712192;7519326607332336758,23774.930173;2613343496286709298,21351.307453;11346797872774360618,13153.399606;14357413530816103104,20218.640286;4565244254581545118,20745.284999;17922403805449423869,19744.603703;
2972878388,1:16063342750254927838,32160.607984;1878784780795466186,33160.607984;17992799504321051179,27857.680202;17007904556890489898,33160.607984;
2565529304,1:14350286424232700367,28864.185252;9292589939185753829,34353.636955;
4175400650,1:2233459917990611080,12218.640286;
2452839589,1:16063342750254927838,32160.607984;1878784780795466186,33160.607984;17992799504321051179,27857.680202;17007904556890489898,33160.607984;
2008684250,1:14350286424232700367,28864.185252;9292589939185753829,34353.636955;
2007607232,1:14350286424232700367,28864.185252;9292589939185753829,34353.636955;
2007568026,1:14350286424232700367,28864.185252;9292589939185753829,34353.636955;
3622497985,1:16063342750254927838,32160.607984;1878784780795466186,33160.607984;17992799504321051179,27857.680202;17007904556890489898,33160.607984;
1529373371,2:16063342750254927838,32160.607984;1878784780795466186,33160.607984;17992799504321051179,27857.680202;17007904556890489898,33160.607984;
3678786270,1:16063342750254927838,32160.607984;1878784780795466186,33160.607984;17992799504321051179,27857.680202;17007904556890489898,33160.607984;
2566508315,1:850187991063183094,17558.329561;17924096951154006182,24126.782526;10363819905758419276,24222.266317;
3126781625,1:17494041394590767202,11532.394450;3494242481475770159,12842.779467;17305563064261701131,9532.394450;14338014768147926253,10420.615305;15939826235198410915,12842.779467;12760871325376512253,11532.394450;5040246723666813619,11532.394450;10922864249741762753,9532.394450;12861281202927702431,10420.615305;
1157811675,1:16063342750254927838,32160.607984;1878784780795466186,33160.607984;17992799504321051179,27857.680202;17007904556890489898,33160.607984;
1360581991,1:16063342750254927838,32160.607984;1878784780795466186,33160.607984;17992799504321051179,27857.680202;17007904556890489898,33160.607984;
1360763861,1:16063342750254927838,32160.607984;1878784780795466186,33160.607984;17992799504321051179,27857.680202;17007904556890489898,33160.607984;
1963481809,1:16063342750254927838,32160.607984;1878784780795466186,33160.607984;17992799504321051179,27857.680202;17007904556890489898,33160.607984;
764866837,1:3056395092711954527,16022.139241;14613767527857410704,15022.139241;16908664199751662751,16022.139241;13499921417832535110,9714.597781;2649282562643885656,19529.208519;7245432419770367471,27000.000000;1067067348750464490,16022.139241;17360042003900222261,11714.597781;
804864720,1:3056395092711954527,16022.139241;14613767527857410704,15022.139241;16908664199751662751,16022.139241;13499921417832535110,9714.597781;2649282562643885656,19529.208519;7245432419770367471,27000.000000;1067067348750464490,16022.139241;17360042003900222261,11714.597781;
692024641,1:8803830272258857201,16896.712192;7519326607332336758,23774.930173;2613343496286709298,21351.307453;11346797872774360618,13153.399606;14357413530816103104,20218.640286;4565244254581545118,20745.284999;17922403805449423869,19744.603703;
64927802,1:16063342750254927838,32160.607984;1878784780795466186,33160.607984;17992799504321051179,27857.680202;17007904556890489898,33160.607984;
2405327603,1:16063342750254927838,32160.607984;1878784780795466186,33160.607984;17992799504321051179,27857.680202;17007904556890489898,33160.607984;
1758455732,1:6716189355219460180,32160.607984;5537727306344400563,29137.204167;16019251870190933755,21762.691200;9299633463980588651,28137.204167;7408222268973213108,31027.605203;16580398418232013335,nan;6595766495993482513,32160.607984;6027998910130031744,26571.880748;7236552221015090074,21378.159333;490637884205152611,20333.392675;
2745632582,2:16063342750254927838,32160.607984;1878784780795466186,33160.607984;17992799504321051179,27857.680202;17007904556890489898,33160.607984;
2449123684,1:6716189355219460180,32160.607984;5537727306344400563,29137.204167;16019251870190933755,21762.691200;9299633463980588651,28137.204167;7408222268973213108,31027.605203;16580398418232013335,nan;6595766495993482513,32160.607984;6027998910130031744,26571.880748;7236552221015090074,21378.159333;490637884205152611,20333.392675;
2367201714,1:16063342750254927838,32160.607984;1878784780795466186,33160.607984;17992799504321051179,27857.680202;17007904556890489898,33160.607984;
2143836305,1:16063342750254927838,32160.607984;1878784780795466186,33160.607984;17992799504321051179,27857.680202;17007904556890489898,33160.607984;
1755113591,1:6716189355219460180,32160.607984;5537727306344400563,29137.204167;16019251870190933755,21762.691200;9299633463980588651,28137.204167;7408222268973213108,31027.605203;16580398418232013335,nan;6595766495993482513,32160.607984;6027998910130031744,26571.880748;7236552221015090074,21378.159333;490637884205152611,20333.392675;
2784480480,1:
3428001073,1:
1796065484,1:16063342750254927838,32160.607984;1878784780795466186,33160.607984;17992799504321051179,27857.680202;17007904556890489898,33160.607984;
1360577638,1:6716189355219460180,32160.607984;5537727306344400563,29137.204167;16019251870190933755,21762.691200;9299633463980588651,28137.204167;7408222268973213108,31027.605203;16580398418232013335,nan;6595766495993482513,32160.607984;6027998910130031744,26571.880748;7236552221015090074,21378.159333;490637884205152611,20333.392675;
1693844273,1:16063342750254927838,32160.607984;1878784780795466186,33160.607984;17992799504321051179,27857.680202;17007904556890489898,33160.607984;
2524802756,1:6716189355219460180,32160.607984;5537727306344400563,29137.204167;16019251870190933755,21762.691200;9299633463980588651,28137.204167;7408222268973213108,31027.605203;16580398418232013335,nan;6595766495993482513,32160.607984;6027998910130031744,26571.880748;7236552221015090074,21378.159333;490637884205152611,20333.392675;
2103415922,1:16063342750254927838,32160.607984;1878784780795466186,33160.607984;17992799504321051179,27857.680202;17007904556890489898,33160.607984;
2819583580,2:16063342750254927838,32160.607984;1878784780795466186,33160.607984;17992799504321051179,27857.680202;17007904556890489898,33160.607984;
2377742956,1:16063342750254927838,32160.607984;1878784780795466186,33160.607984;17992799504321051179,27857.680202;17007904556890489898,33160.607984;
3805634897,1:6716189355219460180,32160.607984;5537727306344400563,29137.204167;16019251870190933755,21762.691200;9299633463980588651,28137.204167;7408222268973213108,31027.605203;16580398418232013335,nan;6595766495993482513,32160.607984;6027998910130031744,26571.880748;7236552221015090074,21378.159333;490637884205152611,20333.392675;
3380084909,1:16063342750254927838,32160.607984;1878784780795466186,33160.607984;17992799504321051179,27857.680202;17007904556890489898,33160.607984;
536110908,1:16063342750254927838,32160.607984;1878784780795466186,33160.607984;17992799504321051179,27857.680202;17007904556890489898,33160.607984;
2491634936,1:6716189355219460180,32160.607984;5537727306344400563,29137.204167;16019251870190933755,21762.691200;9299633463980588651,28137.204167;7408222268973213108,31027.605203;16580398418232013335,nan;6595766495993482513,32160.607984;6027998910130031744,26571.880748;7236552221015090074,21378.159333;490637884205152611,20333.392675;
63912886,1:16063342750254927838,32160.607984;1878784780795466186,33160.607984;17992799504321051179,27857.680202;17007904556890489898,33160.607984;
2861322948,1:16063342750254927838,32160.607984;1878784780795466186,33160.607984;17992799504321051179,27857.680202;17007904556890489898,33160.607984;
3738782492,1:16063342750254927838,32160.607984;1878784780795466186,33160.607984;17992799504321051179,27857.680202;17007904556890489898,33160.607984;
1359426565,1:6716189355219460180,32160.607984;5537727306344400563,29137.204167;16019251870190933755,21762.691200;9299633463980588651,28137.204167;7408222268973213108,31027.605203;16580398418232013335,nan;6595766495993482513,32160.607984;6027998910130031744,26571.880748;7236552221015090074,21378.159333;490637884205152611,20333.392675;
917850649,1:16063342750254927838,32160.607984;1878784780795466186,33160.607984;17992799504321051179,27857.680202;17007904556890489898,33160.607984;
1972025242,1:16063342750254927838,32160.607984;1878784780795466186,33160.607984;17992799504321051179,27857.680202;17007904556890489898,33160.607984;
3589501287,1:16063342750254927838,32160.607984;1878784780795466186,33160.607984;17992799504321051179,27857.680202;17007904556890489898,33160.607984;
733713776,2:16063342750254927838,32160.607984;1878784780795466186,33160.607984;17992799504321051179,27857.680202;17007904556890489898,33160.607984;
1755005780,1:6716189355219460180,32160.607984;5537727306344400563,29137.204167;16019251870190933755,21762.691200;9299633463980588651,28137.204167;7408222268973213108,31027.605203;16580398418232013335,nan;6595766495993482513,32160.607984;6027998910130031744,26571.880748;7236552221015090074,21378.159333;490637884205152611,20333.392675;
3252793558,1:16063342750254927838,32160.607984;1878784780795466186,33160.607984;17992799504321051179,27857.680202;17007904556890489898,33160.607984;
1783979695,1:16063342750254927838,32160.607984;1878784780795466186,33160.607984;17992799504321051179,27857.680202;17007904556890489898,33160.607984;
2451608781,1:6716189355219460180,32160.607984;5537727306344400563,29137.204167;16019251870190933755,21762.691200;9299633463980588651,28137.204167;7408222268973213108,31027.605203;16580398418232013335,nan;6595766495993482513,32160.607984;6027998910130031744,26571.880748;7236552221015090074,21378.159333;490637884205152611,20333.392675;
2410138806,1:16063342750254927838,32160.607984;1878784780795466186,33160.607984;17992799504321051179,27857.680202;17007904556890489898,33160.607984;
1759857275,1:6716189355219460180,32160.607984;5537727306344400563,29137.204167;16019251870190933755,21762.691200;9299633463980588651,28137.204167;7408222268973213108,31027.605203;16580398418232013335,nan;6595766495993482513,32160.607984;6027998910130031744,26571.880748;7236552221015090074,21378.159333;490637884205152611,20333.392675;
3315137586,1:16063342750254927838,32160.607984;1878784780795466186,33160.607984;17992799504321051179,27857.680202;17007904556890489898,33160.607984;
2449103231,1:
3299418454,1:13664998977956490707,24771.162973;14276977175722654164,20663.945417;
2065529582,1:16063342750254927838,32160.607984;1878784780795466186,33160.607984;17992799504321051179,27857.680202;17007904556890489898,33160.607984;
1745691626,1:16063342750254927838,32160.607984;1878784780795466186,33160.607984;17992799504321051179,27857.680202;17007904556890489898,33160.607984;
2097618061,1:3056395092711954527,16022.139241;14613767527857410704,15022.139241;16908664199751662751,16022.139241;13499921417832535110,9714.597781;2649282562643885656,19529.208519;7245432419770367471,27000.000000;1067067348750464490,16022.139241;17360042003900222261,11714.597781;
4095169462,1:6716189355219460180,32160.607984;5537727306344400563,29137.204167;16019251870190933755,21762.691200;9299633463980588651,28137.204167;7408222268973213108,31027.605203;16580398418232013335,nan;6595766495993482513,32160.607984;6027998910130031744,26571.880748;7236552221015090074,21378.159333;490637884205152611,20333.392675;
2232309679,1:
1355800197,1:8803830272258857201,16896.712192;7519326607332336758,23774.930173;2613343496286709298,21351.307453;11346797872774360618,13153.399606;14357413530816103104,20218.640286;4565244254581545118,20745.284999;17922403805449423869,19744.603703;
1724843920,1:
2371972394,1:8803830272258857201,16896.712192;7519326607332336758,23774.930173;2613343496286709298,21351.307453;11346797872774360618,13153.399606;14357413530816103104,20218.640286;4565244254581545118,20745.284999;17922403805449423869,19744.603703;
2815176845,1:16063342750254927838,32160.607984;1878784780795466186,33160.607984;17992799504321051179,27857.680202;17007904556890489898,33160.607984;
618175322,1:
819419227,1:6716189355219460180,32160.607984;5537727306344400563,29137.204167;16019251870190933755,21762.691200;9299633463980588651,28137.204167;7408222268973213108,31027.605203;16580398418232013335,nan;6595766495993482513,32160.607984;6027998910130031744,26571.880748;7236552221015090074,21378.159333;490637884205152611,20333.392675;
3632087716,1:16063342750254927838,32160.607984;1878784780795466186,33160.607984;17992799504321051179,27857.680202;17007904556890489898,33160.607984;
1756263575,1:6716189355219460180,32160.607984;5537727306344400563,29137.204167;16019251870190933755,21762.691200;9299633463980588651,28137.204167;7408222268973213108,31027.605203;16580398418232013335,nan;6595766495993482513,32160.607984;6027998910130031744,26571.880748;7236552221015090074,21378.159333;490637884205152611,20333.392675;
1751304269,1:6716189355219460180,32160.607984;5537727306344400563,29137.204167;16019251870190933755,21762.691200;9299633463980588651,28137.204167;7408222268973213108,31027.605203;16580398418232013335,nan;6595766495993482513,32160.607984;6027998910130031744,26571.880748;7236552221015090074,21378.159333;490637884205152611,20333.392675;
1875636666,1:6716189355219460180,32160.607984;5537727306344400563,29137.204167;16019251870190933755,21762.691200;9299633463980588651,28137.204167;7408222268973213108,31027.605203;16580398418232013335,nan;6595766495993482513,32160.607984;6027998910130031744,26571.880748;7236552221015090074,21378.159333;490637884205152611,20333.392675;
799224789,1:16063342750254927838,32160.607984;1878784780795466186,33160.607984;17992799504321051179,27857.680202;17007904556890489898,33160.607984;
2102087342,1:16063342750254927838,32160.607984;1878784780795466186,33160.607984;17992799504321051179,27857.680202;17007904556890489898,33160.607984;
2099750347,1:16063342750254927838,32160.607984;1878784780795466186,33160.607984;17992799504321051179,27857.680202;17007904556890489898,33160.607984;
3584757598,1:16063342750254927838,32160.607984;1878784780795466186,33160.607984;17992799504321051179,27857.680202;17007904556890489898,33160.607984;
3280818696,2:16063342750254927838,32160.607984;1878784780795466186,33160.607984;17992799504321051179,27857.680202;17007904556890489898,33160.607984;
3632084453,1:16063342750254927838,32160.607984;1878784780795466186,33160.607984;17992799504321051179,27857.680202;17007904556890489898,33160.607984;
1911437467,1:16063342750254927838,32160.607984;1878784780795466186,33160.607984;17992799504321051179,27857.680202;17007904556890489898,33160.607984;
919109828,1:17494041394590767202,11532.394450;3494242481475770159,12842.779467;17305563064261701131,9532.394450;14338014768147926253,10420.615305;15939826235198410915,12842.779467;12760871325376512253,11532.394450;5040246723666813619,11532.394450;10922864249741762753,9532.394450;12861281202927702431,10420.615305;
835765090,1:6716189355219460180,32160.607984;5537727306344400563,29137.204167;16019251870190933755,21762.691200;9299633463980588651,28137.204167;7408222268973213108,31027.605203;16580398418232013335,nan;6595766495993482513,32160.607984;6027998910130031744,26571.880748;7236552221015090074,21378.159333;490637884205152611,20333.392675;
3046135726,1:3056395092711954527,16022.139241;14613767527857410704,15022.139241;16908664199751662751,16022.139241;13499921417832535110,9714.597781;2649282562643885656,19529.208519;7245432419770367471,27000.000000;1067067348750464490,16022.139241;17360042003900222261,11714.597781;
3374229067,2:16063342750254927838,32160.607984;1878784780795466186,33160.607984;17992799504321051179,27857.680202;17007904556890489898,33160.607984;
732563758,2:16063342750254927838,32160.607984;1878784780795466186,33160.607984;17992799504321051179,27857.680202;17007904556890489898,33160.607984;
1606218061,1:
1359606247,1:6716189355219460180,32160.607984;5537727306344400563,29137.204167;16019251870190933755,21762.691200;9299633463980588651,28137.204167;7408222268973213108,31027.605203;16580398418232013335,nan;6595766495993482513,32160.607984;6027998910130031744,26571.880748;7236552221015090074,21378.159333;490637884205152611,20333.392675;
609566107,4:16063342750254927838,32160.607984;1878784780795466186,33160.607984;17992799504321051179,27857.680202;17007904556890489898,33160.607984;
1870408179,1:16063342750254927838,32160.607984;1878784780795466186,33160.607984;17992799504321051179,27857.680202;17007904556890489898,33160.607984;
835695394,1:6716189355219460180,32160.607984;5537727306344400563,29137.204167;16019251870190933755,21762.691200;9299633463980588651,28137.204167;7408222268973213108,31027.605203;16580398418232013335,nan;6595766495993482513,32160.607984;6027998910130031744,26571.880748;7236552221015090074,21378.159333;490637884205152611,20333.392675;
55599495,1:
1505840312,1:6716189355219460180,32160.607984;5537727306344400563,29137.204167;16019251870190933755,21762.691200;9299633463980588651,28137.204167;7408222268973213108,31027.605203;16580398418232013335,nan;6595766495993482513,32160.607984;6027998910130031744,26571.880748;7236552221015090074,21378.159333;490637884205152611,20333.392675;
2566470200,1:3056395092711954527,16022.139241;14613767527857410704,15022.139241;16908664199751662751,16022.139241;13499921417832535110,9714.597781;2649282562643885656,19529.208519;7245432419770367471,27000.000000;1067067348750464490,16022.139241;17360042003900222261,11714.597781;
2637646464,1:
1852431268,1:17494041394590767202,11532.394450;3494242481475770159,12842.779467;17305563064261701131,9532.394450;14338014768147926253,10420.615305;15939826235198410915,12842.779467;12760871325376512253,11532.394450;5040246723666813619,11532.394450;10922864249741762753,9532.394450;12861281202927702431,10420.615305;
854588479,1:16063342750254927838,32160.607984;1878784780795466186,33160.607984;17992799504321051179,27857.680202;17007904556890489898,33160.607984;
4234200604,1:16063342750254927838,32160.607984;1878784780795466186,33160.607984;17992799504321051179,27857.680202;17007904556890489898,33160.607984;
2585993012,1:16063342750254927838,32160.607984;1878784780795466186,33160.607984;17992799504321051179,27857.680202;17007904556890489898,33160.607984;
588200604,1:3056395092711954527,16022.139241;14613767527857410704,15022.139241;16908664199751662751,16022.139241;13499921417832535110,9714.597781;2649282562643885656,19529.208519;7245432419770367471,27000.000000;1067067348750464490,16022.139241;17360042003900222261,11714.597781;
1765417887,1:
2405472440,1:16063342750254927838,32160.607984;1878784780795466186,33160.607984;17992799504321051179,27857.680202;17007904556890489898,33160.607984;
3065310229,1:16063342750254927838,32160.607984;1878784780795466186,33160.607984;17992799504321051179,27857.680202;17007904556890489898,33160.607984;
2366329192,1:850187991063183094,17558.329561;17924096951154006182,24126.782526;10363819905758419276,24222.266317;
2382737108,1:16063342750254927838,32160.607984;1878784780795466186,33160.607984;17992799504321051179,27857.680202;17007904556890489898,33160.607984;
2757693901,2:16063342750254927838,32160.607984;1878784780795466186,33160.607984;17992799504321051179,27857.680202;17007904556890489898,33160.607984;
421104870,1:16063342750254927838,32160.607984;1878784780795466186,33160.607984;17992799504321051179,27857.680202;17007904556890489898,33160.607984;
3496236560,1:
2450265699,1:16063342750254927838,32160.607984;1878784780795466186,33160.607984;17992799504321051179,27857.680202;17007904556890489898,33160.607984;
2751448933,1:
112424570,1:16063342750254927838,32160.607984;1878784780795466186,33160.607984;17992799504321051179,27857.680202;17007904556890489898,33160.607984;
3062772529,1:16063342750254927838,32160.607984;1878784780795466186,33160.607984;17992799504321051179,27857.680202;17007904556890489898,33160.607984;
618067511,1:
65033437,1:16063342750254927838,32160.607984;1878784780795466186,33160.607984;17992799504321051179,27857.680202;17007904556890489898,33160.607984;
1382747207,1:16063342750254927838,32160.607984;1878784780795466186,33160.607984;17992799504321051179,27857.680202;17007904556890489898,33160.607984;
4133362497,3:16063342750254927838,32160.607984;1878784780795466186,33160.607984;17992799504321051179,27857.680202;17007904556890489898,33160.607984;
2006313496,1:3056395092711954527,16022.139241;14613767527857410704,15022.139241;16908664199751662751,16022.139241;13499921417832535110,9714.597781;2649282562643885656,19529.208519;7245432419770367471,27000.000000;1067067348750464490,16022.139241;17360042003900222261,11714.597781;
2452608483,1:6716189355219460180,32160.607984;5537727306344400563,29137.204167;16019251870190933755,21762.691200;9299633463980588651,28137.204167;7408222268973213108,31027.605203;16580398418232013335,nan;6595766495993482513,32160.607984;6027998910130031744,26571.880748;7236552221015090074,21378.159333;490637884205152611,20333.392675;
1757521370,1:6716189355219460180,32160.607984;5537727306344400563,29137.204167;16019251870190933755,21762.691200;9299633463980588651,28137.204167;7408222268973213108,31027.605203;16580398418232013335,nan;6595766495993482513,32160.607984;6027998910130031744,26571.880748;7236552221015090074,21378.159333;490637884205152611,20333.392675;
4257611392,1:16063342750254927838,32160.607984;1878784780795466186,33160.607984;17992799504321051179,27857.680202;17007904556890489898,33160.607984;
922343859,1:16063342750254927838,32160.607984;1878784780795466186,33160.607984;17992799504321051179,27857.680202;17007904556890489898,33160.607984;
1794751191,1:
2760957633,1:16063342750254927838,32160.607984;1878784780795466186,33160.607984;17992799504321051179,27857.680202;17007904556890489898,33160.607984;
2638616763,1:8803830272258857201,16896.712192;7519326607332336758,23774.930173;2613343496286709298,21351.307453;11346797872774360618,13153.399606;14357413530816103104,20218.640286;4565244254581545118,20745.284999;17922403805449423869,19744.603703;
1793842834,1:16063342750254927838,32160.607984;1878784780795466186,33160.607984;17992799504321051179,27857.680202;17007904556890489898,33160.607984;
1997686380,1:16063342750254927838,32160.607984;1878784780795466186,33160.607984;17992799504321051179,27857.680202;17007904556890489898,33160.607984;
2686215203,2:16063342750254927838,32160.607984;1878784780795466186,33160.607984;17992799504321051179,27857.680202;17007904556890489898,33160.607984;
838108622,1:6716189355219460180,32160.607984;5537727306344400563,29137.204167;16019251870190933755,21762.691200;9299633463980588651,28137.204167;7408222268973213108,31027.605203;16580398418232013335,nan;6595766495993482513,32160.607984;6027998910130031744,26571.880748;7236552221015090074,21378.159333;490637884205152611,20333.392675;
3551702496,1:6716189355219460180,32160.607984;5537727306344400563,29137.204167;16019251870190933755,21762.691200;9299633463980588651,28137.204167;7408222268973213108,31027.605203;16580398418232013335,nan;6595766495993482513,32160.607984;6027998910130031744,26571.880748;7236552221015090074,21378.159333;490637884205152611,20333.392675;
433645321,2:16063342750254927838,32160.607984;1878784780795466186,33160.607984;17992799504321051179,27857.680202;17007904556890489898,33160.607984;
803678799,1:17494041394590767202,11532.394450;3494242481475770159,12842.779467;17305563064261701131,9532.394450;14338014768147926253,10420.615305;15939826235198410915,12842.779467;12760871325376512253,11532.394450;5040246723666813619,11532.394450;10922864249741762753,9532.394450;12861281202927702431,10420.615305;
2449094281,1:6716189355219460180,32160.607984;5537727306344400563,29137.204167;16019251870190933755,21762.691200;9299633463980588651,28137.204167;7408222268973213108,31027.605203;16580398418232013335,nan;6595766495993482513,32160.607984;6027998910130031744,26571.880748;7236552221015090074,21378.159333;490637884205152611,20333.392675;
2366117074,1:16063342750254927838,32160.607984;1878784780795466186,33160.607984;17992799504321051179,27857.680202;17007904556890489898,33160.607984;
220416342,1:
2573065627,1:6716189355219460180,32160.607984;5537727306344400563,29137.204167;16019251870190933755,21762.691200;9299633463980588651,28137.204167;7408222268973213108,31027.605203;16580398418232013335,nan;6595766495993482513,32160.607984;6027998910130031744,26571.880748;7236552221015090074,21378.159333;490637884205152611,20333.392675;
2451394488,1:16063342750254927838,32160.607984;1878784780795466186,33160.607984;17992799504321051179,27857.680202;17007904556890489898,33160.607984;
800121032,1:16063342750254927838,32160.607984;1878784780795466186,33160.607984;17992799504321051179,27857.680202;17007904556890489898,33160.607984;
581192885,1:3056395092711954527,16022.139241;14613767527857410704,15022.139241;16908664199751662751,16022.139241;13499921417832535110,9714.597781;2649282562643885656,19529.208519;7245432419770367471,27000.000000;1067067348750464490,16022.139241;17360042003900222261,11714.597781;
2412562341,1:16063342750254927838,32160.607984;1878784780795466186,33160.607984;17992799504321051179,27857.680202;17007904556890489898,33160.607984;
3551553989,1:16063342750254927838,32160.607984;1878784780795466186,33160.607984;17992799504321051179,27857.680202;17007904556890489898,33160.607984;
457904400,2:16063342750254927838,32160.607984;1878784780795466186,33160.607984;17992799504321051179,27857.680202;17007904556890489898,33160.607984;
2370960708,1:8803830272258857201,16896.712192;7519326607332336758,23774.930173;2613343496286709298,21351.307453;11346797872774360618,13153.399606;14357413530816103104,20218.640286;4565244254581545118,20745.284999;17922403805449423869,19744.603703;
4175994709,1:8803830272258857201,16896.712192;7519326607332336758,23774.930173;2613343496286709298,21351.307453;11346797872774360618,13153.399606;14357413530816103104,20218.640286;4565244254581545118,20745.284999;17922403805449423869,19744.603703;
27134120,1:6716189355219460180,32160.607984;5537727306344400563,29137.204167;16019251870190933755,21762.691200;9299633463980588651,28137.204167;7408222268973213108,31027.605203;16580398418232013335,nan;6595766495993482513,32160.607984;6027998910130031744,26571.880748;7236552221015090074,21378.159333;490637884205152611,20333.392675;
1074687222,1:8803830272258857201,16896.712192;7519326607332336758,23774.930173;2613343496286709298,21351.307453;11346797872774360618,13153.399606;14357413530816103104,20218.640286;4565244254581545118,20745.284999;17922403805449423869,19744.603703;
2006606438,1:14350286424232700367,28864.185252;9292589939185753829,34353.636955;
1969622909,1:17494041394590767202,11532.394450;3494242481475770159,12842.779467;17305563064261701131,9532.394450;14338014768147926253,10420.615305;15939826235198410915,12842.779467;12760871325376512253,11532.394450;5040246723666813619,11532.394450;10922864249741762753,9532.394450;12861281202927702431,10420.615305;
922517306,1:
4174596437,1:6716189355219460180,32160.607984;5537727306344400563,29137.204167;16019251870190933755,21762.691200;9299633463980588651,28137.204167;7408222268973213108,31027.605203;16580398418232013335,nan;6595766495993482513,32160.607984;6027998910130031744,26571.880748;7236552221015090074,21378.159333;490637884205152611,20333.392675;
3310283906,1:6716189355219460180,32160.607984;5537727306344400563,29137.204167;16019251870190933755,21762.691200;9299633463980588651,28137.204167;7408222268973213108,31027.605203;16580398418232013335,nan;6595766495993482513,32160.607984;6027998910130031744,26571.880748;7236552221015090074,21378.159333;490637884205152611,20333.392675;
1723843133,1:
2229929119,1:6716189355219460180,32160.607984;5537727306344400563,29137.204167;16019251870190933755,21762.691200;9299633463980588651,28137.204167;7408222268973213108,31027.605203;16580398418232013335,nan;6595766495993482513,32160.607984;6027998910130031744,26571.880748;7236552221015090074,21378.159333;490637884205152611,20333.392675;
403059342,2:16063342750254927838,32160.607984;1878784780795466186,33160.607984;17992799504321051179,27857.680202;17007904556890489898,33160.607984;
572534410,1:16063342750254927838,32160.607984;1878784780795466186,33160.607984;17992799504321051179,27857.680202;17007904556890489898,33160.607984;
2008653758,1:850187991063183094,17558.329561;17924096951154006182,24126.782526;10363819905758419276,24222.266317;
737518800,1:17494041394590767202,11532.394450;3494242481475770159,12842.779467;17305563064261701131,9532.394450;14338014768147926253,10420.615305;15939826235198410915,12842.779467;12760871325376512253,11532.394450;5040246723666813619,11532.394450;10922864249741762753,9532.394450;12861281202927702431,10420.615305;
2375597674,1:8803830272258857201,16896.712192;7519326607332336758,23774.930173;2613343496286709298,21351.307453;11346797872774360618,13153.399606;14357413530816103104,20218.640286;4565244254581545118,20745.284999;17922403805449423869,19744.603703;
920220605,1:
3513295122,1:
834799147,1:6716189355219460180,32160.607984;5537727306344400563,29137.204167;16019251870190933755,21762.691200;9299633463980588651,28137.204167;7408222268973213108,31027.605203;16580398418232013335,nan;6595766495993482513,32160.607984;6027998910130031744,26571.880748;7236552221015090074,21378.159333;490637884205152611,20333.392675;
1795932752,1:
1600360330,1:16063342750254927838,32160.607984;1878784780795466186,33160.607984;17992799504321051179,27857.680202;17007904556890489898,33160.607984;
1316470263,1:16063342750254927838,32160.607984;1878784780795466186,33160.607984;17992799504321051179,27857.680202;17007904556890489898,33160.607984;
1005673857,3:6716189355219460180,32160.607984;5537727306344400563,29137.204167;16019251870190933755,21762.691200;9299633463980588651,28137.204167;7408222268973213108,31027.605203;16580398418232013335,nan;6595766495993482513,32160.607984;6027998910130031744,26571.880748;7236552221015090074,21378.159333;490637884205152611,20333.392675;
3705556571,1:16063342750254927838,32160.607984;1878784780795466186,33160.607984;17992799504321051179,27857.680202;17007904556890489898,33160.607984;
3574021141,1:17494041394590767202,11532.394450;3494242481475770159,12842.779467;17305563064261701131,9532.394450;14338014768147926253,10420.615305;15939826235198410915,12842.779467;12760871325376512253,11532.394450;5040246723666813619,11532.394450;10922864249741762753,9532.394450;12861281202927702431,10420.615305;
1967462334,1:17494041394590767202,11532.394450;3494242481475770159,12842.779467;17305563064261701131,9532.394450;14338014768147926253,10420.615305;15939826235198410915,12842.779467;12760871325376512253,11532.394450;5040246723666813619,11532.394450;10922864249741762753,9532.394450;12861281202927702431,10420.615305;
1759749464,1:6716189355219460180,32160.607984;5537727306344400563,29137.204167;16019251870190933755,21762.691200;9299633463980588651,28137.204167;7408222268973213108,31027.605203;16580398418232013335,nan;6595766495993482513,32160.607984;6027998910130031744,26571.880748;7236552221015090074,21378.159333;490637884205152611,20333.392675;
3861337669,1:16063342750254927838,32160.607984;1878784780795466186,33160.607984;17992799504321051179,27857.680202;17007904556890489898,33160.607984;
1703111727,1:16063342750254927838,32160.607984;1878784780795466186,33160.607984;17992799504321051179,27857.680202;17007904556890489898,33160.607984;
2835891718,1:16063342750254927838,32160.607984;1878784780795466186,33160.607984;17992799504321051179,27857.680202;17007904556890489898,33160.607984;
1906875581,2:6716189355219460180,32160.607984;5537727306344400563,29137.204167;16019251870190933755,21762.691200;9299633463980588651,28137.204167;7408222268973213108,31027.605203;16580398418232013335,nan;6595766495993482513,32160.607984;6027998910130031744,26571.880748;7236552221015090074,21378.159333;490637884205152611,20333.392675;
2958185504,1:16063342750254927838,32160.607984;1878784780795466186,33160.607984;17992799504321051179,27857.680202;17007904556890489898,33160.607984;
4233230304,1:
3078227468,1:16063342750254927838,32160.607984;1878784780795466186,33160.607984;17992799504321051179,27857.680202;17007904556890489898,33160.607984;
3602324792,2:16063342750254927838,32160.607984;1878784780795466186,33160.607984;17992799504321051179,27857.680202;17007904556890489898,33160.607984;
540317585,1:16063342750254927838,32160.607984;1878784780795466186,33160.607984;17992799504321051179,27857.680202;17007904556890489898,33160.607984;
17719720,1:6716189355219460180,32160.607984;5537727306344400563,29137.204167;16019251870190933755,21762.691200;9299633463980588651,28137.204167;7408222268973213108,31027.605203;16580398418232013335,nan;6595766495993482513,32160.607984;6027998910130031744,26571.880748;7236552221015090074,21378.159333;490637884205152611,20333.392675;
2576256179,1:16063342750254927838,32160.607984;1878784780795466186,33160.607984;17992799504321051179,27857.680202;17007904556890489898,33160.607984;
835809739,1:6716189355219460180,32160.607984;5537727306344400563,29137.204167;16019251870190933755,21762.691200;9299633463980588651,28137.204167;7408222268973213108,31027.605203;16580398418232013335,nan;6595766495993482513,32160.607984;6027998910130031744,26571.880748;7236552221015090074,21378.159333;490637884205152611,20333.392675;
2378927785,1:
2306988782,1:17494041394590767202,11532.394450;3494242481475770159,12842.779467;17305563064261701131,9532.394450;14338014768147926253,10420.615305;15939826235198410915,12842.779467;12760871325376512253,11532.394450;5040246723666813619,11532.394450;10922864249741762753,9532.394450;12861281202927702431,10420.615305;
1693198842,1:
2005233211,1:16063342750254927838,32160.607984;1878784780795466186,33160.607984;17992799504321051179,27857.680202;17007904556890489898,33160.607984;
1969618553,1:17494041394590767202,11532.394450;3494242481475770159,12842.779467;17305563064261701131,9532.394450;14338014768147926253,10420.615305;15939826235198410915,12842.779467;12760871325376512253,11532.394450;5040246723666813619,11532.394450;10922864249741762753,9532.394450;12861281202927702431,10420.615305;
756423817,1:3056395092711954527,16022.139241;14613767527857410704,15022.139241;16908664199751662751,16022.139241;13499921417832535110,9714.597781;2649282562643885656,19529.208519;7245432419770367471,27000.000000;1067067348750464490,16022.139241;17360042003900222261,11714.597781;
2374189553,1:6716189355219460180,32160.607984;5537727306344400563,29137.204167;16019251870190933755,21762.691200;9299633463980588651,28137.204167;7408222268973213108,31027.605203;16580398418232013335,nan;6595766495993482513,32160.607984;6027998910130031744,26571.880748;7236552221015090074,21378.159333;490637884205152611,20333.392675;
3488940256,1:
1753747985,1:6716189355219460180,32160.607984;5537727306344400563,29137.204167;16019251870190933755,21762.691200;9299633463980588651,28137.204167;7408222268973213108,31027.605203;16580398418232013335,nan;6595766495993482513,32160.607984;6027998910130031744,26571.880748;7236552221015090074,21378.159333;490637884205152611,20333.392675;
657307901,1:6716189355219460180,32160.607984;5537727306344400563,29137.204167;16019251870190933755,21762.691200;9299633463980588651,28137.204167;7408222268973213108,31027.605203;16580398418232013335,nan;6595766495993482513,32160.607984;6027998910130031744,26571.880748;7236552221015090074,21378.159333;490637884205152611,20333.392675;
610823993,3:16063342750254927838,32160.607984;1878784780795466186,33160.607984;17992799504321051179,27857.680202;17007904556890489898,33160.607984;
2758765478,2:16063342750254927838,32160.607984;1878784780795466186,33160.607984;17992799504321051179,27857.680202;17007904556890489898,33160.607984;
1361905133,1:16063342750254927838,32160.607984;1878784780795466186,33160.607984;17992799504321051179,27857.680202;17007904556890489898,33160.607984;
1620753120,2:16063342750254927838,32160.607984;1878784780795466186,33160.607984;17992799504321051179,27857.680202;17007904556890489898,33160.607984;
1720179737,1:17494041394590767202,11532.394450;3494242481475770159,12842.779467;17305563064261701131,9532.394450;14338014768147926253,10420.615305;15939826235198410915,12842.779467;12760871325376512253,11532.394450;5040246723666813619,11532.394450;10922864249741762753,9532.394450;12861281202927702431,10420.615305;
2364892807,1:16063342750254927838,32160.607984;1878784780795466186,33160.607984;17992799504321051179,27857.680202;17007904556890489898,33160.607984;
3593022022,1:16063342750254927838,32160.607984;1878784780795466186,33160.607984;17992799504321051179,27857.680202;17007904556890489898,33160.607984;
2848038720,1:16063342750254927838,32160.607984;1878784780795466186,33160.607984;17992799504321051179,27857.680202;17007904556890489898,33160.607984;
2138234470,1:16063342750254927838,32160.607984;1878784780795466186,33160.607984;17992799504321051179,27857.680202;17007904556890489898,33160.607984;
3262572008,1:
1753640174,1:6716189355219460180,32160.607984;5537727306344400563,29137.204167;16019251870190933755,21762.691200;9299633463980588651,28137.204167;7408222268973213108,31027.605203;16580398418232013335,nan;6595766495993482513,32160.607984;6027998910130031744,26571.880748;7236552221015090074,21378.159333;490637884205152611,20333.392675;
4168944479,3:16063342750254927838,32160.607984;1878784780795466186,33160.607984;17992799504321051179,27857.680202;17007904556890489898,33160.607984;
890538581,2:16063342750254927838,32160.607984;1878784780795466186,33160.607984;17992799504321051179,27857.680202;17007904556890489898,33160.607984;
2407816479,1:16063342750254927838,32160.607984;1878784780795466186,33160.607984;17992799504321051179,27857.680202;17007904556890489898,33160.607984;
1502668976,1:16063342750254927838,32160.607984;1878784780795466186,33160.607984;17992799504321051179,27857.680202;17007904556890489898,33160.607984;
252871768,1:6716189355219460180,32160.607984;5537727306344400563,29137.204167;16019251870190933755,21762.691200;9299633463980588651,28137.204167;7408222268973213108,31027.605203;16580398418232013335,nan;6595766495993482513,32160.607984;6027998910130031744,26571.880748;7236552221015090074,21378.159333;490637884205152611,20333.392675;
1730071053,3:16063342750254927838,32160.607984;1878784780795466186,33160.607984;17992799504321051179,27857.680202;17007904556890489898,33160.607984;
540475341,1:16063342750254927838,32160.607984;1878784780795466186,33160.607984;17992799504321051179,27857.680202;17007904556890489898,33160.607984;
4177079353,1:8803830272258857201,16896.712192;7519326607332336758,23774.930173;2613343496286709298,21351.307453;11346797872774360618,13153.399606;14357413530816103104,20218.640286;4565244254581545118,20745.284999;17922403805449423869,19744.603703;
191851869,1:
3262680908,1:
1893723970,1:16063342750254927838,32160.607984;1878784780795466186,33160.607984;17992799504321051179,27857.680202;17007904556890489898,33160.607984;
2563014459,1:16063342750254927838,32160.607984;1878784780795466186,33160.607984;17992799504321051179,27857.680202;17007904556890489898,33160.607984;
3661669317,1:16063342750254927838,32160.607984;1878784780795466186,33160.607984;17992799504321051179,27857.680202;17007904556890489898,33160.607984;
2170807020,2:16063342750254927838,32160.607984;1878784780795466186,33160.607984;17992799504321051179,27857.680202;17007904556890489898,33160.607984;
1434980067,1:
2451550718,1:16063342750254927838,32160.607984;1878784780795466186,33160.607984;17992799504321051179,27857.680202;17007904556890489898,33160.607984;
3661881667,1:
2971909172,1:16063342750254927838,32160.607984;1878784780795466186,33160.607984;17992799504321051179,27857.680202;17007904556890489898,33160.607984;
2968210931,2:16063342750254927838,32160.607984;1878784780795466186,33160.607984;17992799504321051179,27857.680202;17007904556890489898,33160.607984;
250784155,1:6716189355219460180,32160.607984;5537727306344400563,29137.204167;16019251870190933755,21762.691200;9299633463980588651,28137.204167;7408222268973213108,31027.605203;16580398418232013335,nan;6595766495993482513,32160.607984;6027998910130031744,26571.880748;7236552221015090074,21378.159333;490637884205152611,20333.392675;
2407000750,1:16063342750254927838,32160.607984;1878784780795466186,33160.607984;17992799504321051179,27857.680202;17007904556890489898,33160.607984;
1358427952,1:6716189355219460180,32160.607984;5537727306344400563,29137.204167;16019251870190933755,21762.691200;9299633463980588651,28137.204167;7408222268973213108,31027.605203;16580398418232013335,nan;6595766495993482513,32160.607984;6027998910130031744,26571.880748;7236552221015090074,21378.159333;490637884205152611,20333.392675;
911914507,1:16063342750254927838,32160.607984;1878784780795466186,33160.607984;17992799504321051179,27857.680202;17007904556890489898,33160.607984;
813843732,4:16063342750254927838,32160.607984;1878784780795466186,33160.607984;17992799504321051179,27857.680202;17007904556890489898,33160.607984;
2865885858,1:6716189355219460180,32160.607984;5537727306344400563,29137.204167;16019251870190933755,21762.691200;9299633463980588651,28137.204167;7408222268973213108,31027.605203;16580398418232013335,nan;6595766495993482513,32160.607984;6027998910130031744,26571.880748;7236552221015090074,21378.159333;490637884205152611,20333.392675;
3305137368,2:16063342750254927838,32160.607984;1878784780795466186,33160.607984;17992799504321051179,27857.680202;17007904556890489898,33160.607984;
2459610710,1:6716189355219460180,32160.607984;5537727306344400563,29137.204167;16019251870190933755,21762.691200;9299633463980588651,28137.204167;7408222268973213108,31027.605203;16580398418232013335,nan;6595766495993482513,32160.607984;6027998910130031744,26571.880748;7236552221015090074,21378.159333;490637884205152611,20333.392675;
3627421270,1:
1952153463,1:17494041394590767202,11532.394450;3494242481475770159,12842.779467;17305563064261701131,9532.394450;14338014768147926253,10420.615305;15939826235198410915,12842.779467;12760871325376512253,11532.394450;5040246723666813619,11532.394450;10922864249741762753,9532.394450;12861281202927702431,10420.615305;
1886747829,1:17494041394590767202,11532.394450;3494242481475770159,12842.779467;17305563064261701131,9532.394450;14338014768147926253,10420.615305;15939826235198410915,12842.779467;12760871325376512253,11532.394450;5040246723666813619,11532.394450;10922864249741762753,9532.394450;12861281202927702431,10420.615305;
2531108195,1:16063342750254927838,32160.607984;1878784780795466186,33160.607984;17992799504321051179,27857.680202;17007904556890489898,33160.607984;
2567939261,1:3056395092711954527,16022.139241;14613767527857410704,15022.139241;16908664199751662751,16022.139241;13499921417832535110,9714.597781;2649282562643885656,19529.208519;7245432419770367471,27000.000000;1067067348750464490,16022.139241;17360042003900222261,11714.597781;
2880732387,1:16063342750254927838,32160.607984;1878784780795466186,33160.607984;17992799504321051179,27857.680202;17007904556890489898,33160.607984;
1505870800,1:16063342750254927838,32160.607984;1878784780795466186,33160.607984;17992799504321051179,27857.680202;17007904556890489898,33160.607984;
2787141993,1:
1963832701,1:16063342750254927838,32160.607984;1878784780795466186,33160.607984;17992799504321051179,27857.680202;17007904556890489898,33160.607984;
251645554,1:6716189355219460180,32160.607984;5537727306344400563,29137.204167;16019251870190933755,21762.691200;9299633463980588651,28137.204167;7408222268973213108,31027.605203;16580398418232013335,nan;6595766495993482513,32160.607984;6027998910130031744,26571.880748;7236552221015090074,21378.159333;490637884205152611,20333.392675;
1753963607,1:6716189355219460180,32160.607984;5537727306344400563,29137.204167;16019251870190933755,21762.691200;9299633463980588651,28137.204167;7408222268973213108,31027.605203;16580398418232013335,nan;6595766495993482513,32160.607984;6027998910130031744,26571.880748;7236552221015090074,21378.159333;490637884205152611,20333.392675;
2329423214,1:16063342750254927838,32160.607984;1878784780795466186,33160.607984;17992799504321051179,27857.680202;17007904556890489898,33160.607984;
2566756607,1:
3164587348,1:16063342750254927838,32160.607984;1878784780795466186,33160.607984;17992799504321051179,27857.680202;17007904556890489898,33160.607984;
1758563543,1:6716189355219460180,32160.607984;5537727306344400563,29137.204167;16019251870190933755,21762.691200;9299633463980588651,28137.204167;7408222268973213108,31027.605203;16580398418232013335,nan;6595766495993482513,32160.607984;6027998910130031744,26571.880748;7236552221015090074,21378.159333;490637884205152611,20333.392675;
2232304231,1:6716189355219460180,32160.607984;5537727306344400563,29137.204167;16019251870190933755,21762.691200;9299633463980588651,28137.204167;7408222268973213108,31027.605203;16580398418232013335,nan;6595766495993482513,32160.607984;6027998910130031744,26571.880748;7236552221015090074,21378.159333;490637884205152611,20333.392675;
1790439666,1:17494041394590767202,11532.394450;3494242481475770159,12842.779467;17305563064261701131,9532.394450;14338014768147926253,10420.615305;15939826235198410915,12842.779467;12760871325376512253,11532.394450;5040246723666813619,11532.394450;10922864249741762753,9532.394450;12861281202927702431,10420.615305;
1434946308,1:
1757413559,1:6716189355219460180,32160.607984;5537727306344400563,29137.204167;16019251870190933755,21762.691200;9299633463980588651,28137.204167;7408222268973213108,31027.605203;16580398418232013335,nan;6595766495993482513,32160.607984;6027998910130031744,26571.880748;7236552221015090074,21378.159333;490637884205152611,20333.392675;
2103526999,1:16063342750254927838,32160.607984;1878784780795466186,33160.607984;17992799504321051179,27857.680202;17007904556890489898,33160.607984;
4133186079,3:16063342750254927838,32160.607984;1878784780795466186,33160.607984;17992799504321051179,27857.680202;17007904556890489898,33160.607984;
1721692185,1:17494041394590767202,11532.394450;3494242481475770159,12842.779467;17305563064261701131,9532.394450;14338014768147926253,10420.615305;15939826235198410915,12842.779467;12760871325376512253,11532.394450;5040246723666813619,11532.394450;10922864249741762753,9532.394450;12861281202927702431,10420.615305;
4171323992,1:6716189355219460180,32160.607984;5537727306344400563,29137.204167;16019251870190933755,21762.691200;9299633463980588651,28137.204167;7408222268973213108,31027.605203;16580398418232013335,nan;6595766495993482513,32160.607984;6027998910130031744,26571.880748;7236552221015090074,21378.159333;490637884205152611,20333.392675;
3629896651,1:16063342750254927838,32160.607984;1878784780795466186,33160.607984;17992799504321051179,27857.680202;17007904556890489898,33160.607984;
3556950849,1:3056395092711954527,16022.139241;14613767527857410704,15022.139241;16908664199751662751,16022.139241;13499921417832535110,9714.597781;2649282562643885656,19529.208519;7245432419770367471,27000.000000;1067067348750464490,16022.139241;17360042003900222261,11714.597781;
169873457,1:16063342750254927838,32160.607984;1878784780795466186,33160.607984;17992799504321051179,27857.680202;17007904556890489898,33160.607984;
2702061769,1:17494041394590767202,11532.394450;3494242481475770159,12842.779467;17305563064261701131,9532.394450;14338014768147926253,10420.615305;15939826235198410915,12842.779467;12760871325376512253,11532.394450;5040246723666813619,11532.394450;10922864249741762753,9532.394450;12861281202927702431,10420.615305;
2645885176,1:16063342750254927838,32160.607984;1878784780795466186,33160.607984;17992799504321051179,27857.680202;17007904556890489898,33160.607984;
3632163946,1:16063342750254927838,32160.607984;1878784780795466186,33160.607984;17992799504321051179,27857.680202;17007904556890489898,33160.607984;
2567616917,1:
2373110354,1:6716189355219460180,32160.607984;5537727306344400563,29137.204167;16019251870190933755,21762.691200;9299633463980588651,28137.204167;7408222268973213108,31027.605203;16580398418232013335,nan;6595766495993482513,32160.607984;6027998910130031744,26571.880748;7236552221015090074,21378.159333;490637884205152611,20333.392675;
65033437,2:16063342750254927838,32160.607984;1878784780795466186,33160.607984;17992799504321051179,27857.680202;17007904556890489898,33160.607984;
3035700617,1:16063342750254927838,32160.607984;1878784780795466186,33160.607984;17992799504321051179,27857.680202;17007904556890489898,33160.607984;
795624549,1:6716189355219460180,32160.607984;5537727306344400563,29137.204167;16019251870190933755,21762.691200;9299633463980588651,28137.204167;7408222268973213108,31027.605203;16580398418232013335,nan;6595766495993482513,32160.607984;6027998910130031744,26571.880748;7236552221015090074,21378.159333;490637884205152611,20333.392675;
1155225303,1:16063342750254927838,32160.607984;1878784780795466186,33160.607984;17992799504321051179,27857.680202;17007904556890489898,33160.607984;
834722921,1:3056395092711954527,16022.139241;14613767527857410704,15022.139241;16908664199751662751,16022.139241;13499921417832535110,9714.597781;2649282562643885656,19529.208519;7245432419770367471,27000.000000;1067067348750464490,16022.139241;17360042003900222261,11714.597781;
1083061630,1:16063342750254927838,32160.607984;1878784780795466186,33160.607984;17992799504321051179,27857.680202;17007904556890489898,33160.607984;
3770654565,1:6716189355219460180,32160.607984;5537727306344400563,29137.204167;16019251870190933755,21762.691200;9299633463980588651,28137.204167;7408222268973213108,31027.605203;16580398418232013335,nan;6595766495993482513,32160.607984;6027998910130031744,26571.880748;7236552221015090074,21378.159333;490637884205152611,20333.392675;
2001646047,1:6716189355219460180,32160.607984;5537727306344400563,29137.204167;16019251870190933755,21762.691200;9299633463980588651,28137.204167;7408222268973213108,31027.605203;16580398418232013335,nan;6595766495993482513,32160.607984;6027998910130031744,26571.880748;7236552221015090074,21378.159333;490637884205152611,20333.392675;
17753476,1:6716189355219460180,32160.607984;5537727306344400563,29137.204167;16019251870190933755,21762.691200;9299633463980588651,28137.204167;7408222268973213108,31027.605203;16580398418232013335,nan;6595766495993482513,32160.607984;6027998910130031744,26571.880748;7236552221015090074,21378.159333;490637884205152611,20333.392675;
4171077878,1:6716189355219460180,32160.607984;5537727306344400563,29137.204167;16019251870190933755,21762.691200;9299633463980588651,28137.204167;7408222268973213108,31027.605203;16580398418232013335,nan;6595766495993482513,32160.607984;6027998910130031744,26571.880748;7236552221015090074,21378.159333;490637884205152611,20333.392675;
4173621782,1:6716189355219460180,32160.607984;5537727306344400563,29137.204167;16019251870190933755,21762.691200;9299633463980588651,28137.204167;7408222268973213108,31027.605203;16580398418232013335,nan;6595766495993482513,32160.607984;6027998910130031744,26571.880748;7236552221015090074,21378.159333;490637884205152611,20333.392675;
2402920918,1:16063342750254927838,32160.607984;1878784780795466186,33160.607984;17992799504321051179,27857.680202;17007904556890489898,33160.607984;
2566684733,1:6716189355219460180,32160.607984;5537727306344400563,29137.204167;16019251870190933755,21762.691200;9299633463980588651,28137.204167;7408222268973213108,31027.605203;16580398418232013335,nan;6595766495993482513,32160.607984;6027998910130031744,26571.880748;7236552221015090074,21378.159333;490637884205152611,20333.392675;
2099753617,1:16063342750254927838,32160.607984;1878784780795466186,33160.607984;17992799504321051179,27857.680202;17007904556890489898,33160.607984;
1115043382,1:16063342750254927838,32160.607984;1878784780795466186,33160.607984;17992799504321051179,27857.680202;17007904556890489898,33160.607984;
3583607618,1:
2412568874,1:16063342750254927838,32160.607984;1878784780795466186,33160.607984;17992799504321051179,27857.680202;17007904556890489898,33160.607984;
1759641653,1:6716189355219460180,32160.607984;5537727306344400563,29137.204167;16019251870190933755,21762.691200;9299633463980588651,28137.204167;7408222268973213108,31027.605203;16580398418232013335,nan;6595766495993482513,32160.607984;6027998910130031744,26571.880748;7236552221015090074,21378.159333;490637884205152611,20333.392675;
3606995516,2:16063342750254927838,32160.607984;1878784780795466186,33160.607984;17992799504321051179,27857.680202;17007904556890489898,33160.607984;
227532957,1:
926857786,1:16063342750254927838,32160.607984;1878784780795466186,33160.607984;17992799504321051179,27857.680202;17007904556890489898,33160.607984;
693138688,1:8803830272258857201,16896.712192;7519326607332336758,23774.930173;2613343496286709298,21351.307453;11346797872774360618,13153.399606;14357413530816103104,20218.640286;4565244254581545118,20745.284999;17922403805449423869,19744.603703;
1756155764,1:6716189355219460180,32160.607984;5537727306344400563,29137.204167;16019251870190933755,21762.691200;9299633463980588651,28137.204167;7408222268973213108,31027.605203;16580398418232013335,nan;6595766495993482513,32160.607984;6027998910130031744,26571.880748;7236552221015090074,21378.159333;490637884205152611,20333.392675;
1743514667,2:16063342750254927838,32160.607984;1878784780795466186,33160.607984;17992799504321051179,27857.680202;17007904556890489898,33160.607984;
580025919,4:16063342750254927838,32160.607984;1878784780795466186,33160.607984;17992799504321051179,27857.680202;17007904556890489898,33160.607984;
2011269535,1:16063342750254927838,32160.607984;1878784780795466186,33160.607984;17992799504321051179,27857.680202;17007904556890489898,33160.607984;
2815205159,1:16063342750254927838,32160.607984;1878784780795466186,33160.607984;17992799504321051179,27857.680202;17007904556890489898,33160.607984;
2445785898,1:6716189355219460180,32160.607984;5537727306344400563,29137.204167;16019251870190933755,21762.691200;9299633463980588651,28137.204167;7408222268973213108,31027.605203;16580398418232013335,nan;6595766495993482513,32160.607984;6027998910130031744,26571.880748;7236552221015090074,21378.159333;490637884205152611,20333.392675;
2955919299,1:
1156413399,1:16063342750254927838,32160.607984;1878784780795466186,33160.607984;17992799504321051179,27857.680202;17007904556890489898,33160.607984;
2847966821,1:16063342750254927838,32160.607984;1878784780795466186,33160.607984;17992799504321051179,27857.680202;17007904556890489898,33160.607984;
2021764092,1:16063342750254927838,32160.607984;1878784780795466186,33160.607984;17992799504321051179,27857.680202;17007904556890489898,33160.607984;
2636280889,1:6716189355219460180,32160.607984;5537727306344400563,29137.204167;16019251870190933755,21762.691200;9299633463980588651,28137.204167;7408222268973213108,31027.605203;16580398418232013335,nan;6595766495993482513,32160.607984;6027998910130031744,26571.880748;7236552221015090074,21378.159333;490637884205152611,20333.392675;
3552744266,1:16063342750254927838,32160.607984;1878784780795466186,33160.607984;17992799504321051179,27857.680202;17007904556890489898,33160.607984;
3043913081,1:6716189355219460180,32160.607984;5537727306344400563,29137.204167;16019251870190933755,21762.691200;9299633463980588651,28137.204167;7408222268973213108,31027.605203;16580398418232013335,nan;6595766495993482513,32160.607984;6027998910130031744,26571.880748;7236552221015090074,21378.159333;490637884205152611,20333.392675;
3309273317,1:16063342750254927838,32160.607984;1878784780795466186,33160.607984;17992799504321051179,27857.680202;17007904556890489898,33160.607984;
4172332406,1:6716189355219460180,32160.607984;5537727306344400563,29137.204167;16019251870190933755,21762.691200;9299633463980588651,28137.204167;7408222268973213108,31027.605203;16580398418232013335,nan;6595766495993482513,32160.607984;6027998910130031744,26571.880748;7236552221015090074,21378.159333;490637884205152611,20333.392675;
2083683678,1:6716189355219460180,32160.607984;5537727306344400563,29137.204167;16019251870190933755,21762.691200;9299633463980588651,28137.204167;7408222268973213108,31027.605203;16580398418232013335,nan;6595766495993482513,32160.607984;6027998910130031744,26571.880748;7236552221015090074,21378.159333;490637884205152611,20333.392675;
4172548028,1:6716189355219460180,32160.607984;5537727306344400563,29137.204167;16019251870190933755,21762.691200;9299633463980588651,28137.204167;7408222268973213108,31027.605203;16580398418232013335,nan;6595766495993482513,32160.607984;6027998910130031744,26571.880748;7236552221015090074,21378.159333;490637884205152611,20333.392675;
69599610,1:16063342750254927838,32160.607984;1878784780795466186,33160.607984;17992799504321051179,27857.680202;17007904556890489898,33160.607984;
696030555,2:16063342750254927838,32160.607984;1878784780795466186,33160.607984;17992799504321051179,27857.680202;17007904556890489898,33160.607984;
2567800958,1:6716189355219460180,32160.607984;5537727306344400563,29137.204167;16019251870190933755,21762.691200;9299633463980588651,28137.204167;7408222268973213108,31027.605203;16580398418232013335,nan;6595766495993482513,32160.607984;6027998910130031744,26571.880748;7236552221015090074,21378.159333;490637884205152611,20333.392675;
607752376,1:8803830272258857201,16896.712192;7519326607332336758,23774.930173;2613343496286709298,21351.307453;11346797872774360618,13153.399606;14357413530816103104,20218.640286;4565244254581545118,20745.284999;17922403805449423869,19744.603703;
694288664,1:8803830272258857201,16896.712192;7519326607332336758,23774.930173;2613343496286709298,21351.307453;11346797872774360618,13153.399606;14357413530816103104,20218.640286;4565244254581545118,20745.284999;17922403805449423869,19744.603703;
2429382701,2:16063342750254927838,32160.607984;1878784780795466186,33160.607984;17992799504321051179,27857.680202;17007904556890489898,33160.607984;
89100420,1:8803830272258857201,16896.712192;7519326607332336758,23774.930173;2613343496286709298,21351.307453;11346797872774360618,13153.399606;14357413530816103104,20218.640286;4565244254581545118,20745.284999;17922403805449423869,19744.603703;
2343502108,1:8803830272258857201,16896.712192;7519326607332336758,23774.930173;2613343496286709298,21351.307453;11346797872774360618,13153.399606;14357413530816103104,20218.640286;4565244254581545118,20745.284999;17922403805449423869,19744.603703;
87805599,1:8803830272258857201,16896.712192;7519326607332336758,23774.930173;2613343496286709298,21351.307453;11346797872774360618,13153.399606;14357413530816103104,20218.640286;4565244254581545118,20745.284999;17922403805449423869,19744.603703;
919286243,1:6716189355219460180,32160.607984;5537727306344400563,29137.204167;16019251870190933755,21762.691200;9299633463980588651,28137.204167;7408222268973213108,31027.605203;16580398418232013335,nan;6595766495993482513,32160.607984;6027998910130031744,26571.880748;7236552221015090074,21378.159333;490637884205152611,20333.392675;
3628528864,1:16063342750254927838,32160.607984;1878784780795466186,33160.607984;17992799504321051179,27857.680202;17007904556890489898,33160.607984;
2450292924,1:16063342750254927838,32160.607984;1878784780795466186,33160.607984;17992799504321051179,27857.680202;17007904556890489898,33160.607984;
2366292169,1:16063342750254927838,32160.607984;1878784780795466186,33160.607984;17992799504321051179,27857.680202;17007904556890489898,33160.607984;
2861285922,1:6716189355219460180,32160.607984;5537727306344400563,29137.204167;16019251870190933755,21762.691200;9299633463980588651,28137.204167;7408222268973213108,31027.605203;16580398418232013335,nan;6595766495993482513,32160.607984;6027998910130031744,26571.880748;7236552221015090074,21378.159333;490637884205152611,20333.392675;
1751448017,1:6716189355219460180,32160.607984;5537727306344400563,29137.204167;16019251870190933755,21762.691200;9299633463980588651,28137.204167;7408222268973213108,31027.605203;16580398418232013335,nan;6595766495993482513,32160.607984;6027998910130031744,26571.880748;7236552221015090074,21378.159333;490637884205152611,20333.392675;
4173518327,1:6716189355219460180,32160.607984;5537727306344400563,29137.204167;16019251870190933755,21762.691200;9299633463980588651,28137.204167;7408222268973213108,31027.605203;16580398418232013335,nan;6595766495993482513,32160.607984;6027998910130031744,26571.880748;7236552221015090074,21378.159333;490637884205152611,20333.392675;
2442160854,1:16063342750254927838,32160.607984;1878784780795466186,33160.607984;17992799504321051179,27857.680202;17007904556890489898,33160.607984;
572312258,1:16063342750254927838,32160.607984;1878784780795466186,33160.607984;17992799504321051179,27857.680202;17007904556890489898,33160.607984;
3557885211,1:8803830272258857201,16896.712192;7519326607332336758,23774.930173;2613343496286709298,21351.307453;11346797872774360618,13153.399606;14357413530816103104,20218.640286;4565244254581545118,20745.284999;17922403805449423869,19744.603703;
1726101715,1:
64927802,2:16063342750254927838,32160.607984;1878784780795466186,33160.607984;17992799504321051179,27857.680202;17007904556890489898,33160.607984;
2758553122,2:16063342750254927838,32160.607984;1878784780795466186,33160.607984;17992799504321051179,27857.680202;17007904556890489898,33160.607984;
2342388568,1:
3589539397,1:16063342750254927838,32160.607984;1878784780795466186,33160.607984;17992799504321051179,27857.680202;17007904556890489898,33160.607984;
2751415174,1:
644551864,1:8803830272258857201,16896.712192;7519326607332336758,23774.930173;2613343496286709298,21351.307453;11346797872774360618,13153.399606;14357413530816103104,20218.640286;4565244254581545118,20745.284999;17922403805449423869,19744.603703;
1912553627,2:6716189355219460180,32160.607984;5537727306344400563,29137.204167;16019251870190933755,21762.691200;9299633463980588651,28137.204167;7408222268973213108,31027.605203;16580398418232013335,nan;6595766495993482513,32160.607984;6027998910130031744,26571.880748;7236552221015090074,21378.159333;490637884205152611,20333.392675;
2567463881,1:6716189355219460180,32160.607984;5537727306344400563,29137.204167;16019251870190933755,21762.691200;9299633463980588651,28137.204167;7408222268973213108,31027.605203;16580398418232013335,nan;6595766495993482513,32160.607984;6027998910130031744,26571.880748;7236552221015090074,21378.159333;490637884205152611,20333.392675;
2404136005,1:8803830272258857201,16896.712192;7519326607332336758,23774.930173;2613343496286709298,21351.307453;11346797872774360618,13153.399606;14357413530816103104,20218.640286;4565244254581545118,20745.284999;17922403805449423869,19744.603703;
1790691218,3:8803830272258857201,16896.712192;7519326607332336758,23774.930173;2613343496286709298,21351.307453;11346797872774360618,13153.399606;14357413530816103104,20218.640286;4565244254581545118,20745.284999;17922403805449423869,19744.603703;
2751457645,1:
4175884720,1:8803830272258857201,16896.712192;7519326607332336758,23774.930173;2613343496286709298,21351.307453;11346797872774360618,13153.399606;14357413530816103104,20218.640286;4565244254581545118,20745.284999;17922403805449423869,19744.603703;
1891572100,1:8803830272258857201,16896.712192;7519326607332336758,23774.930173;2613343496286709298,21351.307453;11346797872774360618,13153.399606;14357413530816103104,20218.640286;4565244254581545118,20745.284999;17922403805449423869,19744.603703;
893580120,1:16063342750254927838,32160.607984;1878784780795466186,33160.607984;17992799504321051179,27857.680202;17007904556890489898,33160.607984;
3039133457,1:17494041394590767202,11532.394450;3494242481475770159,12842.779467;17305563064261701131,9532.394450;14338014768147926253,10420.615305;15939826235198410915,12842.779467;12760871325376512253,11532.394450;5040246723666813619,11532.394450;10922864249741762753,9532.394450;12861281202927702431,10420.615305;
3255897937,3:16063342750254927838,32160.607984;1878784780795466186,33160.607984;17992799504321051179,27857.680202;17007904556890489898,33160.607984;
3118583633,1:16063342750254927838,32160.607984;1878784780795466186,33160.607984;17992799504321051179,27857.680202;17007904556890489898,33160.607984;
3257011984,2:16063342750254927838,32160.607984;1878784780795466186,33160.607984;17992799504321051179,27857.680202;17007904556890489898,33160.607984;
3551734361,1:16063342750254927838,32160.607984;1878784780795466186,33160.607984;17992799504321051179,27857.680202;17007904556890489898,33160.607984;
3815735574,2:16063342750254927838,32160.607984;1878784780795466186,33160.607984;17992799504321051179,27857.680202;17007904556890489898,33160.607984;
655189216,1:8803830272258857201,16896.712192;7519326607332336758,23774.930173;2613343496286709298,21351.307453;11346797872774360618,13153.399606;14357413530816103104,20218.640286;4565244254581545118,20745.284999;17922403805449423869,19744.603703;
2103597784,1:16063342750254927838,32160.607984;1878784780795466186,33160.607984;17992799504321051179,27857.680202;17007904556890489898,33160.607984;
1757197937,1:6716189355219460180,32160.607984;5537727306344400563,29137.204167;16019251870190933755,21762.691200;9299633463980588651,28137.204167;7408222268973213108,31027.605203;16580398418232013335,nan;6595766495993482513,32160.607984;6027998910130031744,26571.880748;7236552221015090074,21378.159333;490637884205152611,20333.392675;
87947169,1:8803830272258857201,16896.712192;7519326607332336758,23774.930173;2613343496286709298,21351.307453;11346797872774360618,13153.399606;14357413530816103104,20218.640286;4565244254581545118,20745.284999;17922403805449423869,19744.603703;
2531922253,1:16063342750254927838,32160.607984;1878784780795466186,33160.607984;17992799504321051179,27857.680202;17007904556890489898,33160.607984;
1360579816,1:8803830272258857201,16896.712192;7519326607332336758,23774.930173;2613343496286709298,21351.307453;11346797872774360618,13153.399606;14357413530816103104,20218.640286;4565244254581545118,20745.284999;17922403805449423869,19744.603703;
4173698012,1:6716189355219460180,32160.607984;5537727306344400563,29137.204167;16019251870190933755,21762.691200;9299633463980588651,28137.204167;7408222268973213108,31027.605203;16580398418232013335,nan;6595766495993482513,32160.607984;6027998910130031744,26571.880748;7236552221015090074,21378.159333;490637884205152611,20333.392675;
91363362,1:8803830272258857201,16896.712192;7519326607332336758,23774.930173;2613343496286709298,21351.307453;11346797872774360618,13153.399606;14357413530816103104,20218.640286;4565244254581545118,20745.284999;17922403805449423869,19744.603703;
66042938,1:16063342750254927838,32160.607984;1878784780795466186,33160.607984;17992799504321051179,27857.680202;17007904556890489898,33160.607984;
722642926,1:8803830272258857201,16896.712192;7519326607332336758,23774.930173;2613343496286709298,21351.307453;11346797872774360618,13153.399606;14357413530816103104,20218.640286;4565244254581545118,20745.284999;17922403805449423869,19744.603703;
2598489721,1:16063342750254927838,32160.607984;1878784780795466186,33160.607984;17992799504321051179,27857.680202;17007904556890489898,33160.607984;
1914896519,1:16063342750254927838,32160.607984;1878784780795466186,33160.607984;17992799504321051179,27857.680202;17007904556890489898,33160.607984;
2370852901,1:8803830272258857201,16896.712192;7519326607332336758,23774.930173;2613343496286709298,21351.307453;11346797872774360618,13153.399606;14357413530816103104,20218.640286;4565244254581545118,20745.284999;17922403805449423869,19744.603703;
2578765235,1:16063342750254927838,32160.607984;1878784780795466186,33160.607984;17992799504321051179,27857.680202;17007904556890489898,33160.607984;
998929847,1:16063342750254927838,32160.607984;1878784780795466186,33160.607984;17992799504321051179,27857.680202;17007904556890489898,33160.607984;
91320891,1:8803830272258857201,16896.712192;7519326607332336758,23774.930173;2613343496286709298,21351.307453;11346797872774360618,13153.399606;14357413530816103104,20218.640286;4565244254581545118,20745.284999;17922403805449423869,19744.603703;
2452589119,1:
4146141352,1:16063342750254927838,32160.607984;1878784780795466186,33160.607984;17992799504321051179,27857.680202;17007904556890489898,33160.607984;
1083020244,1:16063342750254927838,32160.607984;1878784780795466186,33160.607984;17992799504321051179,27857.680202;17007904556890489898,33160.607984;
1506770149,1:13664998977956490707,24771.162973;14276977175722654164,20663.945417;
2452655548,1:
2597253272,1:8803830272258857201,16896.712192;7519326607332336758,23774.930173;2613343496286709298,21351.307453;11346797872774360618,13153.399606;14357413530816103104,20218.640286;4565244254581545118,20745.284999;17922403805449423869,19744.603703;
3158913659,1:16063342750254927838,32160.607984;1878784780795466186,33160.607984;17992799504321051179,27857.680202;17007904556890489898,33160.607984;
3751625779,2:16063342750254927838,32160.607984;1878784780795466186,33160.607984;17992799504321051179,27857.680202;17007904556890489898,33160.607984;
2366157367,2:16063342750254927838,32160.607984;1878784780795466186,33160.607984;17992799504321051179,27857.680202;17007904556890489898,33160.607984;
2004048380,1:8803830272258857201,16896.712192;7519326607332336758,23774.930173;2613343496286709298,21351.307453;11346797872774360618,13153.399606;14357413530816103104,20218.640286;4565244254581545118,20745.284999;17922403805449423869,19744.603703;
3180378444,1:
2449128040,1:6716189355219460180,32160.607984;5537727306344400563,29137.204167;16019251870190933755,21762.691200;9299633463980588651,28137.204167;7408222268973213108,31027.605203;16580398418232013335,nan;6595766495993482513,32160.607984;6027998910130031744,26571.880748;7236552221015090074,21378.159333;490637884205152611,20333.392675;
3061896243,2:16063342750254927838,32160.607984;1878784780795466186,33160.607984;17992799504321051179,27857.680202;17007904556890489898,33160.607984;
4226432765,1:16063342750254927838,32160.607984;1878784780795466186,33160.607984;17992799504321051179,27857.680202;17007904556890489898,33160.607984;
4177035793,1:8803830272258857201,16896.712192;7519326607332336758,23774.930173;2613343496286709298,21351.307453;11346797872774360618,13153.399606;14357413530816103104,20218.640286;4565244254581545118,20745.284999;17922403805449423869,19744.603703;
1673725016,2:16063342750254927838,32160.607984;1878784780795466186,33160.607984;17992799504321051179,27857.680202;17007904556890489898,33160.607984;
3040240971,1:17494041394590767202,11532.394450;3494242481475770159,12842.779467;17305563064261701131,9532.394450;14338014768147926253,10420.615305;15939826235198410915,12842.779467;12760871325376512253,11532.394450;5040246723666813619,11532.394450;10922864249741762753,9532.394450;12861281202927702431,10420.615305;
1564638560,2:16063342750254927838,32160.607984;1878784780795466186,33160.607984;17992799504321051179,27857.680202;17007904556890489898,33160.607984;
1355726147,1:8803830272258857201,16896.712192;7519326607332336758,23774.930173;2613343496286709298,21351.307453;11346797872774360618,13153.399606;14357413530816103104,20218.640286;4565244254581545118,20745.284999;17922403805449423869,19744.603703;
650409595,1:8803830272258857201,16896.712192;7519326607332336758,23774.930173;2613343496286709298,21351.307453;11346797872774360618,13153.399606;14357413530816103104,20218.640286;4565244254581545118,20745.284999;17922403805449423869,19744.603703;
2412526404,1:16063342750254927838,32160.607984;1878784780795466186,33160.607984;17992799504321051179,27857.680202;17007904556890489898,33160.607984;
2413553676,1:8803830272258857201,16896.712192;7519326607332336758,23774.930173;2613343496286709298,21351.307453;11346797872774360618,13153.399606;14357413530816103104,20218.640286;4565244254581545118,20745.284999;17922403805449423869,19744.603703;
1891082094,2:16063342750254927838,32160.607984;1878784780795466186,33160.607984;17992799504321051179,27857.680202;17007904556890489898,33160.607984;
844068718,1:16063342750254927838,32160.607984;1878784780795466186,33160.607984;17992799504321051179,27857.680202;17007904556890489898,33160.607984;
3040209394,1:17494041394590767202,11532.394450;3494242481475770159,12842.779467;17305563064261701131,9532.394450;14338014768147926253,10420.615305;15939826235198410915,12842.779467;12760871325376512253,11532.394450;5040246723666813619,11532.394450;10922864249741762753,9532.394450;12861281202927702431,10420.615305;
1992223876,1:16063342750254927838,32160.607984;1878784780795466186,33160.607984;17992799504321051179,27857.680202;17007904556890489898,33160.607984;
2597109524,1:8803830272258857201,16896.712192;7519326607332336758,23774.930173;2613343496286709298,21351.307453;11346797872774360618,13153.399606;14357413530816103104,20218.640286;4565244254581545118,20745.284999;17922403805449423869,19744.603703;
892250451,1:16063342750254927838,32160.607984;1878784780795466186,33160.607984;17992799504321051179,27857.680202;17007904556890489898,33160.607984;
1760791637,1:6716189355219460180,32160.607984;5537727306344400563,29137.204167;16019251870190933755,21762.691200;9299633463980588651,28137.204167;7408222268973213108,31027.605203;16580398418232013335,nan;6595766495993482513,32160.607984;6027998910130031744,26571.880748;7236552221015090074,21378.159333;490637884205152611,20333.392675;
578875935,3:16063342750254927838,32160.607984;1878784780795466186,33160.607984;17992799504321051179,27857.680202;17007904556890489898,33160.607984;
996239474,1:16063342750254927838,32160.607984;1878784780795466186,33160.607984;17992799504321051179,27857.680202;17007904556890489898,33160.607984;
2716039646,1:16063342750254927838,32160.607984;1878784780795466186,33160.607984;17992799504321051179,27857.680202;17007904556890489898,33160.607984;
834833995,1:6716189355219460180,32160.607984;5537727306344400563,29137.204167;16019251870190933755,21762.691200;9299633463980588651,28137.204167;7408222268973213108,31027.605203;16580398418232013335,nan;6595766495993482513,32160.607984;6027998910130031744,26571.880748;7236552221015090074,21378.159333;490637884205152611,20333.392675;
683723194,1:8803830272258857201,16896.712192;7519326607332336758,23774.930173;2613343496286709298,21351.307453;11346797872774360618,13153.399606;14357413530816103104,20218.640286;4565244254581545118,20745.284999;17922403805449423869,19744.603703;
568724794,1:8803830272258857201,16896.712192;7519326607332336758,23774.930173;2613343496286709298,21351.307453;11346797872774360618,13153.399606;14357413530816103104,20218.640286;4565244254581545118,20745.284999;17922403805449423869,19744.603703;
91255551,1:8803830272258857201,16896.712192;7519326607332336758,23774.930173;2613343496286709298,21351.307453;11346797872774360618,13153.399606;14357413530816103104,20218.640286;4565244254581545118,20745.284999;17922403805449423869,19744.603703;
800406354,1:3056395092711954527,16022.139241;14613767527857410704,15022.139241;16908664199751662751,16022.139241;13499921417832535110,9714.597781;2649282562643885656,19529.208519;7245432419770367471,27000.000000;1067067348750464490,16022.139241;17360042003900222261,11714.597781;
2538139289,1:6716189355219460180,32160.607984;5537727306344400563,29137.204167;16019251870190933755,21762.691200;9299633463980588651,28137.204167;7408222268973213108,31027.605203;16580398418232013335,nan;6595766495993482513,32160.607984;6027998910130031744,26571.880748;7236552221015090074,21378.159333;490637884205152611,20333.392675;
3536311001,1:16063342750254927838,32160.607984;1878784780795466186,33160.607984;17992799504321051179,27857.680202;17007904556890489898,33160.607984;
1952045656,1:6716189355219460180,32160.607984;5537727306344400563,29137.204167;16019251870190933755,21762.691200;9299633463980588651,28137.204167;7408222268973213108,31027.605203;16580398418232013335,nan;6595766495993482513,32160.607984;6027998910130031744,26571.880748;7236552221015090074,21378.159333;490637884205152611,20333.392675;
64927802,4:16063342750254927838,32160.607984;1878784780795466186,33160.607984;17992799504321051179,27857.680202;17007904556890489898,33160.607984;
644408116,1:8803830272258857201,16896.712192;7519326607332336758,23774.930173;2613343496286709298,21351.307453;11346797872774360618,13153.399606;14357413530816103104,20218.640286;4565244254581545118,20745.284999;17922403805449423869,19744.603703;
2370893195,1:8803830272258857201,16896.712192;7519326607332336758,23774.930173;2613343496286709298,21351.307453;11346797872774360618,13153.399606;14357413530816103104,20218.640286;4565244254581545118,20745.284999;17922403805449423869,19744.603703;
2168853283,1:17494041394590767202,11532.394450;3494242481475770159,12842.779467;17305563064261701131,9532.394450;14338014768147926253,10420.615305;15939826235198410915,12842.779467;12760871325376512253,11532.394450;5040246723666813619,11532.394450;10922864249741762753,9532.394450;12861281202927702431,10420.615305;
3224671673,1:16063342750254927838,32160.607984;1878784780795466186,33160.607984;17992799504321051179,27857.680202;17007904556890489898,33160.607984;
3223293956,1:8803830272258857201,16896.712192;7519326607332336758,23774.930173;2613343496286709298,21351.307453;11346797872774360618,13153.399606;14357413530816103104,20218.640286;4565244254581545118,20745.284999;17922403805449423869,19744.603703;
3126817565,1:17494041394590767202,11532.394450;3494242481475770159,12842.779467;17305563064261701131,9532.394450;14338014768147926253,10420.615305;15939826235198410915,12842.779467;12760871325376512253,11532.394450;5040246723666813619,11532.394450;10922864249741762753,9532.394450;12861281202927702431,10420.615305;
1145066155,3:16063342750254927838,32160.607984;1878784780795466186,33160.607984;17992799504321051179,27857.680202;17007904556890489898,33160.607984;
2751524073,1:
652961122,1:8803830272258857201,16896.712192;7519326607332336758,23774.930173;2613343496286709298,21351.307453;11346797872774360618,13153.399606;14357413530816103104,20218.640286;4565244254581545118,20745.284999;17922403805449423869,19744.603703;
3660620608,1:16063342750254927838,32160.607984;1878784780795466186,33160.607984;17992799504321051179,27857.680202;17007904556890489898,33160.607984;
2369746477,1:8803830272258857201,16896.712192;7519326607332336758,23774.930173;2613343496286709298,21351.307453;11346797872774360618,13153.399606;14357413530816103104,20218.640286;4565244254581545118,20745.284999;17922403805449423869,19744.603703;
2103596699,1:16063342750254927838,32160.607984;1878784780795466186,33160.607984;17992799504321051179,27857.680202;17007904556890489898,33160.607984;
4225311099,1:8803830272258857201,16896.712192;7519326607332336758,23774.930173;2613343496286709298,21351.307453;11346797872774360618,13153.399606;14357413530816103104,20218.640286;4565244254581545118,20745.284999;17922403805449423869,19744.603703;
2373230190,1:8803830272258857201,16896.712192;7519326607332336758,23774.930173;2613343496286709298,21351.307453;11346797872774360618,13153.399606;14357413530816103104,20218.640286;4565244254581545118,20745.284999;17922403805449423869,19744.603703;
1967432931,1:17494041394590767202,11532.394450;3494242481475770159,12842.779467;17305563064261701131,9532.394450;14338014768147926253,10420.615305;15939826235198410915,12842.779467;12760871325376512253,11532.394450;5040246723666813619,11532.394450;10922864249741762753,9532.394450;12861281202927702431,10420.615305;
1992116065,1:16063342750254927838,32160.607984;1878784780795466186,33160.607984;17992799504321051179,27857.680202;17007904556890489898,33160.607984;
2414694948,1:8803830272258857201,16896.712192;7519326607332336758,23774.930173;2613343496286709298,21351.307453;11346797872774360618,13153.399606;14357413530816103104,20218.640286;4565244254581545118,20745.284999;17922403805449423869,19744.603703;
3225640883,1:16063342750254927838,32160.607984;1878784780795466186,33160.607984;17992799504321051179,27857.680202;17007904556890489898,33160.607984;
853402558,1:16063342750254927838,32160.607984;1878784780795466186,33160.607984;17992799504321051179,27857.680202;17007904556890489898,33160.607984;
3665083281,1:
1158816822,1:16063342750254927838,32160.607984;1878784780795466186,33160.607984;17992799504321051179,27857.680202;17007904556890489898,33160.607984;
683579446,1:8803830272258857201,16896.712192;7519326607332336758,23774.930173;2613343496286709298,21351.307453;11346797872774360618,13153.399606;14357413530816103104,20218.640286;4565244254581545118,20745.284999;17922403805449423869,19744.603703;
3627450754,1:16063342750254927838,32160.607984;1878784780795466186,33160.607984;17992799504321051179,27857.680202;17007904556890489898,33160.607984;
2412566697,1:16063342750254927838,32160.607984;1878784780795466186,33160.607984;17992799504321051179,27857.680202;17007904556890489898,33160.607984;
1793707929,1:
761017219,1:16063342750254927838,32160.607984;1878784780795466186,33160.607984;17992799504321051179,27857.680202;17007904556890489898,33160.607984;
1193975391,1:16063342750254927838,32160.607984;1878784780795466186,33160.607984;17992799504321051179,27857.680202;17007904556890489898,33160.607984;
2380402298,1:16063342750254927838,32160.607984;1878784780795466186,33160.607984;17992799504321051179,27857.680202;17007904556890489898,33160.607984;
1711602547,2:16063342750254927838,32160.607984;1878784780795466186,33160.607984;17992799504321051179,27857.680202;17007904556890489898,33160.607984;
2404092445,1:8803830272258857201,16896.712192;7519326607332336758,23774.930173;2613343496286709298,21351.307453;11346797872774360618,13153.399606;14357413530816103104,20218.640286;4565244254581545118,20745.284999;17922403805449423869,19744.603703;
4176064405,1:8803830272258857201,16896.712192;7519326607332336758,23774.930173;2613343496286709298,21351.307453;11346797872774360618,13153.399606;14357413530816103104,20218.640286;4565244254581545118,20745.284999;17922403805449423869,19744.603703;
2380367450,1:16063342750254927838,32160.607984;1878784780795466186,33160.607984;17992799504321051179,27857.680202;17007904556890489898,33160.607984;
1793735024,1:8803830272258857201,16896.712192;7519326607332336758,23774.930173;2613343496286709298,21351.307453;11346797872774360618,13153.399606;14357413530816103104,20218.640286;4565244254581545118,20745.284999;17922403805449423869,19744.603703;
2491670873,1:6716189355219460180,32160.607984;5537727306344400563,29137.204167;16019251870190933755,21762.691200;9299633463980588651,28137.204167;7408222268973213108,31027.605203;16580398418232013335,nan;6595766495993482513,32160.607984;6027998910130031744,26571.880748;7236552221015090074,21378.159333;490637884205152611,20333.392675;
2127282886,1:8803830272258857201,16896.712192;7519326607332336758,23774.930173;2613343496286709298,21351.307453;11346797872774360618,13153.399606;14357413530816103104,20218.640286;4565244254581545118,20745.284999;17922403805449423869,19744.603703;
2761031684,1:16063342750254927838,32160.607984;1878784780795466186,33160.607984;17992799504321051179,27857.680202;17007904556890489898,33160.607984;
2087099872,1:6716189355219460180,32160.607984;5537727306344400563,29137.204167;16019251870190933755,21762.691200;9299633463980588651,28137.204167;7408222268973213108,31027.605203;16580398418232013335,nan;6595766495993482513,32160.607984;6027998910130031744,26571.880748;7236552221015090074,21378.159333;490637884205152611,20333.392675;
2005024977,1:16063342750254927838,32160.607984;1878784780795466186,33160.607984;17992799504321051179,27857.680202;17007904556890489898,33160.607984;
2526111863,1:
617812690,1:4070950207124400226,21348.948309;13569684144152252151,26356.143810;15112803204189447583,25467.909773;18332108662624412237,27815.575429;3655378170237646248,27815.575429;10913648637327474813,25779.951519;5732424690445407491,26084.392187;18337910103082656395,26356.143810;12803723461457152002,28704.544116;11922847634556083785,14830.074999;380655658674297732,26815.575429;13543426579822976267,22356.143810;7813027725349053634,23299.560282;18050595891839482989,23400.087158;13570309759477563811,26053.226613;1778958834253122542,21356.143810;2075171438124600045,26289.506617;16909287487750316269,27815.575429;
4228624926,1:8803830272258857201,16896.712192;7519326607332336758,23774.930173;2613343496286709298,21351.307453;11346797872774360618,13153.399606;14357413530816103104,20218.640286;4565244254581545118,20745.284999;17922403805449423869,19744.603703;
1237061125,1:6716189355219460180,32160.607984;5537727306344400563,29137.204167;16019251870190933755,21762.691200;9299633463980588651,28137.204167;7408222268973213108,31027.605203;16580398418232013335,nan;6595766495993482513,32160.607984;6027998910130031744,26571.880748;7236552221015090074,21378.159333;490637884205152611,20333.392675;
2166486886,1:17670525083559483571,11586.991606;10997119299645148793,22642.964148;1292518791516749926,9552.369127;8754577617178825951,13180.895371;
4205084612,1:2233459917990611080,12218.640286;
1005673857,2:16063342750254927838,32160.607984;1878784780795466186,33160.607984;17992799504321051179,27857.680202;17007904556890489898,33160.607984;
2001673272,1:6716189355219460180,32160.607984;5537727306344400563,29137.204167;16019251870190933755,21762.691200;9299633463980588651,28137.204167;7408222268973213108,31027.605203;16580398418232013335,nan;6595766495993482513,32160.607984;6027998910130031744,26571.880748;7236552221015090074,21378.159333;490637884205152611,20333.392675;
923741341,2:8803830272258857201,16896.712192;7519326607332336758,23774.930173;2613343496286709298,21351.307453;11346797872774360618,13153.399606;14357413530816103104,20218.640286;4565244254581545118,20745.284999;17922403805449423869,19744.603703;
2565357242,1:3056395092711954527,16022.139241;14613767527857410704,15022.139241;16908664199751662751,16022.139241;13499921417832535110,9714.597781;2649282562643885656,19529.208519;7245432419770367471,27000.000000;1067067348750464490,16022.139241;17360042003900222261,11714.597781;
692994940,1:8803830272258857201,16896.712192;7519326607332336758,23774.930173;2613343496286709298,21351.307453;11346797872774360618,13153.399606;14357413530816103104,20218.640286;4565244254581545118,20745.284999;17922403805449423869,19744.603703;
1967469956,1:17494041394590767202,11532.394450;3494242481475770159,12842.779467;17305563064261701131,9532.394450;14338014768147926253,10420.615305;15939826235198410915,12842.779467;12760871325376512253,11532.394450;5040246723666813619,11532.394450;10922864249741762753,9532.394450;12861281202927702431,10420.615305;
1359428743,1:8803830272258857201,16896.712192;7519326607332336758,23774.930173;2613343496286709298,21351.307453;11346797872774360618,13153.399606;14357413530816103104,20218.640286;4565244254581545118,20745.284999;17922403805449423869,19744.603703;
64927802,3:16063342750254927838,32160.607984;1878784780795466186,33160.607984;17992799504321051179,27857.680202;17007904556890489898,33160.607984;
2599656899,1:16063342750254927838,32160.607984;1878784780795466186,33160.607984;17992799504321051179,27857.680202;17007904556890489898,33160.607984;
3126785981,1:17494041394590767202,11532.394450;3494242481475770159,12842.779467;17305563064261701131,9532.394450;14338014768147926253,10420.615305;15939826235198410915,12842.779467;12760871325376512253,11532.394450;5040246723666813619,11532.394450;10922864249741762753,9532.394450;12861281202927702431,10420.615305;
568437298,1:8803830272258857201,16896.712192;7519326607332336758,23774.930173;2613343496286709298,21351.307453;11346797872774360618,13153.399606;14357413530816103104,20218.640286;4565244254581545118,20745.284999;17922403805449423869,19744.603703;
3040206127,1:17494041394590767202,11532.394450;3494242481475770159,12842.779467;17305563064261701131,9532.394450;14338014768147926253,10420.615305;15939826235198410915,12842.779467;12760871325376512253,11532.394450;5040246723666813619,11532.394450;10922864249741762753,9532.394450;12861281202927702431,10420.615305;
1969735079,1:17494041394590767202,11532.394450;3494242481475770159,12842.779467;17305563064261701131,9532.394450;14338014768147926253,10420.615305;15939826235198410915,12842.779467;12760871325376512253,11532.394450;5040246723666813619,11532.394450;10922864249741762753,9532.394450;12861281202927702431,10420.615305;
2067684718,1:3056395092711954527,16022.139241;14613767527857410704,15022.139241;16908664199751662751,16022.139241;13499921417832535110,9714.597781;2649282562643885656,19529.208519;7245432419770367471,27000.000000;1067067348750464490,16022.139241;17360042003900222261,11714.597781;
2408989682,1:16063342750254927838,32160.607984;1878784780795466186,33160.607984;17992799504321051179,27857.680202;17007904556890489898,33160.607984;
2099752525,1:16063342750254927838,32160.607984;1878784780795466186,33160.607984;17992799504321051179,27857.680202;17007904556890489898,33160.607984;
3080457740,3:17494041394590767202,11532.394450;3494242481475770159,12842.779467;17305563064261701131,9532.394450;14338014768147926253,10420.615305;15939826235198410915,12842.779467;12760871325376512253,11532.394450;5040246723666813619,11532.394450;10922864249741762753,9532.394450;12861281202927702431,10420.615305;
608866423,1:8803830272258857201,16896.712192;7519326607332336758,23774.930173;2613343496286709298,21351.307453;11346797872774360618,13153.399606;14357413530816103104,20218.640286;4565244254581545118,20745.284999;17922403805449423869,19744.603703;
4001134104,1:16063342750254927838,32160.607984;1878784780795466186,33160.607984;17992799504321051179,27857.680202;17007904556890489898,33160.607984;
146892510,1:16063342750254927838,32160.607984;1878784780795466186,33160.607984;17992799504321051179,27857.680202;17007904556890489898,33160.607984;
2081208382,1:17494041394590767202,11532.394450;3494242481475770159,12842.779467;17305563064261701131,9532.394450;14338014768147926253,10420.615305;15939826235198410915,12842.779467;12760871325376512253,11532.394450;5040246723666813619,11532.394450;10922864249741762753,9532.394450;12861281202927702431,10420.615305;
2103524821,1:16063342750254927838,32160.607984;1878784780795466186,33160.607984;17992799504321051179,27857.680202;17007904556890489898,33160.607984;
1765209886,4:16063342750254927838,32160.607984;1878784780795466186,33160.607984;17992799504321051179,27857.680202;17007904556890489898,33160.607984;
2375447345,1:16063342750254927838,32160.607984;1878784780795466186,33160.607984;17992799504321051179,27857.680202;17007904556890489898,33160.607984;
89059038,1:8803830272258857201,16896.712192;7519326607332336758,23774.930173;2613343496286709298,21351.307453;11346797872774360618,13153.399606;14357413530816103104,20218.640286;4565244254581545118,20745.284999;17922403805449423869,19744.603703;
3632199887,1:16063342750254927838,32160.607984;1878784780795466186,33160.607984;17992799504321051179,27857.680202;17007904556890489898,33160.607984;
961105774,2:16063342750254927838,32160.607984;1878784780795466186,33160.607984;17992799504321051179,27857.680202;17007904556890489898,33160.607984;
2868511437,1:850187991063183094,17558.329561;17924096951154006182,24126.782526;10363819905758419276,24222.266317;
1505833778,1:8803830272258857201,16896.712192;7519326607332336758,23774.930173;2613343496286709298,21351.307453;11346797872774360618,13153.399606;14357413530816103104,20218.640286;4565244254581545118,20745.284999;17922403805449423869,19744.603703;
1511623987,1:6716189355219460180,32160.607984;5537727306344400563,29137.204167;16019251870190933755,21762.691200;9299633463980588651,28137.204167;7408222268973213108,31027.605203;16580398418232013335,nan;6595766495993482513,32160.607984;6027998910130031744,26571.880748;7236552221015090074,21378.159333;490637884205152611,20333.392675;
687245020,1:8803830272258857201,16896.712192;7519326607332336758,23774.930173;2613343496286709298,21351.307453;11346797872774360618,13153.399606;14357413530816103104,20218.640286;4565244254581545118,20745.284999;17922403805449423869,19744.603703;
3040350960,1:17494041394590767202,11532.394450;3494242481475770159,12842.779467;17305563064261701131,9532.394450;14338014768147926253,10420.615305;15939826235198410915,12842.779467;12760871325376512253,11532.394450;5040246723666813619,11532.394450;10922864249741762753,9532.394450;12861281202927702431,10420.615305;
844245132,1:16063342750254927838,32160.607984;1878784780795466186,33160.607984;17992799504321051179,27857.680202;17007904556890489898,33160.607984;
3039131279,1:17494041394590767202,11532.394450;3494242481475770159,12842.779467;17305563064261701131,9532.394450;14338014768147926253,10420.615305;15939826235198410915,12842.779467;12760871325376512253,11532.394450;5040246723666813619,11532.394450;10922864249741762753,9532.394450;12861281202927702431,10420.615305;
2956819590,1:16063342750254927838,32160.607984;1878784780795466186,33160.607984;17992799504321051179,27857.680202;17007904556890489898,33160.607984;
802740078,1:17494041394590767202,11532.394450;3494242481475770159,12842.779467;17305563064261701131,9532.394450;14338014768147926253,10420.615305;15939826235198410915,12842.779467;12760871325376512253,11532.394450;5040246723666813619,11532.394450;10922864249741762753,9532.394450;12861281202927702431,10420.615305;
1707738887,1:16063342750254927838,32160.607984;1878784780795466186,33160.607984;17992799504321051179,27857.680202;17007904556890489898,33160.607984;
1559067635,1:16063342750254927838,32160.607984;1878784780795466186,33160.607984;17992799504321051179,27857.680202;17007904556890489898,33160.607984;
3164589526,1:16063342750254927838,32160.607984;1878784780795466186,33160.607984;17992799504321051179,27857.680202;17007904556890489898,33160.607984;
2957005032,1:
3092504652,2:16063342750254927838,32160.607984;1878784780795466186,33160.607984;17992799504321051179,27857.680202;17007904556890489898,33160.607984;
2594989241,1:8803830272258857201,16896.712192;7519326607332336758,23774.930173;2613343496286709298,21351.307453;11346797872774360618,13153.399606;14357413530816103104,20218.640286;4565244254581545118,20745.284999;17922403805449423869,19744.603703;
2138233378,1:16063342750254927838,32160.607984;1878784780795466186,33160.607984;17992799504321051179,27857.680202;17007904556890489898,33160.607984;
2374343148,1:8803830272258857201,16896.712192;7519326607332336758,23774.930173;2613343496286709298,21351.307453;11346797872774360618,13153.399606;14357413530816103104,20218.640286;4565244254581545118,20745.284999;17922403805449423869,19744.603703;
66042938,3:16063342750254927838,32160.607984;1878784780795466186,33160.607984;17992799504321051179,27857.680202;17007904556890489898,33160.607984;
2166516289,1:17670525083559483571,11586.991606;10997119299645148793,22642.964148;1292518791516749926,9552.369127;8754577617178825951,13180.895371;
618945729,4:16063342750254927838,32160.607984;1878784780795466186,33160.607984;17992799504321051179,27857.680202;17007904556890489898,33160.607984;
3664248065,1:16063342750254927838,32160.607984;1878784780795466186,33160.607984;17992799504321051179,27857.680202;17007904556890489898,33160.607984;
2488571960,1:16063342750254927838,32160.607984;1878784780795466186,33160.607984;17992799504321051179,27857.680202;17007904556890489898,33160.607984;
3311576549,1:8803830272258857201,16896.712192;7519326607332336758,23774.930173;2613343496286709298,21351.307453;11346797872774360618,13153.399606;14357413530816103104,20218.640286;4565244254581545118,20745.284999;17922403805449423869,19744.603703;
2081172449,1:6716189355219460180,32160.607984;5537727306344400563,29137.204167;16019251870190933755,21762.691200;9299633463980588651,28137.204167;7408222268973213108,31027.605203;16580398418232013335,nan;6595766495993482513,32160.607984;6027998910130031744,26571.880748;7236552221015090074,21378.159333;490637884205152611,20333.392675;
2098734286,1:16063342750254927838,32160.607984;1878784780795466186,33160.607984;17992799504321051179,27857.680202;17007904556890489898,33160.607984;
835730242,1:6716189355219460180,32160.607984;5537727306344400563,29137.204167;16019251870190933755,21762.691200;9299633463980588651,28137.204167;7408222268973213108,31027.605203;16580398418232013335,nan;6595766495993482513,32160.607984;6027998910130031744,26571.880748;7236552221015090074,21378.159333;490637884205152611,20333.392675;
3080535059,1:17494041394590767202,11532.394450;3494242481475770159,12842.779467;17305563064261701131,9532.394450;14338014768147926253,10420.615305;15939826235198410915,12842.779467;12760871325376512253,11532.394450;5040246723666813619,11532.394450;10922864249741762753,9532.394450;12861281202927702431,10420.615305;
2366332459,1:3056395092711954527,16022.139241;14613767527857410704,15022.139241;16908664199751662751,16022.139241;13499921417832535110,9714.597781;2649282562643885656,19529.208519;7245432419770367471,27000.000000;1067067348750464490,16022.139241;17360042003900222261,11714.597781;
606638329,1:8803830272258857201,16896.712192;7519326607332336758,23774.930173;2613343496286709298,21351.307453;11346797872774360618,13153.399606;14357413530816103104,20218.640286;4565244254581545118,20745.284999;17922403805449423869,19744.603703;
1083173799,1:16063342750254927838,32160.607984;1878784780795466186,33160.607984;17992799504321051179,27857.680202;17007904556890489898,33160.607984;
3699725510,1:
2412475566,1:16063342750254927838,32160.607984;1878784780795466186,33160.607984;17992799504321051179,27857.680202;17007904556890489898,33160.607984;
3087754039,1:16063342750254927838,32160.607984;1878784780795466186,33160.607984;17992799504321051179,27857.680202;17007904556890489898,33160.607984;
1354870190,1:8803830272258857201,16896.712192;7519326607332336758,23774.930173;2613343496286709298,21351.307453;11346797872774360618,13153.399606;14357413530816103104,20218.640286;4565244254581545118,20745.284999;17922403805449423869,19744.603703;
2603278908,1:16063342750254927838,32160.607984;1878784780795466186,33160.607984;17992799504321051179,27857.680202;17007904556890489898,33160.607984;
90359304,1:8803830272258857201,16896.712192;7519326607332336758,23774.930173;2613343496286709298,21351.307453;11346797872774360618,13153.399606;14357413530816103104,20218.640286;4565244254581545118,20745.284999;17922403805449423869,19744.603703;
2567868476,1:17670525083559483571,11586.991606;10997119299645148793,22642.964148;1292518791516749926,9552.369127;8754577617178825951,13180.895371;
1355723966,1:8803830272258857201,16896.712192;7519326607332336758,23774.930173;2613343496286709298,21351.307453;11346797872774360618,13153.399606;14357413530816103104,20218.640286;4565244254581545118,20745.284999;17922403805449423869,19744.603703;
66221532,1:16063342750254927838,32160.607984;1878784780795466186,33160.607984;17992799504321051179,27857.680202;17007904556890489898,33160.607984;
436686619,2:16063342750254927838,32160.607984;1878784780795466186,33160.607984;17992799504321051179,27857.680202;17007904556890489898,33160.607984;
2918258563,1:16063342750254927838,32160.607984;1878784780795466186,33160.607984;17992799504321051179,27857.680202;17007904556890489898,33160.607984;
2869815421,1:17494041394590767202,11532.394450;3494242481475770159,12842.779467;17305563064261701131,9532.394450;14338014768147926253,10420.615305;15939826235198410915,12842.779467;12760871325376512253,11532.394450;5040246723666813619,11532.394450;10922864249741762753,9532.394450;12861281202927702431,10420.615305;
4037311923,2:16063342750254927838,32160.607984;1878784780795466186,33160.607984;17992799504321051179,27857.680202;17007904556890489898,33160.607984;
2369851021,1:8803830272258857201,16896.712192;7519326607332336758,23774.930173;2613343496286709298,21351.307453;11346797872774360618,13153.399606;14357413530816103104,20218.640286;4565244254581545118,20745.284999;17922403805449423869,19744.603703;
223975191,1:
760122061,1:16063342750254927838,32160.607984;1878784780795466186,33160.607984;17992799504321051179,27857.680202;17007904556890489898,33160.607984;
1968471840,1:17494041394590767202,11532.394450;3494242481475770159,12842.779467;17305563064261701131,9532.394450;14338014768147926253,10420.615305;15939826235198410915,12842.779467;12760871325376512253,11532.394450;5040246723666813619,11532.394450;10922864249741762753,9532.394450;12861281202927702431,10420.615305;
2254648122,1:16063342750254927838,32160.607984;1878784780795466186,33160.607984;17992799504321051179,27857.680202;17007904556890489898,33160.607984;
3066222479,1:16063342750254927838,32160.607984;1878784780795466186,33160.607984;17992799504321051179,27857.680202;17007904556890489898,33160.607984;
1154031755,1:16063342750254927838,32160.607984;1878784780795466186,33160.607984;17992799504321051179,27857.680202;17007904556890489898,33160.607984;
4113907841,1:17494041394590767202,11532.394450;3494242481475770159,12842.779467;17305563064261701131,9532.394450;14338014768147926253,10420.615305;15939826235198410915,12842.779467;12760871325376512253,11532.394450;5040246723666813619,11532.394450;10922864249741762753,9532.394450;12861281202927702431,10420.615305;
2139095627,2:16063342750254927838,32160.607984;1878784780795466186,33160.607984;17992799504321051179,27857.680202;17007904556890489898,33160.607984;
2168855461,1:17494041394590767202,11532.394450;3494242481475770159,12842.779467;17305563064261701131,9532.394450;14338014768147926253,10420.615305;15939826235198410915,12842.779467;12760871325376512253,11532.394450;5040246723666813619,11532.394450;10922864249741762753,9532.394450;12861281202927702431,10420.615305;
87877473,1:8803830272258857201,16896.712192;7519326607332336758,23774.930173;2613343496286709298,21351.307453;11346797872774360618,13153.399606;14357413530816103104,20218.640286;4565244254581545118,20745.284999;17922403805449423869,19744.603703;
2599481366,1:8803830272258857201,16896.712192;7519326607332336758,23774.930173;2613343496286709298,21351.307453;11346797872774360618,13153.399606;14357413530816103104,20218.640286;4565244254581545118,20745.284999;17922403805449423869,19744.603703;
2482240916,1:16063342750254927838,32160.607984;1878784780795466186,33160.607984;17992799504321051179,27857.680202;17007904556890489898,33160.607984;
3223369097,1:6716189355219460180,32160.607984;5537727306344400563,29137.204167;16019251870190933755,21762.691200;9299633463980588651,28137.204167;7408222268973213108,31027.605203;16580398418232013335,nan;6595766495993482513,32160.607984;6027998910130031744,26571.880748;7236552221015090074,21378.159333;490637884205152611,20333.392675;
1359613873,1:8803830272258857201,16896.712192;7519326607332336758,23774.930173;2613343496286709298,21351.307453;11346797872774360618,13153.399606;14357413530816103104,20218.640286;4565244254581545118,20745.284999;17922403805449423869,19744.603703;
2490790943,2:16063342750254927838,32160.607984;1878784780795466186,33160.607984;17992799504321051179,27857.680202;17007904556890489898,33160.607984;
2412330733,1:16063342750254927838,32160.607984;1878784780795466186,33160.607984;17992799504321051179,27857.680202;17007904556890489898,33160.607984;
56721609,2:16063342750254927838,32160.607984;1878784780795466186,33160.607984;17992799504321051179,27857.680202;17007904556890489898,33160.607984;
3039199889,1:17494041394590767202,11532.394450;3494242481475770159,12842.779467;17305563064261701131,9532.394450;14338014768147926253,10420.615305;15939826235198410915,12842.779467;12760871325376512253,11532.394450;5040246723666813619,11532.394450;10922864249741762753,9532.394450;12861281202927702431,10420.615305;
2559424024,1:16063342750254927838,32160.607984;1878784780795466186,33160.607984;17992799504321051179,27857.680202;17007904556890489898,33160.607984;
1887683280,1:
2374666577,1:8803830272258857201,16896.712192;7519326607332336758,23774.930173;2613343496286709298,21351.307453;11346797872774360618,13153.399606;14357413530816103104,20218.640286;4565244254581545118,20745.284999;17922403805449423869,19744.603703;
2126311496,1:16063342750254927838,32160.607984;1878784780795466186,33160.607984;17992799504321051179,27857.680202;17007904556890489898,33160.607984;
2644877852,1:16063342750254927838,32160.607984;1878784780795466186,33160.607984;17992799504321051179,27857.680202;17007904556890489898,33160.607984;
3222393353,1:8803830272258857201,16896.712192;7519326607332336758,23774.930173;2613343496286709298,21351.307453;11346797872774360618,13153.399606;14357413530816103104,20218.640286;4565244254581545118,20745.284999;17922403805449423869,19744.603703;
2776782542,1:16063342750254927838,32160.607984;1878784780795466186,33160.607984;17992799504321051179,27857.680202;17007904556890489898,33160.607984;
613681981,1:8803830272258857201,16896.712192;7519326607332336758,23774.930173;2613343496286709298,21351.307453;11346797872774360618,13153.399606;14357413530816103104,20218.640286;4565244254581545118,20745.284999;17922403805449423869,19744.603703;
1968506684,1:17494041394590767202,11532.394450;3494242481475770159,12842.779467;17305563064261701131,9532.394450;14338014768147926253,10420.615305;15939826235198410915,12842.779467;12760871325376512253,11532.394450;5040246723666813619,11532.394450;10922864249741762753,9532.394450;12861281202927702431,10420.615305;
3931342562,1:8803830272258857201,16896.712192;7519326607332336758,23774.930173;2613343496286709298,21351.307453;11346797872774360618,13153.399606;14357413530816103104,20218.640286;4565244254581545118,20745.284999;17922403805449423869,19744.603703;
690910594,1:8803830272258857201,16896.712192;7519326607332336758,23774.930173;2613343496286709298,21351.307453;11346797872774360618,13153.399606;14357413530816103104,20218.640286;4565244254581545118,20745.284999;17922403805449423869,19744.603703;
2967759311,1:8803830272258857201,16896.712192;7519326607332336758,23774.930173;2613343496286709298,21351.307453;11346797872774360618,13153.399606;14357413530816103104,20218.640286;4565244254581545118,20745.284999;17922403805449423869,19744.603703;
835799938,1:6716189355219460180,32160.607984;5537727306344400563,29137.204167;16019251870190933755,21762.691200;9299633463980588651,28137.204167;7408222268973213108,31027.605203;16580398418232013335,nan;6595766495993482513,32160.607984;6027998910130031744,26571.880748;7236552221015090074,21378.159333;490637884205152611,20333.392675;
1352381825,1:17494041394590767202,11532.394450;3494242481475770159,12842.779467;17305563064261701131,9532.394450;14338014768147926253,10420.615305;15939826235198410915,12842.779467;12760871325376512253,11532.394450;5040246723666813619,11532.394450;10922864249741762753,9532.394450;12861281202927702431,10420.615305;
2717185849,2:16063342750254927838,32160.607984;1878784780795466186,33160.607984;17992799504321051179,27857.680202;17007904556890489898,33160.607984;
3816849617,2:16063342750254927838,32160.607984;1878784780795466186,33160.607984;17992799504321051179,27857.680202;17007904556890489898,33160.607984;
567466999,1:8803830272258857201,16896.712192;7519326607332336758,23774.930173;2613343496286709298,21351.307453;11346797872774360618,13153.399606;14357413530816103104,20218.640286;4565244254581545118,20745.284999;17922403805449423869,19744.603703;
3391706937,2:16063342750254927838,32160.607984;1878784780795466186,33160.607984;17992799504321051179,27857.680202;17007904556890489898,33160.607984;
2566649885,1:8803830272258857201,16896.712192;7519326607332336758,23774.930173;2613343496286709298,21351.307453;11346797872774360618,13153.399606;14357413530816103104,20218.640286;4565244254581545118,20745.284999;17922403805449423869,19744.603703;
1753855796,1:6716189355219460180,32160.607984;5537727306344400563,29137.204167;16019251870190933755,21762.691200;9299633463980588651,28137.204167;7408222268973213108,31027.605203;16580398418232013335,nan;6595766495993482513,32160.607984;6027998910130031744,26571.880748;7236552221015090074,21378.159333;490637884205152611,20333.392675;
2404097893,1:16063342750254927838,32160.607984;1878784780795466186,33160.607984;17992799504321051179,27857.680202;17007904556890489898,33160.607984;
886428657,1:16063342750254927838,32160.607984;1878784780795466186,33160.607984;17992799504321051179,27857.680202;17007904556890489898,33160.607984;
1765205531,1:16063342750254927838,32160.607984;1878784780795466186,33160.607984;17992799504321051179,27857.680202;17007904556890489898,33160.607984;
2376053215,1:15815027146421346941,16311.077262;
3062556905,1:16063342750254927838,32160.607984;1878784780795466186,33160.607984;17992799504321051179,27857.680202;17007904556890489898,33160.607984;
87735903,1:8803830272258857201,16896.712192;7519326607332336758,23774.930173;2613343496286709298,21351.307453;11346797872774360618,13153.399606;14357413530816103104,20218.640286;4565244254581545118,20745.284999;17922403805449423869,19744.603703;
690766846,1:8803830272258857201,16896.712192;7519326607332336758,23774.930173;2613343496286709298,21351.307453;11346797872774360618,13153.399606;14357413530816103104,20218.640286;4565244254581545118,20745.284999;17922403805449423869,19744.603703;
3129376014,2:16063342750254927838,32160.607984;1878784780795466186,33160.607984;17992799504321051179,27857.680202;17007904556890489898,33160.607984;
1757087039,1:16063342750254927838,32160.607984;1878784780795466186,33160.607984;17992799504321051179,27857.680202;17007904556890489898,33160.607984;
3744129750,1:16063342750254927838,32160.607984;1878784780795466186,33160.607984;17992799504321051179,27857.680202;17007904556890489898,33160.607984;
2835857726,1:16063342750254927838,32160.607984;1878784780795466186,33160.607984;17992799504321051179,27857.680202;17007904556890489898,33160.607984;
1839959937,1:16063342750254927838,32160.607984;1878784780795466186,33160.607984;17992799504321051179,27857.680202;17007904556890489898,33160.607984;
1891086450,2:16063342750254927838,32160.607984;1878784780795466186,33160.607984;17992799504321051179,27857.680202;17007904556890489898,33160.607984;
1796250740,1:
2404200259,1:16063342750254927838,32160.607984;1878784780795466186,33160.607984;17992799504321051179,27857.680202;17007904556890489898,33160.607984;
1115192571,1:16063342750254927838,32160.607984;1878784780795466186,33160.607984;17992799504321051179,27857.680202;17007904556890489898,33160.607984;
1113933688,1:16063342750254927838,32160.607984;1878784780795466186,33160.607984;17992799504321051179,27857.680202;17007904556890489898,33160.607984;
647929934,1:8803830272258857201,16896.712192;7519326607332336758,23774.930173;2613343496286709298,21351.307453;11346797872774360618,13153.399606;14357413530816103104,20218.640286;4565244254581545118,20745.284999;17922403805449423869,19744.603703;
3039202067,1:17494041394590767202,11532.394450;3494242481475770159,12842.779467;17305563064261701131,9532.394450;14338014768147926253,10420.615305;15939826235198410915,12842.779467;12760871325376512253,11532.394450;5040246723666813619,11532.394450;10922864249741762753,9532.394450;12861281202927702431,10420.615305;
2405207581,1:8803830272258857201,16896.712192;7519326607332336758,23774.930173;2613343496286709298,21351.307453;11346797872774360618,13153.399606;14357413530816103104,20218.640286;4565244254581545118,20745.284999;17922403805449423869,19744.603703;
4113695486,1:17670525083559483571,11586.991606;10997119299645148793,22642.964148;1292518791516749926,9552.369127;8754577617178825951,13180.895371;
3314169465,1:16063342750254927838,32160.607984;1878784780795466186,33160.607984;17992799504321051179,27857.680202;17007904556890489898,33160.607984;
255492991,1:6716189355219460180,32160.607984;5537727306344400563,29137.204167;16019251870190933755,21762.691200;9299633463980588651,28137.204167;7408222268973213108,31027.605203;16580398418232013335,nan;6595766495993482513,32160.607984;6027998910130031744,26571.880748;7236552221015090074,21378.159333;490637884205152611,20333.392675;
803682066,1:17494041394590767202,11532.394450;3494242481475770159,12842.779467;17305563064261701131,9532.394450;14338014768147926253,10420.615305;15939826235198410915,12842.779467;12760871325376512253,11532.394450;5040246723666813619,11532.394450;10922864249741762753,9532.394450;12861281202927702431,10420.615305;
3629821507,1:16063342750254927838,32160.607984;1878784780795466186,33160.607984;17992799504321051179,27857.680202;17007904556890489898,33160.607984;
922740551,1:6716189355219460180,32160.607984;5537727306344400563,29137.204167;16019251870190933755,21762.691200;9299633463980588651,28137.204167;7408222268973213108,31027.605203;16580398418232013335,nan;6595766495993482513,32160.607984;6027998910130031744,26571.880748;7236552221015090074,21378.159333;490637884205152611,20333.392675;
2064270698,1:16063342750254927838,32160.607984;1878784780795466186,33160.607984;17992799504321051179,27857.680202;17007904556890489898,33160.607984;
3591946090,1:16063342750254927838,32160.607984;1878784780795466186,33160.607984;17992799504321051179,27857.680202;17007904556890489898,33160.607984;
1194009153,1:16063342750254927838,32160.607984;1878784780795466186,33160.607984;17992799504321051179,27857.680202;17007904556890489898,33160.607984;
4197647229,1:16063342750254927838,32160.607984;1878784780795466186,33160.607984;17992799504321051179,27857.680202;17007904556890489898,33160.607984;
1154070959,1:16063342750254927838,32160.607984;1878784780795466186,33160.607984;17992799504321051179,27857.680202;17007904556890489898,33160.607984;
41287529,1:16063342750254927838,32160.607984;1878784780795466186,33160.607984;17992799504321051179,27857.680202;17007904556890489898,33160.607984;
654774882,2:16063342750254927838,32160.607984;1878784780795466186,33160.607984;17992799504321051179,27857.680202;17007904556890489898,33160.607984;
1460197743,2:16063342750254927838,32160.607984;1878784780795466186,33160.607984;17992799504321051179,27857.680202;17007904556890489898,33160.607984;
2081138690,1:17494041394590767202,11532.394450;3494242481475770159,12842.779467;17305563064261701131,9532.394450;14338014768147926253,10420.615305;15939826235198410915,12842.779467;12760871325376512253,11532.394450;5040246723666813619,11532.394450;10922864249741762753,9532.394450;12861281202927702431,10420.615305;
3080419628,1:17494041394590767202,11532.394450;3494242481475770159,12842.779467;17305563064261701131,9532.394450;14338014768147926253,10420.615305;15939826235198410915,12842.779467;12760871325376512253,11532.394450;5040246723666813619,11532.394450;10922864249741762753,9532.394450;12861281202927702431,10420.615305;
1558824788,2:16063342750254927838,32160.607984;1878784780795466186,33160.607984;17992799504321051179,27857.680202;17007904556890489898,33160.607984;
251935228,1:6716189355219460180,32160.607984;5537727306344400563,29137.204167;16019251870190933755,21762.691200;9299633463980588651,28137.204167;7408222268973213108,31027.605203;16580398418232013335,nan;6595766495993482513,32160.607984;6027998910130031744,26571.880748;7236552221015090074,21378.159333;490637884205152611,20333.392675;
2404064131,1:8803830272258857201,16896.712192;7519326607332336758,23774.930173;2613343496286709298,21351.307453;11346797872774360618,13153.399606;14357413530816103104,20218.640286;4565244254581545118,20745.284999;17922403805449423869,19744.603703;
882763087,1:16063342750254927838,32160.607984;1878784780795466186,33160.607984;17992799504321051179,27857.680202;17007904556890489898,33160.607984;
64926717,1:16063342750254927838,32160.607984;1878784780795466186,33160.607984;17992799504321051179,27857.680202;17007904556890489898,33160.607984;
3066078731,1:16063342750254927838,32160.607984;1878784780795466186,33160.607984;17992799504321051179,27857.680202;17007904556890489898,33160.607984;
3008118738,2:16063342750254927838,32160.607984;1878784780795466186,33160.607984;17992799504321051179,27857.680202;17007904556890489898,33160.607984;
2449233673,1:6716189355219460180,32160.607984;5537727306344400563,29137.204167;16019251870190933755,21762.691200;9299633463980588651,28137.204167;7408222268973213108,31027.605203;16580398418232013335,nan;6595766495993482513,32160.607984;6027998910130031744,26571.880748;7236552221015090074,21378.159333;490637884205152611,20333.392675;
616017886,1:8803830272258857201,16896.712192;7519326607332336758,23774.930173;2613343496286709298,21351.307453;11346797872774360618,13153.399606;14357413530816103104,20218.640286;4565244254581545118,20745.284999;17922403805449423869,19744.603703;
1721835929,1:
731234088,3:16063342750254927838,32160.607984;1878784780795466186,33160.607984;17992799504321051179,27857.680202;17007904556890489898,33160.607984;
923993990,1:8803830272258857201,16896.712192;7519326607332336758,23774.930173;2613343496286709298,21351.307453;11346797872774360618,13153.399606;14357413530816103104,20218.640286;4565244254581545118,20745.284999;17922403805449423869,19744.603703;
2567722550,1:17494041394590767202,11532.394450;3494242481475770159,12842.779467;17305563064261701131,9532.394450;14338014768147926253,10420.615305;15939826235198410915,12842.779467;12760871325376512253,11532.394450;5040246723666813619,11532.394450;10922864249741762753,9532.394450;12861281202927702431,10420.615305;
2865957732,1:6716189355219460180,32160.607984;5537727306344400563,29137.204167;16019251870190933755,21762.691200;9299633463980588651,28137.204167;7408222268973213108,31027.605203;16580398418232013335,nan;6595766495993482513,32160.607984;6027998910130031744,26571.880748;7236552221015090074,21378.159333;490637884205152611,20333.392675;
2403100601,1:16063342750254927838,32160.607984;1878784780795466186,33160.607984;17992799504321051179,27857.680202;17007904556890489898,33160.607984;
2597397020,1:8803830272258857201,16896.712192;7519326607332336758,23774.930173;2613343496286709298,21351.307453;11346797872774360618,13153.399606;14357413530816103104,20218.640286;4565244254581545118,20745.284999;17922403805449423869,19744.603703;
2365043320,1:16063342750254927838,32160.607984;1878784780795466186,33160.607984;17992799504321051179,27857.680202;17007904556890489898,33160.607984;
1751555828,1:6716189355219460180,32160.607984;5537727306344400563,29137.204167;16019251870190933755,21762.691200;9299633463980588651,28137.204167;7408222268973213108,31027.605203;16580398418232013335,nan;6595766495993482513,32160.607984;6027998910130031744,26571.880748;7236552221015090074,21378.159333;490637884205152611,20333.392675;
2847930911,1:16063342750254927838,32160.607984;1878784780795466186,33160.607984;17992799504321051179,27857.680202;17007904556890489898,33160.607984;
196398135,2:16063342750254927838,32160.607984;1878784780795466186,33160.607984;17992799504321051179,27857.680202;17007904556890489898,33160.607984;
3164618929,1:16063342750254927838,32160.607984;1878784780795466186,33160.607984;17992799504321051179,27857.680202;17007904556890489898,33160.607984;
646779958,1:8803830272258857201,16896.712192;7519326607332336758,23774.930173;2613343496286709298,21351.307453;11346797872774360618,13153.399606;14357413530816103104,20218.640286;4565244254581545118,20745.284999;17922403805449423869,19744.603703;
2251581832,2:16063342750254927838,32160.607984;1878784780795466186,33160.607984;17992799504321051179,27857.680202;17007904556890489898,33160.607984;
2598367319,1:8803830272258857201,16896.712192;7519326607332336758,23774.930173;2613343496286709298,21351.307453;11346797872774360618,13153.399606;14357413530816103104,20218.640286;4565244254581545118,20745.284999;17922403805449423869,19744.603703;
2645997346,1:16063342750254927838,32160.607984;1878784780795466186,33160.607984;17992799504321051179,27857.680202;17007904556890489898,33160.607984;
645665911,1:8803830272258857201,16896.712192;7519326607332336758,23774.930173;2613343496286709298,21351.307453;11346797872774360618,13153.399606;14357413530816103104,20218.640286;4565244254581545118,20745.284999;17922403805449423869,19744.603703;
1354542404,1:8803830272258857201,16896.712192;7519326607332336758,23774.930173;2613343496286709298,21351.307453;11346797872774360618,13153.399606;14357413530816103104,20218.640286;4565244254581545118,20745.284999;17922403805449423869,19744.603703;
2865024456,1:6716189355219460180,32160.607984;5537727306344400563,29137.204167;16019251870190933755,21762.691200;9299633463980588651,28137.204167;7408222268973213108,31027.605203;16580398418232013335,nan;6595766495993482513,32160.607984;6027998910130031744,26571.880748;7236552221015090074,21378.159333;490637884205152611,20333.392675;
1643129716,1:16063342750254927838,32160.607984;1878784780795466186,33160.607984;17992799504321051179,27857.680202;17007904556890489898,33160.607984;
607896124,1:8803830272258857201,16896.712192;7519326607332336758,23774.930173;2613343496286709298,21351.307453;11346797872774360618,13153.399606;14357413530816103104,20218.640286;4565244254581545118,20745.284999;17922403805449423869,19744.603703;
1692009654,1:
4200130156,1:16063342750254927838,32160.607984;1878784780795466186,33160.607984;17992799504321051179,27857.680202;17007904556890489898,33160.607984;
2324285138,1:16063342750254927838,32160.607984;1878784780795466186,33160.607984;17992799504321051179,27857.680202;17007904556890489898,33160.607984;
4174812055,1:8803830272258857201,16896.712192;7519326607332336758,23774.930173;2613343496286709298,21351.307453;11346797872774360618,13153.399606;14357413530816103104,20218.640286;4565244254581545118,20745.284999;17922403805449423869,19744.603703;
1752490190,1:6716189355219460180,32160.607984;5537727306344400563,29137.204167;16019251870190933755,21762.691200;9299633463980588651,28137.204167;7408222268973213108,31027.605203;16580398418232013335,nan;6595766495993482513,32160.607984;6027998910130031744,26571.880748;7236552221015090074,21378.159333;490637884205152611,20333.392675;
4227726501,1:8803830272258857201,16896.712192;7519326607332336758,23774.930173;2613343496286709298,21351.307453;11346797872774360618,13153.399606;14357413530816103104,20218.640286;4565244254581545118,20745.284999;17922403805449423869,19744.603703;
566352952,1:8803830272258857201,16896.712192;7519326607332336758,23774.930173;2613343496286709298,21351.307453;11346797872774360618,13153.399606;14357413530816103104,20218.640286;4565244254581545118,20745.284999;17922403805449423869,19744.603703;
3813184047,1:16063342750254927838,32160.607984;1878784780795466186,33160.607984;17992799504321051179,27857.680202;17007904556890489898,33160.607984;
1316471352,1:16063342750254927838,32160.607984;1878784780795466186,33160.607984;17992799504321051179,27857.680202;17007904556890489898,33160.607984;
3062628754,1:16063342750254927838,32160.607984;1878784780795466186,33160.607984;17992799504321051179,27857.680202;17007904556890489898,33160.607984;
802711764,1:17494041394590767202,11532.394450;3494242481475770159,12842.779467;17305563064261701131,9532.394450;14338014768147926253,10420.615305;15939826235198410915,12842.779467;12760871325376512253,11532.394450;5040246723666813619,11532.394450;10922864249741762753,9532.394450;12861281202927702431,10420.615305;
1914896519,2:16063342750254927838,32160.607984;1878784780795466186,33160.607984;17992799504321051179,27857.680202;17007904556890489898,33160.607984;
3080672277,1:16063342750254927838,32160.607984;1878784780795466186,33160.607984;17992799504321051179,27857.680202;17007904556890489898,33160.607984;
2143903823,1:16063342750254927838,32160.607984;1878784780795466186,33160.607984;17992799504321051179,27857.680202;17007904556890489898,33160.607984;
2861358883,1:16063342750254927838,32160.607984;1878784780795466186,33160.607984;17992799504321051179,27857.680202;17007904556890489898,33160.607984;
3042693402,1:8803830272258857201,16896.712192;7519326607332336758,23774.930173;2613343496286709298,21351.307453;11346797872774360618,13153.399606;14357413530816103104,20218.640286;4565244254581545118,20745.284999;17922403805449423869,19744.603703;
609980470,1:8803830272258857201,16896.712192;7519326607332336758,23774.930173;2613343496286709298,21351.307453;11346797872774360618,13153.399606;14357413530816103104,20218.640286;4565244254581545118,20745.284999;17922403805449423869,19744.603703;
3591655327,1:16063342750254927838,32160.607984;1878784780795466186,33160.607984;17992799504321051179,27857.680202;17007904556890489898,33160.607984;
1874754890,1:16063342750254927838,32160.607984;1878784780795466186,33160.607984;17992799504321051179,27857.680202;17007904556890489898,33160.607984;
2445791577,1:16063342750254927838,32160.607984;1878784780795466186,33160.607984;17992799504321051179,27857.680202;17007904556890489898,33160.607984;
2867398479,1:850187991063183094,17558.329561;17924096951154006182,24126.782526;10363819905758419276,24222.266317;
2403101690,1:16063342750254927838,32160.607984;1878784780795466186,33160.607984;17992799504321051179,27857.680202;17007904556890489898,33160.607984;
3804413043,1:8803830272258857201,16896.712192;7519326607332336758,23774.930173;2613343496286709298,21351.307453;11346797872774360618,13153.399606;14357413530816103104,20218.640286;4565244254581545118,20745.284999;17922403805449423869,19744.603703;
1750118348,1:17494041394590767202,11532.394450;3494242481475770159,12842.779467;17305563064261701131,9532.394450;14338014768147926253,10420.615305;15939826235198410915,12842.779467;12760871325376512253,11532.394450;5040246723666813619,11532.394450;10922864249741762753,9532.394450;12861281202927702431,10420.615305;
3060292808,2:16063342750254927838,32160.607984;1878784780795466186,33160.607984;17992799504321051179,27857.680202;17007904556890489898,33160.607984;
3085378935,1:16063342750254927838,32160.607984;1878784780795466186,33160.607984;17992799504321051179,27857.680202;17007904556890489898,33160.607984;
1695670872,1:16063342750254927838,32160.607984;1878784780795466186,33160.607984;17992799504321051179,27857.680202;17007904556890489898,33160.607984;
2745632582,1:16063342750254927838,32160.607984;1878784780795466186,33160.607984;17992799504321051179,27857.680202;17007904556890489898,33160.607984;
4292003070,1:
1430399673,1:16063342750254927838,32160.607984;1878784780795466186,33160.607984;17992799504321051179,27857.680202;17007904556890489898,33160.607984;
4172257265,1:6716189355219460180,32160.607984;5537727306344400563,29137.204167;16019251870190933755,21762.691200;9299633463980588651,28137.204167;7408222268973213108,31027.605203;16580398418232013335,nan;6595766495993482513,32160.607984;6027998910130031744,26571.880748;7236552221015090074,21378.159333;490637884205152611,20333.392675;
1754601934,1:
2366367306,1:16063342750254927838,32160.607984;1878784780795466186,33160.607984;17992799504321051179,27857.680202;17007904556890489898,33160.607984;
3747996109,2:16063342750254927838,32160.607984;1878784780795466186,33160.607984;17992799504321051179,27857.680202;17007904556890489898,33160.607984;
90177441,1:8803830272258857201,16896.712192;7519326607332336758,23774.930173;2613343496286709298,21351.307453;11346797872774360618,13153.399606;14357413530816103104,20218.640286;4565244254581545118,20745.284999;17922403805449423869,19744.603703;
2449238029,1:6716189355219460180,32160.607984;5537727306344400563,29137.204167;16019251870190933755,21762.691200;9299633463980588651,28137.204167;7408222268973213108,31027.605203;16580398418232013335,nan;6595766495993482513,32160.607984;6027998910130031744,26571.880748;7236552221015090074,21378.159333;490637884205152611,20333.392675;
645522163,1:8803830272258857201,16896.712192;7519326607332336758,23774.930173;2613343496286709298,21351.307453;11346797872774360618,13153.399606;14357413530816103104,20218.640286;4565244254581545118,20745.284999;17922403805449423869,19744.603703;
607608628,1:8803830272258857201,16896.712192;7519326607332336758,23774.930173;2613343496286709298,21351.307453;11346797872774360618,13153.399606;14357413530816103104,20218.640286;4565244254581545118,20745.284999;17922403805449423869,19744.603703;
1600435474,1:16063342750254927838,32160.607984;1878784780795466186,33160.607984;17992799504321051179,27857.680202;17007904556890489898,33160.607984;
2372183661,1:3056395092711954527,16022.139241;14613767527857410704,15022.139241;16908664199751662751,16022.139241;13499921417832535110,9714.597781;2649282562643885656,19529.208519;7245432419770367471,27000.000000;1067067348750464490,16022.139241;17360042003900222261,11714.597781;
264193875,5:16063342750254927838,32160.607984;1878784780795466186,33160.607984;17992799504321051179,27857.680202;17007904556890489898,33160.607984;
2201401675,1:6716189355219460180,32160.607984;5537727306344400563,29137.204167;16019251870190933755,21762.691200;9299633463980588651,28137.204167;7408222268973213108,31027.605203;16580398418232013335,nan;6595766495993482513,32160.607984;6027998910130031744,26571.880748;7236552221015090074,21378.159333;490637884205152611,20333.392675;
90107745,1:8803830272258857201,16896.712192;7519326607332336758,23774.930173;2613343496286709298,21351.307453;11346797872774360618,13153.399606;14357413530816103104,20218.640286;4565244254581545118,20745.284999;17922403805449423869,19744.603703;
2795385281,1:16063342750254927838,32160.607984;1878784780795466186,33160.607984;17992799504321051179,27857.680202;17007904556890489898,33160.607984;
569874770,1:8803830272258857201,16896.712192;7519326607332336758,23774.930173;2613343496286709298,21351.307453;11346797872774360618,13153.399606;14357413530816103104,20218.640286;4565244254581545118,20745.284999;17922403805449423869,19744.603703;
2795388548,1:16063342750254927838,32160.607984;1878784780795466186,33160.607984;17992799504321051179,27857.680202;17007904556890489898,33160.607984;
1238139295,2:16063342750254927838,32160.607984;1878784780795466186,33160.607984;17992799504321051179,27857.680202;17007904556890489898,33160.607984;
3776058750,1:8803830272258857201,16896.712192;7519326607332336758,23774.930173;2613343496286709298,21351.307453;11346797872774360618,13153.399606;14357413530816103104,20218.640286;4565244254581545118,20745.284999;17922403805449423869,19744.603703;
2408983148,1:16063342750254927838,32160.607984;1878784780795466186,33160.607984;17992799504321051179,27857.680202;17007904556890489898,33160.607984;
2412292618,1:16063342750254927838,32160.607984;1878784780795466186,33160.607984;17992799504321051179,27857.680202;17007904556890489898,33160.607984;
2558127026,1:16063342750254927838,32160.607984;1878784780795466186,33160.607984;17992799504321051179,27857.680202;17007904556890489898,33160.607984;
3855372127,2:16063342750254927838,32160.607984;1878784780795466186,33160.607984;17992799504321051179,27857.680202;17007904556890489898,33160.607984;
3660660901,1:16063342750254927838,32160.607984;1878784780795466186,33160.607984;17992799504321051179,27857.680202;17007904556890489898,33160.607984;
1359281728,1:8803830272258857201,16896.712192;7519326607332336758,23774.930173;2613343496286709298,21351.307453;11346797872774360618,13153.399606;14357413530816103104,20218.640286;4565244254581545118,20745.284999;17922403805449423869,19744.603703;
1720322396,1:16063342750254927838,32160.607984;1878784780795466186,33160.607984;17992799504321051179,27857.680202;17007904556890489898,33160.607984;
609010171,1:8803830272258857201,16896.712192;7519326607332336758,23774.930173;2613343496286709298,21351.307453;11346797872774360618,13153.399606;14357413530816103104,20218.640286;4565244254581545118,20745.284999;17922403805449423869,19744.603703;
4172438039,1:6716189355219460180,32160.607984;5537727306344400563,29137.204167;16019251870190933755,21762.691200;9299633463980588651,28137.204167;7408222268973213108,31027.605203;16580398418232013335,nan;6595766495993482513,32160.607984;6027998910130031744,26571.880748;7236552221015090074,21378.159333;490637884205152611,20333.392675;
921339008,1:
2450347719,1:8803830272258857201,16896.712192;7519326607332336758,23774.930173;2613343496286709298,21351.307453;11346797872774360618,13153.399606;14357413530816103104,20218.640286;4565244254581545118,20745.284999;17922403805449423869,19744.603703;
1358212327,1:8803830272258857201,16896.712192;7519326607332336758,23774.930173;2613343496286709298,21351.307453;11346797872774360618,13153.399606;14357413530816103104,20218.640286;4565244254581545118,20745.284999;17922403805449423869,19744.603703;
2575317457,1:16063342750254927838,32160.607984;1878784780795466186,33160.607984;17992799504321051179,27857.680202;17007904556890489898,33160.607984;
3621593026,1:16063342750254927838,32160.607984;1878784780795466186,33160.607984;17992799504321051179,27857.680202;17007904556890489898,33160.607984;
2167603107,1:3056395092711954527,16022.139241;14613767527857410704,15022.139241;16908664199751662751,16022.139241;13499921417832535110,9714.597781;2649282562643885656,19529.208519;7245432419770367471,27000.000000;1067067348750464490,16022.139241;17360042003900222261,11714.597781;
4113981893,1:17494041394590767202,11532.394450;3494242481475770159,12842.779467;17305563064261701131,9532.394450;14338014768147926253,10420.615305;15939826235198410915,12842.779467;12760871325376512253,11532.394450;5040246723666813619,11532.394450;10922864249741762753,9532.394450;12861281202927702431,10420.615305;
3066258419,1:16063342750254927838,32160.607984;1878784780795466186,33160.607984;17992799504321051179,27857.680202;17007904556890489898,33160.607984;
64962649,2:16063342750254927838,32160.607984;1878784780795466186,33160.607984;17992799504321051179,27857.680202;17007904556890489898,33160.607984;
2021728153,1:16063342750254927838,32160.607984;1878784780795466186,33160.607984;17992799504321051179,27857.680202;17007904556890489898,33160.607984;
90244959,1:8803830272258857201,16896.712192;7519326607332336758,23774.930173;2613343496286709298,21351.307453;11346797872774360618,13153.399606;14357413530816103104,20218.640286;4565244254581545118,20745.284999;17922403805449423869,19744.603703;
1199175166,1:16063342750254927838,32160.607984;1878784780795466186,33160.607984;17992799504321051179,27857.680202;17007904556890489898,33160.607984;
3080457740,1:17494041394590767202,11532.394450;3494242481475770159,12842.779467;17305563064261701131,9532.394450;14338014768147926253,10420.615305;15939826235198410915,12842.779467;12760871325376512253,11532.394450;5040246723666813619,11532.394450;10922864249741762753,9532.394450;12861281202927702431,10420.615305;
1756047953,1:6716189355219460180,32160.607984;5537727306344400563,29137.204167;16019251870190933755,21762.691200;9299633463980588651,28137.204167;7408222268973213108,31027.605203;16580398418232013335,nan;6595766495993482513,32160.607984;6027998910130031744,26571.880748;7236552221015090074,21378.159333;490637884205152611,20333.392675;
2229865957,1:6716189355219460180,32160.607984;5537727306344400563,29137.204167;16019251870190933755,21762.691200;9299633463980588651,28137.204167;7408222268973213108,31027.605203;16580398418232013335,nan;6595766495993482513,32160.607984;6027998910130031744,26571.880748;7236552221015090074,21378.159333;490637884205152611,20333.392675;
885278677,1:16063342750254927838,32160.607984;1878784780795466186,33160.607984;17992799504321051179,27857.680202;17007904556890489898,33160.607984;
3611359476,2:16063342750254927838,32160.607984;1878784780795466186,33160.607984;17992799504321051179,27857.680202;17007904556890489898,33160.607984;
128903644,7:8803830272258857201,16896.712192;7519326607332336758,23774.930173;2613343496286709298,21351.307453;11346797872774360618,13153.399606;14357413530816103104,20218.640286;4565244254581545118,20745.284999;17922403805449423869,19744.603703;
1360759505,1:16063342750254927838,32160.607984;1878784780795466186,33160.607984;17992799504321051179,27857.680202;17007904556890489898,33160.607984;
1007757223,1:16063342750254927838,32160.607984;1878784780795466186,33160.607984;17992799504321051179,27857.680202;17007904556890489898,33160.607984;
2959450926,1:
4175817202,1:8803830272258857201,16896.712192;7519326607332336758,23774.930173;2613343496286709298,21351.307453;11346797872774360618,13153.399606;14357413530816103104,20218.640286;4565244254581545118,20745.284999;17922403805449423869,19744.603703;
653931421,1:8803830272258857201,16896.712192;7519326607332336758,23774.930173;2613343496286709298,21351.307453;11346797872774360618,13153.399606;14357413530816103104,20218.640286;4565244254581545118,20745.284999;17922403805449423869,19744.603703;
4174880662,1:8803830272258857201,16896.712192;7519326607332336758,23774.930173;2613343496286709298,21351.307453;11346797872774360618,13153.399606;14357413530816103104,20218.640286;4565244254581545118,20745.284999;17922403805449423869,19744.603703;
2595995477,1:8803830272258857201,16896.712192;7519326607332336758,23774.930173;2613343496286709298,21351.307453;11346797872774360618,13153.399606;14357413530816103104,20218.640286;4565244254581545118,20745.284999;17922403805449423869,19744.603703;
1752705812,1:6716189355219460180,32160.607984;5537727306344400563,29137.204167;16019251870190933755,21762.691200;9299633463980588651,28137.204167;7408222268973213108,31027.605203;16580398418232013335,nan;6595766495993482513,32160.607984;6027998910130031744,26571.880748;7236552221015090074,21378.159333;490637884205152611,20333.392675;
2412531849,1:16063342750254927838,32160.607984;1878784780795466186,33160.607984;17992799504321051179,27857.680202;17007904556890489898,33160.607984;
803673355,1:17494041394590767202,11532.394450;3494242481475770159,12842.779467;17305563064261701131,9532.394450;14338014768147926253,10420.615305;15939826235198410915,12842.779467;12760871325376512253,11532.394450;5040246723666813619,11532.394450;10922864249741762753,9532.394450;12861281202927702431,10420.615305;
1995780981,1:17494041394590767202,11532.394450;3494242481475770159,12842.779467;17305563064261701131,9532.394450;14338014768147926253,10420.615305;15939826235198410915,12842.779467;12760871325376512253,11532.394450;5040246723666813619,11532.394450;10922864249741762753,9532.394450;12861281202927702431,10420.615305;
2718410400,1:16063342750254927838,32160.607984;1878784780795466186,33160.607984;17992799504321051179,27857.680202;17007904556890489898,33160.607984;
96971050,1:16063342750254927838,32160.607984;1878784780795466186,33160.607984;17992799504321051179,27857.680202;17007904556890489898,33160.607984;
645809659,1:8803830272258857201,16896.712192;7519326607332336758,23774.930173;2613343496286709298,21351.307453;11346797872774360618,13153.399606;14357413530816103104,20218.640286;4565244254581545118,20745.284999;17922403805449423869,19744.603703;
2368415715,1:16063342750254927838,32160.607984;1878784780795466186,33160.607984;17992799504321051179,27857.680202;17007904556890489898,33160.607984;
610124218,1:8803830272258857201,16896.712192;7519326607332336758,23774.930173;2613343496286709298,21351.307453;11346797872774360618,13153.399606;14357413530816103104,20218.640286;4565244254581545118,20745.284999;17922403805449423869,19744.603703;
3771171345,1:8803830272258857201,16896.712192;7519326607332336758,23774.930173;2613343496286709298,21351.307453;11346797872774360618,13153.399606;14357413530816103104,20218.640286;4565244254581545118,20745.284999;17922403805449423869,19744.603703;
1712420432,1:8803830272258857201,16896.712192;7519326607332336758,23774.930173;2613343496286709298,21351.307453;11346797872774360618,13153.399606;14357413530816103104,20218.640286;4565244254581545118,20745.284999;17922403805449423869,19744.603703;
2531035229,1:16063342750254927838,32160.607984;1878784780795466186,33160.607984;17992799504321051179,27857.680202;17007904556890489898,33160.607984;
3300397459,1:16063342750254927838,32160.607984;1878784780795466186,33160.607984;17992799504321051179,27857.680202;17007904556890489898,33160.607984;
2678086763,1:6716189355219460180,32160.607984;5537727306344400563,29137.204167;16019251870190933755,21762.691200;9299633463980588651,28137.204167;7408222268973213108,31027.605203;16580398418232013335,nan;6595766495993482513,32160.607984;6027998910130031744,26571.880748;7236552221015090074,21378.159333;490637884205152611,20333.392675;
1360755149,1:16063342750254927838,32160.607984;1878784780795466186,33160.607984;17992799504321051179,27857.680202;17007904556890489898,33160.607984;
3704504039,1:16063342750254927838,32160.607984;1878784780795466186,33160.607984;17992799504321051179,27857.680202;17007904556890489898,33160.607984;
264193875,4:16063342750254927838,32160.607984;1878784780795466186,33160.607984;17992799504321051179,27857.680202;17007904556890489898,33160.607984;
294341343,1:8803830272258857201,16896.712192;7519326607332336758,23774.930173;2613343496286709298,21351.307453;11346797872774360618,13153.399606;14357413530816103104,20218.640286;4565244254581545118,20745.284999;17922403805449423869,19744.603703;
567323251,1:8803830272258857201,16896.712192;7519326607332336758,23774.930173;2613343496286709298,21351.307453;11346797872774360618,13153.399606;14357413530816103104,20218.640286;4565244254581545118,20745.284999;17922403805449423869,19744.603703;
2369708359,1:8803830272258857201,16896.712192;7519326607332336758,23774.930173;2613343496286709298,21351.307453;11346797872774360618,13153.399606;14357413530816103104,20218.640286;4565244254581545118,20745.284999;17922403805449423869,19744.603703;
893652028,2:16063342750254927838,32160.607984;1878784780795466186,33160.607984;17992799504321051179,27857.680202;17007904556890489898,33160.607984;
458155923,2:16063342750254927838,32160.607984;1878784780795466186,33160.607984;17992799504321051179,27857.680202;17007904556890489898,33160.607984;
2120238141,1:8803830272258857201,16896.712192;7519326607332336758,23774.930173;2613343496286709298,21351.307453;11346797872774360618,13153.399606;14357413530816103104,20218.640286;4565244254581545118,20745.284999;17922403805449423869,19744.603703;
4174923133,1:8803830272258857201,16896.712192;7519326607332336758,23774.930173;2613343496286709298,21351.307453;11346797872774360618,13153.399606;14357413530816103104,20218.640286;4565244254581545118,20745.284999;17922403805449423869,19744.603703;
576846556,1:8803830272258857201,16896.712192;7519326607332336758,23774.930173;2613343496286709298,21351.307453;11346797872774360618,13153.399606;14357413530816103104,20218.640286;4565244254581545118,20745.284999;17922403805449423869,19744.603703;
1307309598,1:16063342750254927838,32160.607984;1878784780795466186,33160.607984;17992799504321051179,27857.680202;17007904556890489898,33160.607984;
2143865708,1:16063342750254927838,32160.607984;1878784780795466186,33160.607984;17992799504321051179,27857.680202;17007904556890489898,33160.607984;
4175927191,1:8803830272258857201,16896.712192;7519326607332336758,23774.930173;2613343496286709298,21351.307453;11346797872774360618,13153.399606;14357413530816103104,20218.640286;4565244254581545118,20745.284999;17922403805449423869,19744.603703;
2340122700,1:16063342750254927838,32160.607984;1878784780795466186,33160.607984;17992799504321051179,27857.680202;17007904556890489898,33160.607984;
1277550496,1:
3078192620,1:8803830272258857201,16896.712192;7519326607332336758,23774.930173;2613343496286709298,21351.307453;11346797872774360618,13153.399606;14357413530816103104,20218.640286;4565244254581545118,20745.284999;17922403805449423869,19744.603703;
616161634,1:8803830272258857201,16896.712192;7519326607332336758,23774.930173;2613343496286709298,21351.307453;11346797872774360618,13153.399606;14357413530816103104,20218.640286;4565244254581545118,20745.284999;17922403805449423869,19744.603703;
844146037,1:16063342750254927838,32160.607984;1878784780795466186,33160.607984;17992799504321051179,27857.680202;17007904556890489898,33160.607984;
90065274,1:8803830272258857201,16896.712192;7519326607332336758,23774.930173;2613343496286709298,21351.307453;11346797872774360618,13153.399606;14357413530816103104,20218.640286;4565244254581545118,20745.284999;17922403805449423869,19744.603703;
3749384999,1:16063342750254927838,32160.607984;1878784780795466186,33160.607984;17992799504321051179,27857.680202;17007904556890489898,33160.607984;
3315175697,1:16063342750254927838,32160.607984;1878784780795466186,33160.607984;17992799504321051179,27857.680202;17007904556890489898,33160.607984;
87690165,1:8803830272258857201,16896.712192;7519326607332336758,23774.930173;2613343496286709298,21351.307453;11346797872774360618,13153.399606;14357413530816103104,20218.640286;4565244254581545118,20745.284999;17922403805449423869,19744.603703;
2606203244,1:16063342750254927838,32160.607984;1878784780795466186,33160.607984;17992799504321051179,27857.680202;17007904556890489898,33160.607984;
4177222012,1:8803830272258857201,16896.712192;7519326607332336758,23774.930173;2613343496286709298,21351.307453;11346797872774360618,13153.399606;14357413530816103104,20218.640286;4565244254581545118,20745.284999;17922403805449423869,19744.603703;
3078194798,1:8803830272258857201,16896.712192;7519326607332336758,23774.930173;2613343496286709298,21351.307453;11346797872774360618,13153.399606;14357413530816103104,20218.640286;4565244254581545118,20745.284999;17922403805449423869,19744.603703;
1886828419,1:
3435729824,2:16063342750254927838,32160.607984;1878784780795466186,33160.607984;17992799504321051179,27857.680202;17007904556890489898,33160.607984;
3126743508,1:17494041394590767202,11532.394450;3494242481475770159,12842.779467;17305563064261701131,9532.394450;14338014768147926253,10420.615305;15939826235198410915,12842.779467;12760871325376512253,11532.394450;5040246723666813619,11532.394450;10922864249741762753,9532.394450;12861281202927702431,10420.615305;
1343863373,1:16063342750254927838,32160.607984;1878784780795466186,33160.607984;17992799504321051179,27857.680202;17007904556890489898,33160.607984;
4112650046,1:8803830272258857201,16896.712192;7519326607332336758,23774.930173;2613343496286709298,21351.307453;11346797872774360618,13153.399606;14357413530816103104,20218.640286;4565244254581545118,20745.284999;17922403805449423869,19744.603703;
3042473424,1:8803830272258857201,16896.712192;7519326607332336758,23774.930173;2613343496286709298,21351.307453;11346797872774360618,13153.399606;14357413530816103104,20218.640286;4565244254581545118,20745.284999;17922403805449423869,19744.603703;
3552560227,1:16063342750254927838,32160.607984;1878784780795466186,33160.607984;17992799504321051179,27857.680202;17007904556890489898,33160.607984;
2372290378,1:8803830272258857201,16896.712192;7519326607332336758,23774.930173;2613343496286709298,21351.307453;11346797872774360618,13153.399606;14357413530816103104,20218.640286;4565244254581545118,20745.284999;17922403805449423869,19744.603703;
2966945513,1:16063342750254927838,32160.607984;1878784780795466186,33160.607984;17992799504321051179,27857.680202;17007904556890489898,33160.607984;
914039146,1:16063342750254927838,32160.607984;1878784780795466186,33160.607984;17992799504321051179,27857.680202;17007904556890489898,33160.607984;
2065350990,2:16063342750254927838,32160.607984;1878784780795466186,33160.607984;17992799504321051179,27857.680202;17007904556890489898,33160.607984;
3677564376,1:6716189355219460180,32160.607984;5537727306344400563,29137.204167;16019251870190933755,21762.691200;9299633463980588651,28137.204167;7408222268973213108,31027.605203;16580398418232013335,nan;6595766495993482513,32160.607984;6027998910130031744,26571.880748;7236552221015090074,21378.159333;490637884205152611,20333.392675;
1784015629,1:16063342750254927838,32160.607984;1878784780795466186,33160.607984;17992799504321051179,27857.680202;17007904556890489898,33160.607984;
691880893,1:8803830272258857201,16896.712192;7519326607332336758,23774.930173;2613343496286709298,21351.307453;11346797872774360618,13153.399606;14357413530816103104,20218.640286;4565244254581545118,20745.284999;17922403805449423869,19744.603703;
2005204898,1:8803830272258857201,16896.712192;7519326607332336758,23774.930173;2613343496286709298,21351.307453;11346797872774360618,13153.399606;14357413530816103104,20218.640286;4565244254581545118,20745.284999;17922403805449423869,19744.603703;
1505837045,1:8803830272258857201,16896.712192;7519326607332336758,23774.930173;2613343496286709298,21351.307453;11346797872774360618,13153.399606;14357413530816103104,20218.640286;4565244254581545118,20745.284999;17922403805449423869,19744.603703;
1155470328,1:16063342750254927838,32160.607984;1878784780795466186,33160.607984;17992799504321051179,27857.680202;17007904556890489898,33160.607984;
2410176920,1:16063342750254927838,32160.607984;1878784780795466186,33160.607984;17992799504321051179,27857.680202;17007904556890489898,33160.607984;
2565356898,1:16063342750254927838,32160.607984;1878784780795466186,33160.607984;17992799504321051179,27857.680202;17007904556890489898,33160.607984;
4197434881,1:16063342750254927838,32160.607984;1878784780795466186,33160.607984;17992799504321051179,27857.680202;17007904556890489898,33160.607984;
4276990487,1:16063342750254927838,32160.607984;1878784780795466186,33160.607984;17992799504321051179,27857.680202;17007904556890489898,33160.607984;
2371969127,1:8803830272258857201,16896.712192;7519326607332336758,23774.930173;2613343496286709298,21351.307453;11346797872774360618,13153.399606;14357413530816103104,20218.640286;4565244254581545118,20745.284999;17922403805449423869,19744.603703;
2603502152,1:16063342750254927838,32160.607984;1878784780795466186,33160.607984;17992799504321051179,27857.680202;17007904556890489898,33160.607984;
4127586437,1:16063342750254927838,32160.607984;1878784780795466186,33160.607984;17992799504321051179,27857.680202;17007904556890489898,33160.607984;
1702888481,1:16063342750254927838,32160.607984;1878784780795466186,33160.607984;17992799504321051179,27857.680202;17007904556890489898,33160.607984;
2644809245,1:16063342750254927838,32160.607984;1878784780795466186,33160.607984;17992799504321051179,27857.680202;17007904556890489898,33160.607984;
2759776063,1:16063342750254927838,32160.607984;1878784780795466186,33160.607984;17992799504321051179,27857.680202;17007904556890489898,33160.607984;
2598511067,1:8803830272258857201,16896.712192;7519326607332336758,23774.930173;2613343496286709298,21351.307453;11346797872774360618,13153.399606;14357413530816103104,20218.640286;4565244254581545118,20745.284999;17922403805449423869,19744.603703;
394506308,1:16063342750254927838,32160.607984;1878784780795466186,33160.607984;17992799504321051179,27857.680202;17007904556890489898,33160.607984;
2577444274,1:16063342750254927838,32160.607984;1878784780795466186,33160.607984;17992799504321051179,27857.680202;17007904556890489898,33160.607984;
2451494436,1:8803830272258857201,16896.712192;7519326607332336758,23774.930173;2613343496286709298,21351.307453;11346797872774360618,13153.399606;14357413530816103104,20218.640286;4565244254581545118,20745.284999;17922403805449423869,19744.603703;
2404100071,1:16063342750254927838,32160.607984;1878784780795466186,33160.607984;17992799504321051179,27857.680202;17007904556890489898,33160.607984;
2413484213,1:16063342750254927838,32160.607984;1878784780795466186,33160.607984;17992799504321051179,27857.680202;17007904556890489898,33160.607984;
104192816,1:16063342750254927838,32160.607984;1878784780795466186,33160.607984;17992799504321051179,27857.680202;17007904556890489898,33160.607984;
2373148469,2:6716189355219460180,32160.607984;5537727306344400563,29137.204167;16019251870190933755,21762.691200;9299633463980588651,28137.204167;7408222268973213108,31027.605203;16580398418232013335,nan;6595766495993482513,32160.607984;6027998910130031744,26571.880748;7236552221015090074,21378.159333;490637884205152611,20333.392675;
917807862,1:6716189355219460180,32160.607984;5537727306344400563,29137.204167;16019251870190933755,21762.691200;9299633463980588651,28137.204167;7408222268973213108,31027.605203;16580398418232013335,nan;6595766495993482513,32160.607984;6027998910130031744,26571.880748;7236552221015090074,21378.159333;490637884205152611,20333.392675;
3592918564,1:16063342750254927838,32160.607984;1878784780795466186,33160.607984;17992799504321051179,27857.680202;17007904556890489898,33160.607984;
3270921497,1:16063342750254927838,32160.607984;1878784780795466186,33160.607984;17992799504321051179,27857.680202;17007904556890489898,33160.607984;
3310397162,1:8803830272258857201,16896.712192;7519326607332336758,23774.930173;2613343496286709298,21351.307453;11346797872774360618,13153.399606;14357413530816103104,20218.640286;4565244254581545118,20745.284999;17922403805449423869,19744.603703;
2143729583,1:16063342750254927838,32160.607984;1878784780795466186,33160.607984;17992799504321051179,27857.680202;17007904556890489898,33160.607984;
89167938,1:8803830272258857201,16896.712192;7519326607332336758,23774.930173;2613343496286709298,21351.307453;11346797872774360618,13153.399606;14357413530816103104,20218.640286;4565244254581545118,20745.284999;17922403805449423869,19744.603703;
3417164549,1:8803830272258857201,16896.712192;7519326607332336758,23774.930173;2613343496286709298,21351.307453;11346797872774360618,13153.399606;14357413530816103104,20218.640286;4565244254581545118,20745.284999;17922403805449423869,19744.603703;
1838951522,1:16063342750254927838,32160.607984;1878784780795466186,33160.607984;17992799504321051179,27857.680202;17007904556890489898,33160.607984;
689652799,1:8803830272258857201,16896.712192;7519326607332336758,23774.930173;2613343496286709298,21351.307453;11346797872774360618,13153.399606;14357413530816103104,20218.640286;4565244254581545118,20745.284999;17922403805449423869,19744.603703;
2406488987,1:16063342750254927838,32160.607984;1878784780795466186,33160.607984;17992799504321051179,27857.680202;17007904556890489898,33160.607984;
2297251219,2:16063342750254927838,32160.607984;1878784780795466186,33160.607984;17992799504321051179,27857.680202;17007904556890489898,33160.607984;
611274194,1:8803830272258857201,16896.712192;7519326607332336758,23774.930173;2613343496286709298,21351.307453;11346797872774360618,13153.399606;14357413530816103104,20218.640286;4565244254581545118,20745.284999;17922403805449423869,19744.603703;
3254640142,2:16063342750254927838,32160.607984;1878784780795466186,33160.607984;17992799504321051179,27857.680202;17007904556890489898,33160.607984;
3997748400,1:16063342750254927838,32160.607984;1878784780795466186,33160.607984;17992799504321051179,27857.680202;17007904556890489898,33160.607984;
2412613869,1:8803830272258857201,16896.712192;7519326607332336758,23774.930173;2613343496286709298,21351.307453;11346797872774360618,13153.399606;14357413530816103104,20218.640286;4565244254581545118,20745.284999;17922403805449423869,19744.603703;
3827624203,1:16063342750254927838,32160.607984;1878784780795466186,33160.607984;17992799504321051179,27857.680202;17007904556890489898,33160.607984;
4109199006,1:16063342750254927838,32160.607984;1878784780795466186,33160.607984;17992799504321051179,27857.680202;17007904556890489898,33160.607984;
1353358658,1:8803830272258857201,16896.712192;7519326607332336758,23774.930173;2613343496286709298,21351.307453;11346797872774360618,13153.399606;14357413530816103104,20218.640286;4565244254581545118,20745.284999;17922403805449423869,19744.603703;
3570092092,2:16063342750254927838,32160.607984;1878784780795466186,33160.607984;17992799504321051179,27857.680202;17007904556890489898,33160.607984;
3604525660,1:16063342750254927838,32160.607984;1878784780795466186,33160.607984;17992799504321051179,27857.680202;17007904556890489898,33160.607984;
2564385854,1:3056395092711954527,16022.139241;14613767527857410704,15022.139241;16908664199751662751,16022.139241;13499921417832535110,9714.597781;2649282562643885656,19529.208519;7245432419770367471,27000.000000;1067067348750464490,16022.139241;17360042003900222261,11714.597781;
4226434943,1:16063342750254927838,32160.607984;1878784780795466186,33160.607984;17992799504321051179,27857.680202;17007904556890489898,33160.607984;
3311467649,1:8803830272258857201,16896.712192;7519326607332336758,23774.930173;2613343496286709298,21351.307453;11346797872774360618,13153.399606;14357413530816103104,20218.640286;4565244254581545118,20745.284999;17922403805449423869,19744.603703;
2480163105,1:16063342750254927838,32160.607984;1878784780795466186,33160.607984;17992799504321051179,27857.680202;17007904556890489898,33160.607984;
4177147960,1:8803830272258857201,16896.712192;7519326607332336758,23774.930173;2613343496286709298,21351.307453;11346797872774360618,13153.399606;14357413530816103104,20218.640286;4565244254581545118,20745.284999;17922403805449423869,19744.603703;
698474272,3:16063342750254927838,32160.607984;1878784780795466186,33160.607984;17992799504321051179,27857.680202;17007904556890489898,33160.607984;
2637466779,2:8803830272258857201,16896.712192;7519326607332336758,23774.930173;2613343496286709298,21351.307453;11346797872774360618,13153.399606;14357413530816103104,20218.640286;4565244254581545118,20745.284999;17922403805449423869,19744.603703;
3660474682,1:16063342750254927838,32160.607984;1878784780795466186,33160.607984;17992799504321051179,27857.680202;17007904556890489898,33160.607984;
2865922881,1:6716189355219460180,32160.607984;5537727306344400563,29137.204167;16019251870190933755,21762.691200;9299633463980588651,28137.204167;7408222268973213108,31027.605203;16580398418232013335,nan;6595766495993482513,32160.607984;6027998910130031744,26571.880748;7236552221015090074,21378.159333;490637884205152611,20333.392675;
2449089925,1:6716189355219460180,32160.607984;5537727306344400563,29137.204167;16019251870190933755,21762.691200;9299633463980588651,28137.204167;7408222268973213108,31027.605203;16580398418232013335,nan;6595766495993482513,32160.607984;6027998910130031744,26571.880748;7236552221015090074,21378.159333;490637884205152611,20333.392675;
88879353,1:8803830272258857201,16896.712192;7519326607332336758,23774.930173;2613343496286709298,21351.307453;11346797872774360618,13153.399606;14357413530816103104,20218.640286;4565244254581545118,20745.284999;17922403805449423869,19744.603703;
2412301563,1:
2966789012,1:8803830272258857201,16896.712192;7519326607332336758,23774.930173;2613343496286709298,21351.307453;11346797872774360618,13153.399606;14357413530816103104,20218.640286;4565244254581545118,20745.284999;17922403805449423869,19744.603703;
1359430918,1:16063342750254927838,32160.607984;1878784780795466186,33160.607984;17992799504321051179,27857.680202;17007904556890489898,33160.607984;
3369659965,1:16063342750254927838,32160.607984;1878784780795466186,33160.607984;17992799504321051179,27857.680202;17007904556890489898,33160.607984;
1793765513,1:8803830272258857201,16896.712192;7519326607332336758,23774.930173;2613343496286709298,21351.307453;11346797872774360618,13153.399606;14357413530816103104,20218.640286;4565244254581545118,20745.284999;17922403805449423869,19744.603703;
3767793240,1:8803830272258857201,16896.712192;7519326607332336758,23774.930173;2613343496286709298,21351.307453;11346797872774360618,13153.399606;14357413530816103104,20218.640286;4565244254581545118,20745.284999;17922403805449423869,19744.603703;
2967901967,1:8803830272258857201,16896.712192;7519326607332336758,23774.930173;2613343496286709298,21351.307453;11346797872774360618,13153.399606;14357413530816103104,20218.640286;4565244254581545118,20745.284999;17922403805449423869,19744.603703;
1558949519,1:16063342750254927838,32160.607984;1878784780795466186,33160.607984;17992799504321051179,27857.680202;17007904556890489898,33160.607984;
2090692482,1:8803830272258857201,16896.712192;7519326607332336758,23774.930173;2613343496286709298,21351.307453;11346797872774360618,13153.399606;14357413530816103104,20218.640286;4565244254581545118,20745.284999;17922403805449423869,19744.603703;
2122785312,1:3056395092711954527,16022.139241;14613767527857410704,15022.139241;16908664199751662751,16022.139241;13499921417832535110,9714.597781;2649282562643885656,19529.208519;7245432419770367471,27000.000000;1067067348750464490,16022.139241;17360042003900222261,11714.597781;
540298926,1:16063342750254927838,32160.607984;1878784780795466186,33160.607984;17992799504321051179,27857.680202;17007904556890489898,33160.607984;
2089329054,1:16063342750254927838,32160.607984;1878784780795466186,33160.607984;17992799504321051179,27857.680202;17007904556890489898,33160.607984;
1789541241,1:
3896510923,2:16063342750254927838,32160.607984;1878784780795466186,33160.607984;17992799504321051179,27857.680202;17007904556890489898,33160.607984;
1911365657,1:16063342750254927838,32160.607984;1878784780795466186,33160.607984;17992799504321051179,27857.680202;17007904556890489898,33160.607984;
4234300792,1:16063342750254927838,32160.607984;1878784780795466186,33160.607984;17992799504321051179,27857.680202;17007904556890489898,33160.607984;
2788249509,1:
3857813866,1:16063342750254927838,32160.607984;1878784780795466186,33160.607984;17992799504321051179,27857.680202;17007904556890489898,33160.607984;
2565298943,1:16063342750254927838,32160.607984;1878784780795466186,33160.607984;17992799504321051179,27857.680202;17007904556890489898,33160.607984;
3588247846,1:16063342750254927838,32160.607984;1878784780795466186,33160.607984;17992799504321051179,27857.680202;17007904556890489898,33160.607984;
799188852,1:16063342750254927838,32160.607984;1878784780795466186,33160.607984;17992799504321051179,27857.680202;17007904556890489898,33160.607984;
112500796,1:16063342750254927838,32160.607984;1878784780795466186,33160.607984;17992799504321051179,27857.680202;17007904556890489898,33160.607984;
2343609919,1:8803830272258857201,16896.712192;7519326607332336758,23774.930173;2613343496286709298,21351.307453;11346797872774360618,13153.399606;14357413530816103104,20218.640286;4565244254581545118,20745.284999;17922403805449423869,19744.603703;
3963928502,2:16063342750254927838,32160.607984;1878784780795466186,33160.607984;17992799504321051179,27857.680202;17007904556890489898,33160.607984;
545658724,2:8803830272258857201,16896.712192;7519326607332336758,23774.930173;2613343496286709298,21351.307453;11346797872774360618,13153.399606;14357413530816103104,20218.640286;4565244254581545118,20745.284999;17922403805449423869,19744.603703;
2451527066,1:16063342750254927838,32160.607984;1878784780795466186,33160.607984;17992799504321051179,27857.680202;17007904556890489898,33160.607984;
2436050703,2:16063342750254927838,32160.607984;1878784780795466186,33160.607984;17992799504321051179,27857.680202;17007904556890489898,33160.607984;
2880994532,1:16063342750254927838,32160.607984;1878784780795466186,33160.607984;17992799504321051179,27857.680202;17007904556890489898,33160.607984;
4133290623,3:16063342750254927838,32160.607984;1878784780795466186,33160.607984;17992799504321051179,27857.680202;17007904556890489898,33160.607984;
3630792898,1:16063342750254927838,32160.607984;1878784780795466186,33160.607984;17992799504321051179,27857.680202;17007904556890489898,33160.607984;
4198656739,1:16063342750254927838,32160.607984;1878784780795466186,33160.607984;17992799504321051179,27857.680202;17007904556890489898,33160.607984;
3607073924,1:16063342750254927838,32160.607984;1878784780795466186,33160.607984;17992799504321051179,27857.680202;17007904556890489898,33160.607984;
1831790130,1:16063342750254927838,32160.607984;1878784780795466186,33160.607984;17992799504321051179,27857.680202;17007904556890489898,33160.607984;
3543888817,5:16063342750254927838,32160.607984;1878784780795466186,33160.607984;17992799504321051179,27857.680202;17007904556890489898,33160.607984;
4224019541,1:16063342750254927838,32160.607984;1878784780795466186,33160.607984;17992799504321051179,27857.680202;17007904556890489898,33160.607984;
1875645375,1:6716189355219460180,32160.607984;5537727306344400563,29137.204167;16019251870190933755,21762.691200;9299633463980588651,28137.204167;7408222268973213108,31027.605203;16580398418232013335,nan;6595766495993482513,32160.607984;6027998910130031744,26571.880748;7236552221015090074,21378.159333;490637884205152611,20333.392675;
3260238281,1:16063342750254927838,32160.607984;1878784780795466186,33160.607984;17992799504321051179,27857.680202;17007904556890489898,33160.607984;
2410169071,1:16063342750254927838,32160.607984;1878784780795466186,33160.607984;17992799504321051179,27857.680202;17007904556890489898,33160.607984;
655495674,2:16063342750254927838,32160.607984;1878784780795466186,33160.607984;17992799504321051179,27857.680202;17007904556890489898,33160.607984;
3634676990,2:16063342750254927838,32160.607984;1878784780795466186,33160.607984;17992799504321051179,27857.680202;17007904556890489898,33160.607984;
2762168555,3:16063342750254927838,32160.607984;1878784780795466186,33160.607984;17992799504321051179,27857.680202;17007904556890489898,33160.607984;
2474506549,1:16063342750254927838,32160.607984;1878784780795466186,33160.607984;17992799504321051179,27857.680202;17007904556890489898,33160.607984;
1198166748,1:16063342750254927838,32160.607984;1878784780795466186,33160.607984;17992799504321051179,27857.680202;17007904556890489898,33160.607984;
1762905564,1:16063342750254927838,32160.607984;1878784780795466186,33160.607984;17992799504321051179,27857.680202;17007904556890489898,33160.607984;
696030555,3:16063342750254927838,32160.607984;1878784780795466186,33160.607984;17992799504321051179,27857.680202;17007904556890489898,33160.607984;
1972070980,1:16063342750254927838,32160.607984;1878784780795466186,33160.607984;17992799504321051179,27857.680202;17007904556890489898,33160.607984;
542776395,2:16063342750254927838,32160.607984;1878784780795466186,33160.607984;17992799504321051179,27857.680202;17007904556890489898,33160.607984;
248970041,7:16063342750254927838,32160.607984;1878784780795466186,33160.607984;17992799504321051179,27857.680202;17007904556890489898,33160.607984;
2103496511,1:16063342750254927838,32160.607984;1878784780795466186,33160.607984;17992799504321051179,27857.680202;17007904556890489898,33160.607984;
3996598416,1:16063342750254927838,32160.607984;1878784780795466186,33160.607984;17992799504321051179,27857.680202;17007904556890489898,33160.607984;
34190599,1:16063342750254927838,32160.607984;1878784780795466186,33160.607984;17992799504321051179,27857.680202;17007904556890489898,33160.607984;
2252303502,1:16063342750254927838,32160.607984;1878784780795466186,33160.607984;17992799504321051179,27857.680202;17007904556890489898,33160.607984;
3274375296,1:16063342750254927838,32160.607984;1878784780795466186,33160.607984;17992799504321051179,27857.680202;17007904556890489898,33160.607984;
2745557442,1:16063342750254927838,32160.607984;1878784780795466186,33160.607984;17992799504321051179,27857.680202;17007904556890489898,33160.607984;
2717116673,1:16063342750254927838,32160.607984;1878784780795466186,33160.607984;17992799504321051179,27857.680202;17007904556890489898,33160.607984;
2480166375,1:16063342750254927838,32160.607984;1878784780795466186,33160.607984;17992799504321051179,27857.680202;17007904556890489898,33160.607984;
2632031437,2:16063342750254927838,32160.607984;1878784780795466186,33160.607984;17992799504321051179,27857.680202;17007904556890489898,33160.607984;
146926269,1:16063342750254927838,32160.607984;1878784780795466186,33160.607984;17992799504321051179,27857.680202;17007904556890489898,33160.607984;
2519297409,1:16063342750254927838,32160.607984;1878784780795466186,33160.607984;17992799504321051179,27857.680202;17007904556890489898,33160.607984;
655332964,1:8803830272258857201,16896.712192;7519326607332336758,23774.930173;2613343496286709298,21351.307453;11346797872774360618,13153.399606;14357413530816103104,20218.640286;4565244254581545118,20745.284999;17922403805449423869,19744.603703;
2375710928,1:8803830272258857201,16896.712192;7519326607332336758,23774.930173;2613343496286709298,21351.307453;11346797872774360618,13153.399606;14357413530816103104,20218.640286;4565244254581545118,20745.284999;17922403805449423869,19744.603703;
3380116490,1:16063342750254927838,32160.607984;1878784780795466186,33160.607984;17992799504321051179,27857.680202;17007904556890489898,33160.607984;
572310080,1:16063342750254927838,32160.607984;1878784780795466186,33160.607984;17992799504321051179,27857.680202;17007904556890489898,33160.607984;
887794263,1:16063342750254927838,32160.607984;1878784780795466186,33160.607984;17992799504321051179,27857.680202;17007904556890489898,33160.607984;
2024135867,1:16063342750254927838,32160.607984;1878784780795466186,33160.607984;17992799504321051179,27857.680202;17007904556890489898,33160.607984;
69703065,1:16063342750254927838,32160.607984;1878784780795466186,33160.607984;17992799504321051179,27857.680202;17007904556890489898,33160.607984;
2850597173,2:16063342750254927838,32160.607984;1878784780795466186,33160.607984;17992799504321051179,27857.680202;17007904556890489898,33160.607984;
888656747,1:16063342750254927838,32160.607984;1878784780795466186,33160.607984;17992799504321051179,27857.680202;17007904556890489898,33160.607984;
2380375073,1:16063342750254927838,32160.607984;1878784780795466186,33160.607984;17992799504321051179,27857.680202;17007904556890489898,33160.607984;
1847691937,1:16063342750254927838,32160.607984;1878784780795466186,33160.607984;17992799504321051179,27857.680202;17007904556890489898,33160.607984;
2956934244,1:16063342750254927838,32160.607984;1878784780795466186,33160.607984;17992799504321051179,27857.680202;17007904556890489898,33160.607984;
746626009,1:16063342750254927838,32160.607984;1878784780795466186,33160.607984;17992799504321051179,27857.680202;17007904556890489898,33160.607984;
4110285827,1:16063342750254927838,32160.607984;1878784780795466186,33160.607984;17992799504321051179,27857.680202;17007904556890489898,33160.607984;
3591947179,1:16063342750254927838,32160.607984;1878784780795466186,33160.607984;17992799504321051179,27857.680202;17007904556890489898,33160.607984;
69600702,1:16063342750254927838,32160.607984;1878784780795466186,33160.607984;17992799504321051179,27857.680202;17007904556890489898,33160.607984;
3391886616,1:16063342750254927838,32160.607984;1878784780795466186,33160.607984;17992799504321051179,27857.680202;17007904556890489898,33160.607984;
3607073924,2:16063342750254927838,32160.607984;1878784780795466186,33160.607984;17992799504321051179,27857.680202;17007904556890489898,33160.607984;
794302510,1:16063342750254927838,32160.607984;1878784780795466186,33160.607984;17992799504321051179,27857.680202;17007904556890489898,33160.607984;
2412582525,1:16063342750254927838,32160.607984;1878784780795466186,33160.607984;17992799504321051179,27857.680202;17007904556890489898,33160.607984;
3586988962,1:16063342750254927838,32160.607984;1878784780795466186,33160.607984;17992799504321051179,27857.680202;17007904556890489898,33160.607984;
3660402808,1:16063342750254927838,32160.607984;1878784780795466186,33160.607984;17992799504321051179,27857.680202;17007904556890489898,33160.607984;
3587091328,1:16063342750254927838,32160.607984;1878784780795466186,33160.607984;17992799504321051179,27857.680202;17007904556890489898,33160.607984;
2102125463,1:16063342750254927838,32160.607984;1878784780795466186,33160.607984;17992799504321051179,27857.680202;17007904556890489898,33160.607984;
2452581492,1:
3494869861,1:16063342750254927838,32160.607984;1878784780795466186,33160.607984;17992799504321051179,27857.680202;17007904556890489898,33160.607984;
2745520416,1:16063342750254927838,32160.607984;1878784780795466186,33160.607984;17992799504321051179,27857.680202;17007904556890489898,33160.607984;
1239540747,4:16063342750254927838,32160.607984;1878784780795466186,33160.607984;17992799504321051179,27857.680202;17007904556890489898,33160.607984;
4250887137,1:16063342750254927838,32160.607984;1878784780795466186,33160.607984;17992799504321051179,27857.680202;17007904556890489898,33160.607984;
3348920882,2:16063342750254927838,32160.607984;1878784780795466186,33160.607984;17992799504321051179,27857.680202;17007904556890489898,33160.607984;
650239249,2:16063342750254927838,32160.607984;1878784780795466186,33160.607984;17992799504321051179,27857.680202;17007904556890489898,33160.607984;
1840138539,6:16063342750254927838,32160.607984;1878784780795466186,33160.607984;17992799504321051179,27857.680202;17007904556890489898,33160.607984;
1765208798,1:16063342750254927838,32160.607984;1878784780795466186,33160.607984;17992799504321051179,27857.680202;17007904556890489898,33160.607984;
1116196632,1:16063342750254927838,32160.607984;1878784780795466186,33160.607984;17992799504321051179,27857.680202;17007904556890489898,33160.607984;
2508587847,2:16063342750254927838,32160.607984;1878784780795466186,33160.607984;17992799504321051179,27857.680202;17007904556890489898,33160.607984;
65029081,2:16063342750254927838,32160.607984;1878784780795466186,33160.607984;17992799504321051179,27857.680202;17007904556890489898,33160.607984;
1456891473,1:16063342750254927838,32160.607984;1878784780795466186,33160.607984;17992799504321051179,27857.680202;17007904556890489898,33160.607984;
1756837651,2:16063342750254927838,32160.607984;1878784780795466186,33160.607984;17992799504321051179,27857.680202;17007904556890489898,33160.607984;
4223019843,1:16063342750254927838,32160.607984;1878784780795466186,33160.607984;17992799504321051179,27857.680202;17007904556890489898,33160.607984;
3493723969,1:16063342750254927838,32160.607984;1878784780795466186,33160.607984;17992799504321051179,27857.680202;17007904556890489898,33160.607984;
2494005689,1:6716189355219460180,32160.607984;5537727306344400563,29137.204167;16019251870190933755,21762.691200;9299633463980588651,28137.204167;7408222268973213108,31027.605203;16580398418232013335,nan;6595766495993482513,32160.607984;6027998910130031744,26571.880748;7236552221015090074,21378.159333;490637884205152611,20333.392675;
3040347693,1:17494041394590767202,11532.394450;3494242481475770159,12842.779467;17305563064261701131,9532.394450;14338014768147926253,10420.615305;15939826235198410915,12842.779467;12760871325376512253,11532.394450;5040246723666813619,11532.394450;10922864249741762753,9532.394450;12861281202927702431,10420.615305;
1178502787,1:16063342750254927838,32160.607984;1878784780795466186,33160.607984;17992799504321051179,27857.680202;17007904556890489898,33160.607984;
2065492556,1:16063342750254927838,32160.607984;1878784780795466186,33160.607984;17992799504321051179,27857.680202;17007904556890489898,33160.607984;
1505875156,1:16063342750254927838,32160.607984;1878784780795466186,33160.607984;17992799504321051179,27857.680202;17007904556890489898,33160.607984;
2373338001,1:8803830272258857201,16896.712192;7519326607332336758,23774.930173;2613343496286709298,21351.307453;11346797872774360618,13153.399606;14357413530816103104,20218.640286;4565244254581545118,20745.284999;17922403805449423869,19744.603703;
994988213,1:16063342750254927838,32160.607984;1878784780795466186,33160.607984;17992799504321051179,27857.680202;17007904556890489898,33160.607984;
883913071,1:16063342750254927838,32160.607984;1878784780795466186,33160.607984;17992799504321051179,27857.680202;17007904556890489898,33160.607984;
251645554,2:16063342750254927838,32160.607984;1878784780795466186,33160.607984;17992799504321051179,27857.680202;17007904556890489898,33160.607984;
3212018829,2:16063342750254927838,32160.607984;1878784780795466186,33160.607984;17992799504321051179,27857.680202;17007904556890489898,33160.607984;
2011235780,1:16063342750254927838,32160.607984;1878784780795466186,33160.607984;17992799504321051179,27857.680202;17007904556890489898,33160.607984;
3552492710,1:16063342750254927838,32160.607984;1878784780795466186,33160.607984;17992799504321051179,27857.680202;17007904556890489898,33160.607984;
2368626981,2:
2374399723,1:16063342750254927838,32160.607984;1878784780795466186,33160.607984;17992799504321051179,27857.680202;17007904556890489898,33160.607984;
2882180453,1:16063342750254927838,32160.607984;1878784780795466186,33160.607984;17992799504321051179,27857.680202;17007904556890489898,33160.607984;
27315987,1:
1992044192,1:16063342750254927838,32160.607984;1878784780795466186,33160.607984;17992799504321051179,27857.680202;17007904556890489898,33160.607984;
1313092186,1:16063342750254927838,32160.607984;1878784780795466186,33160.607984;17992799504321051179,27857.680202;17007904556890489898,33160.607984;
1831792308,1:16063342750254927838,32160.607984;1878784780795466186,33160.607984;17992799504321051179,27857.680202;17007904556890489898,33160.607984;
2412362313,1:16063342750254927838,32160.607984;1878784780795466186,33160.607984;17992799504321051179,27857.680202;17007904556890489898,33160.607984;
2064268525,1:16063342750254927838,32160.607984;1878784780795466186,33160.607984;17992799504321051179,27857.680202;17007904556890489898,33160.607984;
3549182146,1:16063342750254927838,32160.607984;1878784780795466186,33160.607984;17992799504321051179,27857.680202;17007904556890489898,33160.607984;
4234238719,1:16063342750254927838,32160.607984;1878784780795466186,33160.607984;17992799504321051179,27857.680202;17007904556890489898,33160.607984;
2460792278,1:16063342750254927838,32160.607984;1878784780795466186,33160.607984;17992799504321051179,27857.680202;17007904556890489898,33160.607984;
3158941973,2:16063342750254927838,32160.607984;1878784780795466186,33160.607984;17992799504321051179,27857.680202;17007904556890489898,33160.607984;
1557619853,1:16063342750254927838,32160.607984;1878784780795466186,33160.607984;17992799504321051179,27857.680202;17007904556890489898,33160.607984;
1704148450,1:16063342750254927838,32160.607984;1878784780795466186,33160.607984;17992799504321051179,27857.680202;17007904556890489898,33160.607984;
2567761754,1:17494041394590767202,11532.394450;3494242481475770159,12842.779467;17305563064261701131,9532.394450;14338014768147926253,10420.615305;15939826235198410915,12842.779467;12760871325376512253,11532.394450;5040246723666813619,11532.394450;10922864249741762753,9532.394450;12861281202927702431,10420.615305;
838171571,3:16063342750254927838,32160.607984;1878784780795466186,33160.607984;17992799504321051179,27857.680202;17007904556890489898,33160.607984;
1994846619,1:6716189355219460180,32160.607984;5537727306344400563,29137.204167;16019251870190933755,21762.691200;9299633463980588651,28137.204167;7408222268973213108,31027.605203;16580398418232013335,nan;6595766495993482513,32160.607984;6027998910130031744,26571.880748;7236552221015090074,21378.159333;490637884205152611,20333.392675;
1764234146,2:16063342750254927838,32160.607984;1878784780795466186,33160.607984;17992799504321051179,27857.680202;17007904556890489898,33160.607984;
2003012736,1:16063342750254927838,32160.607984;1878784780795466186,33160.607984;17992799504321051179,27857.680202;17007904556890489898,33160.607984;
2598490810,1:16063342750254927838,32160.607984;1878784780795466186,33160.607984;17992799504321051179,27857.680202;17007904556890489898,33160.607984;
2160623711,1:16063342750254927838,32160.607984;1878784780795466186,33160.607984;17992799504321051179,27857.680202;17007904556890489898,33160.607984;
2083619431,1:6716189355219460180,32160.607984;5537727306344400563,29137.204167;16019251870190933755,21762.691200;9299633463980588651,28137.204167;7408222268973213108,31027.605203;16580398418232013335,nan;6595766495993482513,32160.607984;6027998910130031744,26571.880748;7236552221015090074,21378.159333;490637884205152611,20333.392675;
2608575086,1:16063342750254927838,32160.607984;1878784780795466186,33160.607984;17992799504321051179,27857.680202;17007904556890489898,33160.607984;
566209204,1:8803830272258857201,16896.712192;7519326607332336758,23774.930173;2613343496286709298,21351.307453;11346797872774360618,13153.399606;14357413530816103104,20218.640286;4565244254581545118,20745.284999;17922403805449423869,19744.603703;
2971913530,1:16063342750254927838,32160.607984;1878784780795466186,33160.607984;17992799504321051179,27857.680202;17007904556890489898,33160.607984;
2718414756,2:16063342750254927838,32160.607984;1878784780795466186,33160.607984;17992799504321051179,27857.680202;17007904556890489898,33160.607984;
3063886577,1:16063342750254927838,32160.607984;1878784780795466186,33160.607984;17992799504321051179,27857.680202;17007904556890489898,33160.607984;
3078048873,1:16063342750254927838,32160.607984;1878784780795466186,33160.607984;17992799504321051179,27857.680202;17007904556890489898,33160.607984;
1685825064,5:16063342750254927838,32160.607984;1878784780795466186,33160.607984;17992799504321051179,27857.680202;17007904556890489898,33160.607984;
3226863826,1:16063342750254927838,32160.607984;1878784780795466186,33160.607984;17992799504321051179,27857.680202;17007904556890489898,33160.607984;
2803683457,1:16063342750254927838,32160.607984;1878784780795466186,33160.607984;17992799504321051179,27857.680202;17007904556890489898,33160.607984;
404518257,1:16063342750254927838,32160.607984;1878784780795466186,33160.607984;17992799504321051179,27857.680202;17007904556890489898,33160.607984;
73254122,1:16063342750254927838,32160.607984;1878784780795466186,33160.607984;17992799504321051179,27857.680202;17007904556890489898,33160.607984;
652781464,1:8803830272258857201,16896.712192;7519326607332336758,23774.930173;2613343496286709298,21351.307453;11346797872774360618,13153.399606;14357413530816103104,20218.640286;4565244254581545118,20745.284999;17922403805449423869,19744.603703;
66072345,1:16063342750254927838,32160.607984;1878784780795466186,33160.607984;17992799504321051179,27857.680202;17007904556890489898,33160.607984;
4262572869,2:16063342750254927838,32160.607984;1878784780795466186,33160.607984;17992799504321051179,27857.680202;17007904556890489898,33160.607984;
998320600,2:16063342750254927838,32160.607984;1878784780795466186,33160.607984;17992799504321051179,27857.680202;17007904556890489898,33160.607984;
4198656739,2:16063342750254927838,32160.607984;1878784780795466186,33160.607984;17992799504321051179,27857.680202;17007904556890489898,33160.607984;
2198999415,1:16063342750254927838,32160.607984;1878784780795466186,33160.607984;17992799504321051179,27857.680202;17007904556890489898,33160.607984;
4002562869,1:16063342750254927838,32160.607984;1878784780795466186,33160.607984;17992799504321051179,27857.680202;17007904556890489898,33160.607984;
1794813263,1:
1968467484,1:17494041394590767202,11532.394450;3494242481475770159,12842.779467;17305563064261701131,9532.394450;14338014768147926253,10420.615305;15939826235198410915,12842.779467;12760871325376512253,11532.394450;5040246723666813619,11532.394450;10922864249741762753,9532.394450;12861281202927702431,10420.615305;
2103529177,1:16063342750254927838,32160.607984;1878784780795466186,33160.607984;17992799504321051179,27857.680202;17007904556890489898,33160.607984;
834764299,1:6716189355219460180,32160.607984;5537727306344400563,29137.204167;16019251870190933755,21762.691200;9299633463980588651,28137.204167;7408222268973213108,31027.605203;16580398418232013335,nan;6595766495993482513,32160.607984;6027998910130031744,26571.880748;7236552221015090074,21378.159333;490637884205152611,20333.392675;
3856158183,1:16063342750254927838,32160.607984;1878784780795466186,33160.607984;17992799504321051179,27857.680202;17007904556890489898,33160.607984;
3591802342,1:16063342750254927838,32160.607984;1878784780795466186,33160.607984;17992799504321051179,27857.680202;17007904556890489898,33160.607984;
2404132738,1:8803830272258857201,16896.712192;7519326607332336758,23774.930173;2613343496286709298,21351.307453;11346797872774360618,13153.399606;14357413530816103104,20218.640286;4565244254581545118,20745.284999;17922403805449423869,19744.603703;
4194772526,2:16063342750254927838,32160.607984;1878784780795466186,33160.607984;17992799504321051179,27857.680202;17007904556890489898,33160.607984;
838171571,2:16063342750254927838,32160.607984;1878784780795466186,33160.607984;17992799504321051179,27857.680202;17007904556890489898,33160.607984;
2126271203,1:16063342750254927838,32160.607984;1878784780795466186,33160.607984;17992799504321051179,27857.680202;17007904556890489898,33160.607984;
3165921376,1:16063342750254927838,32160.607984;1878784780795466186,33160.607984;17992799504321051179,27857.680202;17007904556890489898,33160.607984;
112422388,1:16063342750254927838,32160.607984;1878784780795466186,33160.607984;17992799504321051179,27857.680202;17007904556890489898,33160.607984;
41288614,1:16063342750254927838,32160.607984;1878784780795466186,33160.607984;17992799504321051179,27857.680202;17007904556890489898,33160.607984;
3554998768,2:16063342750254927838,32160.607984;1878784780795466186,33160.607984;17992799504321051179,27857.680202;17007904556890489898,33160.607984;
3368725630,1:16063342750254927838,32160.607984;1878784780795466186,33160.607984;17992799504321051179,27857.680202;17007904556890489898,33160.607984;
2953557255,1:16063342750254927838,32160.607984;1878784780795466186,33160.607984;17992799504321051179,27857.680202;17007904556890489898,33160.607984;
1793515045,1:16063342750254927838,32160.607984;1878784780795466186,33160.607984;17992799504321051179,27857.680202;17007904556890489898,33160.607984;
2375487634,1:16063342750254927838,32160.607984;1878784780795466186,33160.607984;17992799504321051179,27857.680202;17007904556890489898,33160.607984;
3853107675,2:16063342750254927838,32160.607984;1878784780795466186,33160.607984;17992799504321051179,27857.680202;17007904556890489898,33160.607984;
1796210316,1:16063342750254927838,32160.607984;1878784780795466186,33160.607984;17992799504321051179,27857.680202;17007904556890489898,33160.607984;
2410139665,1:16063342750254927838,32160.607984;1878784780795466186,33160.607984;17992799504321051179,27857.680202;17007904556890489898,33160.607984;
3606959579,1:16063342750254927838,32160.607984;1878784780795466186,33160.607984;17992799504321051179,27857.680202;17007904556890489898,33160.607984;
883454581,1:16063342750254927838,32160.607984;1878784780795466186,33160.607984;17992799504321051179,27857.680202;17007904556890489898,33160.607984;
1007823652,2:16063342750254927838,32160.607984;1878784780795466186,33160.607984;17992799504321051179,27857.680202;17007904556890489898,33160.607984;
1167271464,2:16063342750254927838,32160.607984;1878784780795466186,33160.607984;17992799504321051179,27857.680202;17007904556890489898,33160.607984;
66041853,1:16063342750254927838,32160.607984;1878784780795466186,33160.607984;17992799504321051179,27857.680202;17007904556890489898,33160.607984;
2559426202,1:16063342750254927838,32160.607984;1878784780795466186,33160.607984;17992799504321051179,27857.680202;17007904556890489898,33160.607984;
1198062207,1:16063342750254927838,32160.607984;1878784780795466186,33160.607984;17992799504321051179,27857.680202;17007904556890489898,33160.607984;
922006283,1:16063342750254927838,32160.607984;1878784780795466186,33160.607984;17992799504321051179,27857.680202;17007904556890489898,33160.607984;
4134517923,1:16063342750254927838,32160.607984;1878784780795466186,33160.607984;17992799504321051179,27857.680202;17007904556890489898,33160.607984;
3631043365,1:16063342750254927838,32160.607984;1878784780795466186,33160.607984;17992799504321051179,27857.680202;17007904556890489898,33160.607984;
2608646960,1:16063342750254927838,32160.607984;1878784780795466186,33160.607984;17992799504321051179,27857.680202;17007904556890489898,33160.607984;
891100471,1:16063342750254927838,32160.607984;1878784780795466186,33160.607984;17992799504321051179,27857.680202;17007904556890489898,33160.607984;
844183063,1:16063342750254927838,32160.607984;1878784780795466186,33160.607984;17992799504321051179,27857.680202;17007904556890489898,33160.607984;
2565548324,1:16063342750254927838,32160.607984;1878784780795466186,33160.607984;17992799504321051179,27857.680202;17007904556890489898,33160.607984;
3227008663,1:16063342750254927838,32160.607984;1878784780795466186,33160.607984;17992799504321051179,27857.680202;17007904556890489898,33160.607984;
3586020841,1:16063342750254927838,32160.607984;1878784780795466186,33160.607984;17992799504321051179,27857.680202;17007904556890489898,33160.607984;
2234497476,1:16063342750254927838,32160.607984;1878784780795466186,33160.607984;17992799504321051179,27857.680202;17007904556890489898,33160.607984;
994979501,1:16063342750254927838,32160.607984;1878784780795466186,33160.607984;17992799504321051179,27857.680202;17007904556890489898,33160.607984;
2182468416,1:16063342750254927838,32160.607984;1878784780795466186,33160.607984;17992799504321051179,27857.680202;17007904556890489898,33160.607984;
2609545385,1:16063342750254927838,32160.607984;1878784780795466186,33160.607984;17992799504321051179,27857.680202;17007904556890489898,33160.607984;
69668217,1:16063342750254927838,32160.607984;1878784780795466186,33160.607984;17992799504321051179,27857.680202;17007904556890489898,33160.607984;
3997753841,1:16063342750254927838,32160.607984;1878784780795466186,33160.607984;17992799504321051179,27857.680202;17007904556890489898,33160.607984;
3627163145,2:16063342750254927838,32160.607984;1878784780795466186,33160.607984;17992799504321051179,27857.680202;17007904556890489898,33160.607984;
2412524226,1:16063342750254927838,32160.607984;1878784780795466186,33160.607984;17992799504321051179,27857.680202;17007904556890489898,33160.607984;
66073430,1:16063342750254927838,32160.607984;1878784780795466186,33160.607984;17992799504321051179,27857.680202;17007904556890489898,33160.607984;
1713722861,1:16063342750254927838,32160.607984;1878784780795466186,33160.607984;17992799504321051179,27857.680202;17007904556890489898,33160.607984;
1987247109,1:16063342750254927838,32160.607984;1878784780795466186,33160.607984;17992799504321051179,27857.680202;17007904556890489898,33160.607984;
2608323527,1:16063342750254927838,32160.607984;1878784780795466186,33160.607984;17992799504321051179,27857.680202;17007904556890489898,33160.607984;
1160520121,1:
2745557442,2:16063342750254927838,32160.607984;1878784780795466186,33160.607984;17992799504321051179,27857.680202;17007904556890489898,33160.607984;
1361913845,1:16063342750254927838,32160.607984;1878784780795466186,33160.607984;17992799504321051179,27857.680202;17007904556890489898,33160.607984;
422398602,1:16063342750254927838,32160.607984;1878784780795466186,33160.607984;17992799504321051179,27857.680202;17007904556890489898,33160.607984;
3703355147,1:16063342750254927838,32160.607984;1878784780795466186,33160.607984;17992799504321051179,27857.680202;17007904556890489898,33160.607984;
2608503212,1:16063342750254927838,32160.607984;1878784780795466186,33160.607984;17992799504321051179,27857.680202;17007904556890489898,33160.607984;
2040917564,1:16063342750254927838,32160.607984;1878784780795466186,33160.607984;17992799504321051179,27857.680202;17007904556890489898,33160.607984;
684873170,1:8803830272258857201,16896.712192;7519326607332336758,23774.930173;2613343496286709298,21351.307453;11346797872774360618,13153.399606;14357413530816103104,20218.640286;4565244254581545118,20745.284999;17922403805449423869,19744.603703;
3315135408,1:16063342750254927838,32160.607984;1878784780795466186,33160.607984;17992799504321051179,27857.680202;17007904556890489898,33160.607984;
998357626,1:16063342750254927838,32160.607984;1878784780795466186,33160.607984;17992799504321051179,27857.680202;17007904556890489898,33160.607984;
2702056328,2:17494041394590767202,11532.394450;3494242481475770159,12842.779467;17305563064261701131,9532.394450;14338014768147926253,10420.615305;15939826235198410915,12842.779467;12760871325376512253,11532.394450;5040246723666813619,11532.394450;10922864249741762753,9532.394450;12861281202927702431,10420.615305;
2256979671,1:16063342750254927838,32160.607984;1878784780795466186,33160.607984;17992799504321051179,27857.680202;17007904556890489898,33160.607984;
1757124061,1:16063342750254927838,32160.607984;1878784780795466186,33160.607984;17992799504321051179,27857.680202;17007904556890489898,33160.607984;
2971910264,1:16063342750254927838,32160.607984;1878784780795466186,33160.607984;17992799504321051179,27857.680202;17007904556890489898,33160.607984;
3183133939,1:16063342750254927838,32160.607984;1878784780795466186,33160.607984;17992799504321051179,27857.680202;17007904556890489898,33160.607984;
3752847565,1:
2380369628,1:16063342750254927838,32160.607984;1878784780795466186,33160.607984;17992799504321051179,27857.680202;17007904556890489898,33160.607984;
1643126453,1:16063342750254927838,32160.607984;1878784780795466186,33160.607984;17992799504321051179,27857.680202;17007904556890489898,33160.607984;
2368730440,1:16063342750254927838,32160.607984;1878784780795466186,33160.607984;17992799504321051179,27857.680202;17007904556890489898,33160.607984;
1560063569,1:16063342750254927838,32160.607984;1878784780795466186,33160.607984;17992799504321051179,27857.680202;17007904556890489898,33160.607984;
3623926753,1:16063342750254927838,32160.607984;1878784780795466186,33160.607984;17992799504321051179,27857.680202;17007904556890489898,33160.607984;
572314436,1:16063342750254927838,32160.607984;1878784780795466186,33160.607984;17992799504321051179,27857.680202;17007904556890489898,33160.607984;
2122566426,1:16063342750254927838,32160.607984;1878784780795466186,33160.607984;17992799504321051179,27857.680202;17007904556890489898,33160.607984;
2608129317,1:16063342750254927838,32160.607984;1878784780795466186,33160.607984;17992799504321051179,27857.680202;17007904556890489898,33160.607984;
4171185689,1:6716189355219460180,32160.607984;5537727306344400563,29137.204167;16019251870190933755,21762.691200;9299633463980588651,28137.204167;7408222268973213108,31027.605203;16580398418232013335,nan;6595766495993482513,32160.607984;6027998910130031744,26571.880748;7236552221015090074,21378.159333;490637884205152611,20333.392675;
3998794925,1:16063342750254927838,32160.607984;1878784780795466186,33160.607984;17992799504321051179,27857.680202;17007904556890489898,33160.607984;
994014640,1:16063342750254927838,32160.607984;1878784780795466186,33160.607984;17992799504321051179,27857.680202;17007904556890489898,33160.607984;
1113825877,1:16063342750254927838,32160.607984;1878784780795466186,33160.607984;17992799504321051179,27857.680202;17007904556890489898,33160.607984;
3066114643,1:16063342750254927838,32160.607984;1878784780795466186,33160.607984;17992799504321051179,27857.680202;17007904556890489898,33160.607984;
925743771,2:16063342750254927838,32160.607984;1878784780795466186,33160.607984;17992799504321051179,27857.680202;17007904556890489898,33160.607984;
2137658147,2:16063342750254927838,32160.607984;1878784780795466186,33160.607984;17992799504321051179,27857.680202;17007904556890489898,33160.607984;
4174699892,2:6716189355219460180,32160.607984;5537727306344400563,29137.204167;16019251870190933755,21762.691200;9299633463980588651,28137.204167;7408222268973213108,31027.605203;16580398418232013335,nan;6595766495993482513,32160.607984;6027998910130031744,26571.880748;7236552221015090074,21378.159333;490637884205152611,20333.392675;
922772132,1:8803830272258857201,16896.712192;7519326607332336758,23774.930173;2613343496286709298,21351.307453;11346797872774360618,13153.399606;14357413530816103104,20218.640286;4565244254581545118,20745.284999;17922403805449423869,19744.603703;
3551300256,1:16063342750254927838,32160.607984;1878784780795466186,33160.607984;17992799504321051179,27857.680202;17007904556890489898,33160.607984;
2683907611,2:16063342750254927838,32160.607984;1878784780795466186,33160.607984;17992799504321051179,27857.680202;17007904556890489898,33160.607984;
3827659051,1:16063342750254927838,32160.607984;1878784780795466186,33160.607984;17992799504321051179,27857.680202;17007904556890489898,33160.607984;
709718705,2:16063342750254927838,32160.607984;1878784780795466186,33160.607984;17992799504321051179,27857.680202;17007904556890489898,33160.607984;
68482296,1:16063342750254927838,32160.607984;1878784780795466186,33160.607984;17992799504321051179,27857.680202;17007904556890489898,33160.607984;
2194386336,1:8803830272258857201,16896.712192;7519326607332336758,23774.930173;2613343496286709298,21351.307453;11346797872774360618,13153.399606;14357413530816103104,20218.640286;4565244254581545118,20745.284999;17922403805449423869,19744.603703;
3492825544,1:16063342750254927838,32160.607984;1878784780795466186,33160.607984;17992799504321051179,27857.680202;17007904556890489898,33160.607984;
4132290921,3:16063342750254927838,32160.607984;1878784780795466186,33160.607984;17992799504321051179,27857.680202;17007904556890489898,33160.607984;
393607883,1:16063342750254927838,32160.607984;1878784780795466186,33160.607984;17992799504321051179,27857.680202;17007904556890489898,33160.607984;
3622599142,2:16063342750254927838,32160.607984;1878784780795466186,33160.607984;17992799504321051179,27857.680202;17007904556890489898,33160.607984;
3234369792,2:16063342750254927838,32160.607984;1878784780795466186,33160.607984;17992799504321051179,27857.680202;17007904556890489898,33160.607984;
1352352422,1:
1765209886,3:16063342750254927838,32160.607984;1878784780795466186,33160.607984;17992799504321051179,27857.680202;17007904556890489898,33160.607984;
2342567746,1:3056395092711954527,16022.139241;14613767527857410704,15022.139241;16908664199751662751,16022.139241;13499921417832535110,9714.597781;2649282562643885656,19529.208519;7245432419770367471,27000.000000;1067067348750464490,16022.139241;17360042003900222261,11714.597781;
1046235684,1:17494041394590767202,11532.394450;3494242481475770159,12842.779467;17305563064261701131,9532.394450;14338014768147926253,10420.615305;15939826235198410915,12842.779467;12760871325376512253,11532.394450;5040246723666813619,11532.394450;10922864249741762753,9532.394450;12861281202927702431,10420.615305;
1080656025,1:16063342750254927838,32160.607984;1878784780795466186,33160.607984;17992799504321051179,27857.680202;17007904556890489898,33160.607984;
1704146272,1:16063342750254927838,32160.607984;1878784780795466186,33160.607984;17992799504321051179,27857.680202;17007904556890489898,33160.607984;
814157560,2:16063342750254927838,32160.607984;1878784780795466186,33160.607984;17992799504321051179,27857.680202;17007904556890489898,33160.607984;
2820661619,1:16063342750254927838,32160.607984;1878784780795466186,33160.607984;17992799504321051179,27857.680202;17007904556890489898,33160.607984;
4210457988,1:16063342750254927838,32160.607984;1878784780795466186,33160.607984;17992799504321051179,27857.680202;17007904556890489898,33160.607984;
2335217784,1:16063342750254927838,32160.607984;1878784780795466186,33160.607984;17992799504321051179,27857.680202;17007904556890489898,33160.607984;
3880949969,2:16063342750254927838,32160.607984;1878784780795466186,33160.607984;17992799504321051179,27857.680202;17007904556890489898,33160.607984;
1794913321,1:16063342750254927838,32160.607984;1878784780795466186,33160.607984;17992799504321051179,27857.680202;17007904556890489898,33160.607984;
2412472303,1:16063342750254927838,32160.607984;1878784780795466186,33160.607984;17992799504321051179,27857.680202;17007904556890489898,33160.607984;
3625152964,1:16063342750254927838,32160.607984;1878784780795466186,33160.607984;17992799504321051179,27857.680202;17007904556890489898,33160.607984;
64962649,1:16063342750254927838,32160.607984;1878784780795466186,33160.607984;17992799504321051179,27857.680202;17007904556890489898,33160.607984;
2761028417,1:16063342750254927838,32160.607984;1878784780795466186,33160.607984;17992799504321051179,27857.680202;17007904556890489898,33160.607984;
916667992,1:16063342750254927838,32160.607984;1878784780795466186,33160.607984;17992799504321051179,27857.680202;17007904556890489898,33160.607984;
757678344,1:16063342750254927838,32160.607984;1878784780795466186,33160.607984;17992799504321051179,27857.680202;17007904556890489898,33160.607984;
3043944657,3:16063342750254927838,32160.607984;1878784780795466186,33160.607984;17992799504321051179,27857.680202;17007904556890489898,33160.607984;
2370896462,1:16063342750254927838,32160.607984;1878784780795466186,33160.607984;17992799504321051179,27857.680202;17007904556890489898,33160.607984;
3236993194,2:16063342750254927838,32160.607984;1878784780795466186,33160.607984;17992799504321051179,27857.680202;17007904556890489898,33160.607984;
4176109054,1:8803830272258857201,16896.712192;7519326607332336758,23774.930173;2613343496286709298,21351.307453;11346797872774360618,13153.399606;14357413530816103104,20218.640286;4565244254581545118,20745.284999;17922403805449423869,19744.603703;
3302549904,1:16063342750254927838,32160.607984;1878784780795466186,33160.607984;17992799504321051179,27857.680202;17007904556890489898,33160.607984;
2010159848,1:16063342750254927838,32160.607984;1878784780795466186,33160.607984;17992799504321051179,27857.680202;17007904556890489898,33160.607984;
255384091,1:6716189355219460180,32160.607984;5537727306344400563,29137.204167;16019251870190933755,21762.691200;9299633463980588651,28137.204167;7408222268973213108,31027.605203;16580398418232013335,nan;6595766495993482513,32160.607984;6027998910130031744,26571.880748;7236552221015090074,21378.159333;490637884205152611,20333.392675;
3077115600,1:16063342750254927838,32160.607984;1878784780795466186,33160.607984;17992799504321051179,27857.680202;17007904556890489898,33160.607984;
410411956,2:16063342750254927838,32160.607984;1878784780795466186,33160.607984;17992799504321051179,27857.680202;17007904556890489898,33160.607984;
397021992,2:16063342750254927838,32160.607984;1878784780795466186,33160.607984;17992799504321051179,27857.680202;17007904556890489898,33160.607984;
4095390528,1:16063342750254927838,32160.607984;1878784780795466186,33160.607984;17992799504321051179,27857.680202;17007904556890489898,33160.607984;
2474470612,1:16063342750254927838,32160.607984;1878784780795466186,33160.607984;17992799504321051179,27857.680202;17007904556890489898,33160.607984;
1997937939,1:16063342750254927838,32160.607984;1878784780795466186,33160.607984;17992799504321051179,27857.680202;17007904556890489898,33160.607984;
3856193030,1:16063342750254927838,32160.607984;1878784780795466186,33160.607984;17992799504321051179,27857.680202;17007904556890489898,33160.607984;
2198140198,1:16063342750254927838,32160.607984;1878784780795466186,33160.607984;17992799504321051179,27857.680202;17007904556890489898,33160.607984;
2367223260,1:16063342750254927838,32160.607984;1878784780795466186,33160.607984;17992799504321051179,27857.680202;17007904556890489898,33160.607984;
3621453634,1:16063342750254927838,32160.607984;1878784780795466186,33160.607984;17992799504321051179,27857.680202;17007904556890489898,33160.607984;
1707667009,1:16063342750254927838,32160.607984;1878784780795466186,33160.607984;17992799504321051179,27857.680202;17007904556890489898,33160.607984;
2101151890,1:16063342750254927838,32160.607984;1878784780795466186,33160.607984;17992799504321051179,27857.680202;17007904556890489898,33160.607984;
2366330514,1:16063342750254927838,32160.607984;1878784780795466186,33160.607984;17992799504321051179,27857.680202;17007904556890489898,33160.607984;
1643233175,2:16063342750254927838,32160.607984;1878784780795466186,33160.607984;17992799504321051179,27857.680202;17007904556890489898,33160.607984;
4174699892,1:6716189355219460180,32160.607984;5537727306344400563,29137.204167;16019251870190933755,21762.691200;9299633463980588651,28137.204167;7408222268973213108,31027.605203;16580398418232013335,nan;6595766495993482513,32160.607984;6027998910130031744,26571.880748;7236552221015090074,21378.159333;490637884205152611,20333.392675;
3628534309,1:16063342750254927838,32160.607984;1878784780795466186,33160.607984;17992799504321051179,27857.680202;17007904556890489898,33160.607984;
1738410885,1:16063342750254927838,32160.607984;1878784780795466186,33160.607984;17992799504321051179,27857.680202;17007904556890489898,33160.607984;
2745520416,3:16063342750254927838,32160.607984;1878784780795466186,33160.607984;17992799504321051179,27857.680202;17007904556890489898,33160.607984;
2596139225,1:8803830272258857201,16896.712192;7519326607332336758,23774.930173;2613343496286709298,21351.307453;11346797872774360618,13153.399606;14357413530816103104,20218.640286;4565244254581545118,20745.284999;17922403805449423869,19744.603703;
2450017822,2:16063342750254927838,32160.607984;1878784780795466186,33160.607984;17992799504321051179,27857.680202;17007904556890489898,33160.607984;
1643128631,1:16063342750254927838,32160.607984;1878784780795466186,33160.607984;17992799504321051179,27857.680202;17007904556890489898,33160.607984;
3630862594,1:16063342750254927838,32160.607984;1878784780795466186,33160.607984;17992799504321051179,27857.680202;17007904556890489898,33160.607984;
1007823652,1:16063342750254927838,32160.607984;1878784780795466186,33160.607984;17992799504321051179,27857.680202;17007904556890489898,33160.607984;
2183438715,1:16063342750254927838,32160.607984;1878784780795466186,33160.607984;17992799504321051179,27857.680202;17007904556890489898,33160.607984;
1157560120,1:16063342750254927838,32160.607984;1878784780795466186,33160.607984;17992799504321051179,27857.680202;17007904556890489898,33160.607984;
4003496143,1:16063342750254927838,32160.607984;1878784780795466186,33160.607984;17992799504321051179,27857.680202;17007904556890489898,33160.607984;
3231793730,1:16063342750254927838,32160.607984;1878784780795466186,33160.607984;17992799504321051179,27857.680202;17007904556890489898,33160.607984;
2366232508,1:16063342750254927838,32160.607984;1878784780795466186,33160.607984;17992799504321051179,27857.680202;17007904556890489898,33160.607984;
2126375746,1:16063342750254927838,32160.607984;1878784780795466186,33160.607984;17992799504321051179,27857.680202;17007904556890489898,33160.607984;
2519041494,1:16063342750254927838,32160.607984;1878784780795466186,33160.607984;17992799504321051179,27857.680202;17007904556890489898,33160.607984;
2405216296,1:16063342750254927838,32160.607984;1878784780795466186,33160.607984;17992799504321051179,27857.680202;17007904556890489898,33160.607984;
4223075939,1:16063342750254927838,32160.607984;1878784780795466186,33160.607984;17992799504321051179,27857.680202;17007904556890489898,33160.607984;
3380082731,1:16063342750254927838,32160.607984;1878784780795466186,33160.607984;17992799504321051179,27857.680202;17007904556890489898,33160.607984;
1091383891,2:16063342750254927838,32160.607984;1878784780795466186,33160.607984;17992799504321051179,27857.680202;17007904556890489898,33160.607984;
3494869861,2:16063342750254927838,32160.607984;1878784780795466186,33160.607984;17992799504321051179,27857.680202;17007904556890489898,33160.607984;
915112587,1:6716189355219460180,32160.607984;5537727306344400563,29137.204167;16019251870190933755,21762.691200;9299633463980588651,28137.204167;7408222268973213108,31027.605203;16580398418232013335,nan;6595766495993482513,32160.607984;6027998910130031744,26571.880748;7236552221015090074,21378.159333;490637884205152611,20333.392675;
3315166989,1:16063342750254927838,32160.607984;1878784780795466186,33160.607984;17992799504321051179,27857.680202;17007904556890489898,33160.607984;
3461463318,2:16063342750254927838,32160.607984;1878784780795466186,33160.607984;17992799504321051179,27857.680202;17007904556890489898,33160.607984;
1361911667,1:16063342750254927838,32160.607984;1878784780795466186,33160.607984;17992799504321051179,27857.680202;17007904556890489898,33160.607984;
2531074433,1:16063342750254927838,32160.607984;1878784780795466186,33160.607984;17992799504321051179,27857.680202;17007904556890489898,33160.607984;
2529958215,1:16063342750254927838,32160.607984;1878784780795466186,33160.607984;17992799504321051179,27857.680202;17007904556890489898,33160.607984;
3616975031,2:16063342750254927838,32160.607984;1878784780795466186,33160.607984;17992799504321051179,27857.680202;17007904556890489898,33160.607984;
1966205626,1:16063342750254927838,32160.607984;1878784780795466186,33160.607984;17992799504321051179,27857.680202;17007904556890489898,33160.607984;
2835821764,1:16063342750254927838,32160.607984;1878784780795466186,33160.607984;17992799504321051179,27857.680202;17007904556890489898,33160.607984;
3631044457,1:16063342750254927838,32160.607984;1878784780795466186,33160.607984;17992799504321051179,27857.680202;17007904556890489898,33160.607984;
3066186544,1:16063342750254927838,32160.607984;1878784780795466186,33160.607984;17992799504321051179,27857.680202;17007904556890489898,33160.607984;
954769802,2:16063342750254927838,32160.607984;1878784780795466186,33160.607984;17992799504321051179,27857.680202;17007904556890489898,33160.607984;
3229269424,1:16063342750254927838,32160.607984;1878784780795466186,33160.607984;17992799504321051179,27857.680202;17007904556890489898,33160.607984;
2764481636,1:16063342750254927838,32160.607984;1878784780795466186,33160.607984;17992799504321051179,27857.680202;17007904556890489898,33160.607984;
2967864944,1:8803830272258857201,16896.712192;7519326607332336758,23774.930173;2613343496286709298,21351.307453;11346797872774360618,13153.399606;14357413530816103104,20218.640286;4565244254581545118,20745.284999;17922403805449423869,19744.603703;
891172345,1:16063342750254927838,32160.607984;1878784780795466186,33160.607984;17992799504321051179,27857.680202;17007904556890489898,33160.607984;
2520410367,1:16063342750254927838,32160.607984;1878784780795466186,33160.607984;17992799504321051179,27857.680202;17007904556890489898,33160.607984;
2407837516,1:16063342750254927838,32160.607984;1878784780795466186,33160.607984;17992799504321051179,27857.680202;17007904556890489898,33160.607984;
419990865,2:16063342750254927838,32160.607984;1878784780795466186,33160.607984;17992799504321051179,27857.680202;17007904556890489898,33160.607984;
884020882,1:16063342750254927838,32160.607984;1878784780795466186,33160.607984;17992799504321051179,27857.680202;17007904556890489898,33160.607984;
2021692214,1:16063342750254927838,32160.607984;1878784780795466186,33160.607984;17992799504321051179,27857.680202;17007904556890489898,33160.607984;
4236682436,1:16063342750254927838,32160.607984;1878784780795466186,33160.607984;17992799504321051179,27857.680202;17007904556890489898,33160.607984;
879796630,1:16063342750254927838,32160.607984;1878784780795466186,33160.607984;17992799504321051179,27857.680202;17007904556890489898,33160.607984;
3082979571,1:16063342750254927838,32160.607984;1878784780795466186,33160.607984;17992799504321051179,27857.680202;17007904556890489898,33160.607984;
3589499109,1:16063342750254927838,32160.607984;1878784780795466186,33160.607984;17992799504321051179,27857.680202;17007904556890489898,33160.607984;
540505835,1:16063342750254927838,32160.607984;1878784780795466186,33160.607984;17992799504321051179,27857.680202;17007904556890489898,33160.607984;
2529811193,1:16063342750254927838,32160.607984;1878784780795466186,33160.607984;17992799504321051179,27857.680202;17007904556890489898,33160.607984;
2407645506,1:16063342750254927838,32160.607984;1878784780795466186,33160.607984;17992799504321051179,27857.680202;17007904556890489898,33160.607984;
4220985004,1:16063342750254927838,32160.607984;1878784780795466186,33160.607984;17992799504321051179,27857.680202;17007904556890489898,33160.607984;
3996569013,1:16063342750254927838,32160.607984;1878784780795466186,33160.607984;17992799504321051179,27857.680202;17007904556890489898,33160.607984;
3420065114,1:16063342750254927838,32160.607984;1878784780795466186,33160.607984;17992799504321051179,27857.680202;17007904556890489898,33160.607984;
970700922,1:16063342750254927838,32160.607984;1878784780795466186,33160.607984;17992799504321051179,27857.680202;17007904556890489898,33160.607984;
961213558,1:16063342750254927838,32160.607984;1878784780795466186,33160.607984;17992799504321051179,27857.680202;17007904556890489898,33160.607984;
950943178,1:16063342750254927838,32160.607984;1878784780795466186,33160.607984;17992799504321051179,27857.680202;17007904556890489898,33160.607984;
1765209886,1:16063342750254927838,32160.607984;1878784780795466186,33160.607984;17992799504321051179,27857.680202;17007904556890489898,33160.607984;
2686248962,3:16063342750254927838,32160.607984;1878784780795466186,33160.607984;17992799504321051179,27857.680202;17007904556890489898,33160.607984;
68484474,1:16063342750254927838,32160.607984;1878784780795466186,33160.607984;17992799504321051179,27857.680202;17007904556890489898,33160.607984;
2324610924,1:16063342750254927838,32160.607984;1878784780795466186,33160.607984;17992799504321051179,27857.680202;17007904556890489898,33160.607984;
2748431351,2:16063342750254927838,32160.607984;1878784780795466186,33160.607984;17992799504321051179,27857.680202;17007904556890489898,33160.607984;
654075169,1:8803830272258857201,16896.712192;7519326607332336758,23774.930173;2613343496286709298,21351.307453;11346797872774360618,13153.399606;14357413530816103104,20218.640286;4565244254581545118,20745.284999;17922403805449423869,19744.603703;
3493759902,1:16063342750254927838,32160.607984;1878784780795466186,33160.607984;17992799504321051179,27857.680202;17007904556890489898,33160.607984;
1893726148,1:16063342750254927838,32160.607984;1878784780795466186,33160.607984;17992799504321051179,27857.680202;17007904556890489898,33160.607984;
3591656416,1:16063342750254927838,32160.607984;1878784780795466186,33160.607984;17992799504321051179,27857.680202;17007904556890489898,33160.607984;
2547866990,2:16063342750254927838,32160.607984;1878784780795466186,33160.607984;17992799504321051179,27857.680202;17007904556890489898,33160.607984;
4011161080,2:16063342750254927838,32160.607984;1878784780795466186,33160.607984;17992799504321051179,27857.680202;17007904556890489898,33160.607984;
2023276334,1:16063342750254927838,32160.607984;1878784780795466186,33160.607984;17992799504321051179,27857.680202;17007904556890489898,33160.607984;
2859949721,1:16063342750254927838,32160.607984;1878784780795466186,33160.607984;17992799504321051179,27857.680202;17007904556890489898,33160.607984;
2410134220,1:16063342750254927838,32160.607984;1878784780795466186,33160.607984;17992799504321051179,27857.680202;17007904556890489898,33160.607984;
352264714,1:16063342750254927838,32160.607984;1878784780795466186,33160.607984;17992799504321051179,27857.680202;17007904556890489898,33160.607984;
610823993,4:16063342750254927838,32160.607984;1878784780795466186,33160.607984;17992799504321051179,27857.680202;17007904556890489898,33160.607984;
841948435,1:16063342750254927838,32160.607984;1878784780795466186,33160.607984;17992799504321051179,27857.680202;17007904556890489898,33160.607984;
1870336303,1:16063342750254927838,32160.607984;1878784780795466186,33160.607984;17992799504321051179,27857.680202;17007904556890489898,33160.607984;
2402936666,1:16063342750254927838,32160.607984;1878784780795466186,33160.607984;17992799504321051179,27857.680202;17007904556890489898,33160.607984;
2064301190,1:16063342750254927838,32160.607984;1878784780795466186,33160.607984;17992799504321051179,27857.680202;17007904556890489898,33160.607984;
2975485454,2:16063342750254927838,32160.607984;1878784780795466186,33160.607984;17992799504321051179,27857.680202;17007904556890489898,33160.607984;
3222285538,1:16063342750254927838,32160.607984;1878784780795466186,33160.607984;17992799504321051179,27857.680202;17007904556890489898,33160.607984;
2081309662,2:17494041394590767202,11532.394450;3494242481475770159,12842.779467;17305563064261701131,9532.394450;14338014768147926253,10420.615305;15939826235198410915,12842.779467;12760871325376512253,11532.394450;5040246723666813619,11532.394450;10922864249741762753,9532.394450;12861281202927702431,10420.615305;
2874774464,1:16063342750254927838,32160.607984;1878784780795466186,33160.607984;17992799504321051179,27857.680202;17007904556890489898,33160.607984;
655045468,1:8803830272258857201,16896.712192;7519326607332336758,23774.930173;2613343496286709298,21351.307453;11346797872774360618,13153.399606;14357413530816103104,20218.640286;4565244254581545118,20745.284999;17922403805449423869,19744.603703;
2840351927,1:16063342750254927838,32160.607984;1878784780795466186,33160.607984;17992799504321051179,27857.680202;17007904556890489898,33160.607984;
2103494333,1:16063342750254927838,32160.607984;1878784780795466186,33160.607984;17992799504321051179,27857.680202;17007904556890489898,33160.607984;
3062485031,1:16063342750254927838,32160.607984;1878784780795466186,33160.607984;17992799504321051179,27857.680202;17007904556890489898,33160.607984;
1992152006,1:16063342750254927838,32160.607984;1878784780795466186,33160.607984;17992799504321051179,27857.680202;17007904556890489898,33160.607984;
36870545,2:16063342750254927838,32160.607984;1878784780795466186,33160.607984;17992799504321051179,27857.680202;17007904556890489898,33160.607984;
2127317737,1:16063342750254927838,32160.607984;1878784780795466186,33160.607984;17992799504321051179,27857.680202;17007904556890489898,33160.607984;
3257263543,3:16063342750254927838,32160.607984;1878784780795466186,33160.607984;17992799504321051179,27857.680202;17007904556890489898,33160.607984;
1702933127,1:16063342750254927838,32160.607984;1878784780795466186,33160.607984;17992799504321051179,27857.680202;17007904556890489898,33160.607984;
961105774,1:16063342750254927838,32160.607984;1878784780795466186,33160.607984;17992799504321051179,27857.680202;17007904556890489898,33160.607984;
3164585170,1:16063342750254927838,32160.607984;1878784780795466186,33160.607984;17992799504321051179,27857.680202;17007904556890489898,33160.607984;
2559425113,1:16063342750254927838,32160.607984;1878784780795466186,33160.607984;17992799504321051179,27857.680202;17007904556890489898,33160.607984;
2370923687,1:16063342750254927838,32160.607984;1878784780795466186,33160.607984;17992799504321051179,27857.680202;17007904556890489898,33160.607984;
3665335975,1:16063342750254927838,32160.607984;1878784780795466186,33160.607984;17992799504321051179,27857.680202;17007904556890489898,33160.607984;
2608431338,1:16063342750254927838,32160.607984;1878784780795466186,33160.607984;17992799504321051179,27857.680202;17007904556890489898,33160.607984;
2366294347,1:16063342750254927838,32160.607984;1878784780795466186,33160.607984;17992799504321051179,27857.680202;17007904556890489898,33160.607984;
2451436957,1:16063342750254927838,32160.607984;1878784780795466186,33160.607984;17992799504321051179,27857.680202;17007904556890489898,33160.607984;
3176073827,2:16063342750254927838,32160.607984;1878784780795466186,33160.607984;17992799504321051179,27857.680202;17007904556890489898,33160.607984;
2407825188,1:16063342750254927838,32160.607984;1878784780795466186,33160.607984;17992799504321051179,27857.680202;17007904556890489898,33160.607984;
2524041093,1:16063342750254927838,32160.607984;1878784780795466186,33160.607984;17992799504321051179,27857.680202;17007904556890489898,33160.607984;
1892607739,1:8803830272258857201,16896.712192;7519326607332336758,23774.930173;2613343496286709298,21351.307453;11346797872774360618,13153.399606;14357413530816103104,20218.640286;4565244254581545118,20745.284999;17922403805449423869,19744.603703;
1793693642,1:16063342750254927838,32160.607984;1878784780795466186,33160.607984;17992799504321051179,27857.680202;17007904556890489898,33160.607984;
696382291,1:16063342750254927838,32160.607984;1878784780795466186,33160.607984;17992799504321051179,27857.680202;17007904556890489898,33160.607984;
2253462201,1:16063342750254927838,32160.607984;1878784780795466186,33160.607984;17992799504321051179,27857.680202;17007904556890489898,33160.607984;
1703182508,1:16063342750254927838,32160.607984;1878784780795466186,33160.607984;17992799504321051179,27857.680202;17007904556890489898,33160.607984;
1360757327,1:16063342750254927838,32160.607984;1878784780795466186,33160.607984;17992799504321051179,27857.680202;17007904556890489898,33160.607984;
29375041,1:16063342750254927838,32160.607984;1878784780795466186,33160.607984;17992799504321051179,27857.680202;17007904556890489898,33160.607984;
2065490383,1:16063342750254927838,32160.607984;1878784780795466186,33160.607984;17992799504321051179,27857.680202;17007904556890489898,33160.607984;
4278295309,1:16063342750254927838,32160.607984;1878784780795466186,33160.607984;17992799504321051179,27857.680202;17007904556890489898,33160.607984;
2907549275,1:16063342750254927838,32160.607984;1878784780795466186,33160.607984;17992799504321051179,27857.680202;17007904556890489898,33160.607984;
1793838478,1:16063342750254927838,32160.607984;1878784780795466186,33160.607984;17992799504321051179,27857.680202;17007904556890489898,33160.607984;
2414587946,2:16063342750254927838,32160.607984;1878784780795466186,33160.607984;17992799504321051179,27857.680202;17007904556890489898,33160.607984;
2531107103,1:16063342750254927838,32160.607984;1878784780795466186,33160.607984;17992799504321051179,27857.680202;17007904556890489898,33160.607984;
1144582731,5:16063342750254927838,32160.607984;1878784780795466186,33160.607984;17992799504321051179,27857.680202;17007904556890489898,33160.607984;
2333941196,1:16063342750254927838,32160.607984;1878784780795466186,33160.607984;17992799504321051179,27857.680202;17007904556890489898,33160.607984;
2329324119,1:16063342750254927838,32160.607984;1878784780795466186,33160.607984;17992799504321051179,27857.680202;17007904556890489898,33160.607984;
3380120842,1:16063342750254927838,32160.607984;1878784780795466186,33160.607984;17992799504321051179,27857.680202;17007904556890489898,33160.607984;
1764234146,3:16063342750254927838,32160.607984;1878784780795466186,33160.607984;17992799504321051179,27857.680202;17007904556890489898,33160.607984;
3084017680,1:16063342750254927838,32160.607984;1878784780795466186,33160.607984;17992799504321051179,27857.680202;17007904556890489898,33160.607984;
3549184324,1:16063342750254927838,32160.607984;1878784780795466186,33160.607984;17992799504321051179,27857.680202;17007904556890489898,33160.607984;
1713938547,2:16063342750254927838,32160.607984;1878784780795466186,33160.607984;17992799504321051179,27857.680202;17007904556890489898,33160.607984;
4113807653,1:3056395092711954527,16022.139241;14613767527857410704,15022.139241;16908664199751662751,16022.139241;13499921417832535110,9714.597781;2649282562643885656,19529.208519;7245432419770367471,27000.000000;1067067348750464490,16022.139241;17360042003900222261,11714.597781;
3176073827,1:16063342750254927838,32160.607984;1878784780795466186,33160.607984;17992799504321051179,27857.680202;17007904556890489898,33160.607984;
3621591937,1:16063342750254927838,32160.607984;1878784780795466186,33160.607984;17992799504321051179,27857.680202;17007904556890489898,33160.607984;
1361909489,1:16063342750254927838,32160.607984;1878784780795466186,33160.607984;17992799504321051179,27857.680202;17007904556890489898,33160.607984;
1155185010,1:16063342750254927838,32160.607984;1878784780795466186,33160.607984;17992799504321051179,27857.680202;17007904556890489898,33160.607984;
697712026,2:16063342750254927838,32160.607984;1878784780795466186,33160.607984;17992799504321051179,27857.680202;17007904556890489898,33160.607984;
3623714399,1:16063342750254927838,32160.607984;1878784780795466186,33160.607984;17992799504321051179,27857.680202;17007904556890489898,33160.607984;
1461599251,3:16063342750254927838,32160.607984;1878784780795466186,33160.607984;17992799504321051179,27857.680202;17007904556890489898,33160.607984;
1704119047,1:16063342750254927838,32160.607984;1878784780795466186,33160.607984;17992799504321051179,27857.680202;17007904556890489898,33160.607984;
3628387297,1:16063342750254927838,32160.607984;1878784780795466186,33160.607984;17992799504321051179,27857.680202;17007904556890489898,33160.607984;
572561635,1:16063342750254927838,32160.607984;1878784780795466186,33160.607984;17992799504321051179,27857.680202;17007904556890489898,33160.607984;
2847894974,1:16063342750254927838,32160.607984;1878784780795466186,33160.607984;17992799504321051179,27857.680202;17007904556890489898,33160.607984;
2412564519,1:16063342750254927838,32160.607984;1878784780795466186,33160.607984;17992799504321051179,27857.680202;17007904556890489898,33160.607984;
2405359184,1:16063342750254927838,32160.607984;1878784780795466186,33160.607984;17992799504321051179,27857.680202;17007904556890489898,33160.607984;
3613551633,2:16063342750254927838,32160.607984;1878784780795466186,33160.607984;17992799504321051179,27857.680202;17007904556890489898,33160.607984;
572532232,1:16063342750254927838,32160.607984;1878784780795466186,33160.607984;17992799504321051179,27857.680202;17007904556890489898,33160.607984;
1934006080,1:16063342750254927838,32160.607984;1878784780795466186,33160.607984;17992799504321051179,27857.680202;17007904556890489898,33160.607984;
3357387096,1:16063342750254927838,32160.607984;1878784780795466186,33160.607984;17992799504321051179,27857.680202;17007904556890489898,33160.607984;
3997752756,1:16063342750254927838,32160.607984;1878784780795466186,33160.607984;17992799504321051179,27857.680202;17007904556890489898,33160.607984;
3717234069,2:16063342750254927838,32160.607984;1878784780795466186,33160.607984;17992799504321051179,27857.680202;17007904556890489898,33160.607984;
1761688060,1:16063342750254927838,32160.607984;1878784780795466186,33160.607984;17992799504321051179,27857.680202;17007904556890489898,33160.607984;
3477057306,1:16063342750254927838,32160.607984;1878784780795466186,33160.607984;17992799504321051179,27857.680202;17007904556890489898,33160.607984;
2407672731,1:16063342750254927838,32160.607984;1878784780795466186,33160.607984;17992799504321051179,27857.680202;17007904556890489898,33160.607984;
1549063647,1:16063342750254927838,32160.607984;1878784780795466186,33160.607984;17992799504321051179,27857.680202;17007904556890489898,33160.607984;
66042938,2:16063342750254927838,32160.607984;1878784780795466186,33160.607984;17992799504321051179,27857.680202;17007904556890489898,33160.607984;
2888147213,4:16063342750254927838,32160.607984;1878784780795466186,33160.607984;17992799504321051179,27857.680202;17007904556890489898,33160.607984;
2106388514,5:16063342750254927838,32160.607984;1878784780795466186,33160.607984;17992799504321051179,27857.680202;17007904556890489898,33160.607984;
2234496391,1:16063342750254927838,32160.607984;1878784780795466186,33160.607984;17992799504321051179,27857.680202;17007904556890489898,33160.607984;
3768907287,1:8803830272258857201,16896.712192;7519326607332336758,23774.930173;2613343496286709298,21351.307453;11346797872774360618,13153.399606;14357413530816103104,20218.640286;4565244254581545118,20745.284999;17922403805449423869,19744.603703;
3817168712,1:16063342750254927838,32160.607984;1878784780795466186,33160.607984;17992799504321051179,27857.680202;17007904556890489898,33160.607984;
2346196049,3:16063342750254927838,32160.607984;1878784780795466186,33160.607984;17992799504321051179,27857.680202;17007904556890489898,33160.607984;
3996599501,1:16063342750254927838,32160.607984;1878784780795466186,33160.607984;17992799504321051179,27857.680202;17007904556890489898,33160.607984;
3066150580,1:16063342750254927838,32160.607984;1878784780795466186,33160.607984;17992799504321051179,27857.680202;17007904556890489898,33160.607984;
1156585461,1:16063342750254927838,32160.607984;1878784780795466186,33160.607984;17992799504321051179,27857.680202;17007904556890489898,33160.607984;
1301356205,2:16063342750254927838,32160.607984;1878784780795466186,33160.607984;17992799504321051179,27857.680202;17007904556890489898,33160.607984;
3300390926,1:16063342750254927838,32160.607984;1878784780795466186,33160.607984;17992799504321051179,27857.680202;17007904556890489898,33160.607984;
920404646,1:6716189355219460180,32160.607984;5537727306344400563,29137.204167;16019251870190933755,21762.691200;9299633463980588651,28137.204167;7408222268973213108,31027.605203;16580398418232013335,nan;6595766495993482513,32160.607984;6027998910130031744,26571.880748;7236552221015090074,21378.159333;490637884205152611,20333.392675;
2480165283,1:16063342750254927838,32160.607984;1878784780795466186,33160.607984;17992799504321051179,27857.680202;17007904556890489898,33160.607984;
105381800,1:16063342750254927838,32160.607984;1878784780795466186,33160.607984;17992799504321051179,27857.680202;17007904556890489898,33160.607984;
1325829536,1:16063342750254927838,32160.607984;1878784780795466186,33160.607984;17992799504321051179,27857.680202;17007904556890489898,33160.607984;
2140173737,3:16063342750254927838,32160.607984;1878784780795466186,33160.607984;17992799504321051179,27857.680202;17007904556890489898,33160.607984;
2404273218,1:16063342750254927838,32160.607984;1878784780795466186,33160.607984;17992799504321051179,27857.680202;17007904556890489898,33160.607984;
3493867682,1:16063342750254927838,32160.607984;1878784780795466186,33160.607984;17992799504321051179,27857.680202;17007904556890489898,33160.607984;
2645884087,1:16063342750254927838,32160.607984;1878784780795466186,33160.607984;17992799504321051179,27857.680202;17007904556890489898,33160.607984;
2333025630,1:16063342750254927838,32160.607984;1878784780795466186,33160.607984;17992799504321051179,27857.680202;17007904556890489898,33160.607984;
3552707244,1:16063342750254927838,32160.607984;1878784780795466186,33160.607984;17992799504321051179,27857.680202;17007904556890489898,33160.607984;
578875935,2:16063342750254927838,32160.607984;1878784780795466186,33160.607984;17992799504321051179,27857.680202;17007904556890489898,33160.607984;
1754897969,1:6716189355219460180,32160.607984;5537727306344400563,29137.204167;16019251870190933755,21762.691200;9299633463980588651,28137.204167;7408222268973213108,31027.605203;16580398418232013335,nan;6595766495993482513,32160.607984;6027998910130031744,26571.880748;7236552221015090074,21378.159333;490637884205152611,20333.392675;
2530891481,1:16063342750254927838,32160.607984;1878784780795466186,33160.607984;17992799504321051179,27857.680202;17007904556890489898,33160.607984;
1765209886,2:16063342750254927838,32160.607984;1878784780795466186,33160.607984;17992799504321051179,27857.680202;17007904556890489898,33160.607984;
2198107528,1:16063342750254927838,32160.607984;1878784780795466186,33160.607984;17992799504321051179,27857.680202;17007904556890489898,33160.607984;
3476372279,1:16063342750254927838,32160.607984;1878784780795466186,33160.607984;17992799504321051179,27857.680202;17007904556890489898,33160.607984;
410411956,3:16063342750254927838,32160.607984;1878784780795466186,33160.607984;17992799504321051179,27857.680202;17007904556890489898,33160.607984;
3042721715,1:16063342750254927838,32160.607984;1878784780795466186,33160.607984;17992799504321051179,27857.680202;17007904556890489898,33160.607984;
1794915499,1:16063342750254927838,32160.607984;1878784780795466186,33160.607984;17992799504321051179,27857.680202;17007904556890489898,33160.607984;
3787368230,1:16063342750254927838,32160.607984;1878784780795466186,33160.607984;17992799504321051179,27857.680202;17007904556890489898,33160.607984;
1157561209,1:16063342750254927838,32160.607984;1878784780795466186,33160.607984;17992799504321051179,27857.680202;17007904556890489898,33160.607984;
1327013283,1:16063342750254927838,32160.607984;1878784780795466186,33160.607984;17992799504321051179,27857.680202;17007904556890489898,33160.607984;
1721620311,1:
146930625,1:16063342750254927838,32160.607984;1878784780795466186,33160.607984;17992799504321051179,27857.680202;17007904556890489898,33160.607984;
3758669363,1:16063342750254927838,32160.607984;1878784780795466186,33160.607984;17992799504321051179,27857.680202;17007904556890489898,33160.607984;
908242313,1:16063342750254927838,32160.607984;1878784780795466186,33160.607984;17992799504321051179,27857.680202;17007904556890489898,33160.607984;
2403996850,1:16063342750254927838,32160.607984;1878784780795466186,33160.607984;17992799504321051179,27857.680202;17007904556890489898,33160.607984;
3588357835,1:16063342750254927838,32160.607984;1878784780795466186,33160.607984;17992799504321051179,27857.680202;17007904556890489898,33160.607984;
3158941973,1:16063342750254927838,32160.607984;1878784780795466186,33160.607984;17992799504321051179,27857.680202;17007904556890489898,33160.607984;
2469416544,2:16063342750254927838,32160.607984;1878784780795466186,33160.607984;17992799504321051179,27857.680202;17007904556890489898,33160.607984;
1232378771,1:16063342750254927838,32160.607984;1878784780795466186,33160.607984;17992799504321051179,27857.680202;17007904556890489898,33160.607984;
3552636454,1:16063342750254927838,32160.607984;1878784780795466186,33160.607984;17992799504321051179,27857.680202;17007904556890489898,33160.607984;
3758597489,1:16063342750254927838,32160.607984;1878784780795466186,33160.607984;17992799504321051179,27857.680202;17007904556890489898,33160.607984;
3297110732,1:16063342750254927838,32160.607984;1878784780795466186,33160.607984;17992799504321051179,27857.680202;17007904556890489898,33160.607984;
760045834,1:16063342750254927838,32160.607984;1878784780795466186,33160.607984;17992799504321051179,27857.680202;17007904556890489898,33160.607984;
3295667803,1:16063342750254927838,32160.607984;1878784780795466186,33160.607984;17992799504321051179,27857.680202;17007904556890489898,33160.607984;
1701701467,1:16063342750254927838,32160.607984;1878784780795466186,33160.607984;17992799504321051179,27857.680202;17007904556890489898,33160.607984;
1159036805,1:16063342750254927838,32160.607984;1878784780795466186,33160.607984;17992799504321051179,27857.680202;17007904556890489898,33160.607984;
3315139764,1:16063342750254927838,32160.607984;1878784780795466186,33160.607984;17992799504321051179,27857.680202;17007904556890489898,33160.607984;
3552924354,1:6716189355219460180,32160.607984;5537727306344400563,29137.204167;16019251870190933755,21762.691200;9299633463980588651,28137.204167;7408222268973213108,31027.605203;16580398418232013335,nan;6595766495993482513,32160.607984;6027998910130031744,26571.880748;7236552221015090074,21378.159333;490637884205152611,20333.392675;
4095387265,1:16063342750254927838,32160.607984;1878784780795466186,33160.607984;17992799504321051179,27857.680202;17007904556890489898,33160.607984;
3818280584,1:16063342750254927838,32160.607984;1878784780795466186,33160.607984;17992799504321051179,27857.680202;17007904556890489898,33160.607984;
2411308901,1:16063342750254927838,32160.607984;1878784780795466186,33160.607984;17992799504321051179,27857.680202;17007904556890489898,33160.607984;
1316469174,1:16063342750254927838,32160.607984;1878784780795466186,33160.607984;17992799504321051179,27857.680202;17007904556890489898,33160.607984;
1269006673,2:16063342750254927838,32160.607984;1878784780795466186,33160.607984;17992799504321051179,27857.680202;17007904556890489898,33160.607984;
2518310256,2:16063342750254927838,32160.607984;1878784780795466186,33160.607984;17992799504321051179,27857.680202;17007904556890489898,33160.607984;
1919676140,1:16063342750254927838,32160.607984;1878784780795466186,33160.607984;17992799504321051179,27857.680202;17007904556890489898,33160.607984;
3603405663,2:16063342750254927838,32160.607984;1878784780795466186,33160.607984;17992799504321051179,27857.680202;17007904556890489898,33160.607984;
3593020933,1:16063342750254927838,32160.607984;1878784780795466186,33160.607984;17992799504321051179,27857.680202;17007904556890489898,33160.607984;
2832370984,1:16063342750254927838,32160.607984;1878784780795466186,33160.607984;17992799504321051179,27857.680202;17007904556890489898,33160.607984;
2970318787,1:16063342750254927838,32160.607984;1878784780795466186,33160.607984;17992799504321051179,27857.680202;17007904556890489898,33160.607984;
1765094456,2:16063342750254927838,32160.607984;1878784780795466186,33160.607984;17992799504321051179,27857.680202;17007904556890489898,33160.607984;
3229198640,1:16063342750254927838,32160.607984;1878784780795466186,33160.607984;17992799504321051179,27857.680202;17007904556890489898,33160.607984;
1986097122,1:16063342750254927838,32160.607984;1878784780795466186,33160.607984;17992799504321051179,27857.680202;17007904556890489898,33160.607984;
817751260,2:16063342750254927838,32160.607984;1878784780795466186,33160.607984;17992799504321051179,27857.680202;17007904556890489898,33160.607984;
2451522408,1:16063342750254927838,32160.607984;1878784780795466186,33160.607984;17992799504321051179,27857.680202;17007904556890489898,33160.607984;
1877234543,1:16063342750254927838,32160.607984;1878784780795466186,33160.607984;17992799504321051179,27857.680202;17007904556890489898,33160.607984;
3260036948,1:16063342750254927838,32160.607984;1878784780795466186,33160.607984;17992799504321051179,27857.680202;17007904556890489898,33160.607984;
2722115181,1:16063342750254927838,32160.607984;1878784780795466186,33160.607984;17992799504321051179,27857.680202;17007904556890489898,33160.607984;
2404173034,1:16063342750254927838,32160.607984;1878784780795466186,33160.607984;17992799504321051179,27857.680202;17007904556890489898,33160.607984;
993871981,1:16063342750254927838,32160.607984;1878784780795466186,33160.607984;17992799504321051179,27857.680202;17007904556890489898,33160.607984;
2448038693,1:16063342750254927838,32160.607984;1878784780795466186,33160.607984;17992799504321051179,27857.680202;17007904556890489898,33160.607984;
2861354524,1:16063342750254927838,32160.607984;1878784780795466186,33160.607984;17992799504321051179,27857.680202;17007904556890489898,33160.607984;
2219052307,2:16063342750254927838,32160.607984;1878784780795466186,33160.607984;17992799504321051179,27857.680202;17007904556890489898,33160.607984;
729380092,4:16063342750254927838,32160.607984;1878784780795466186,33160.607984;17992799504321051179,27857.680202;17007904556890489898,33160.607984;
2377745138,1:16063342750254927838,32160.607984;1878784780795466186,33160.607984;17992799504321051179,27857.680202;17007904556890489898,33160.607984;
2412560163,1:16063342750254927838,32160.607984;1878784780795466186,33160.607984;17992799504321051179,27857.680202;17007904556890489898,33160.607984;
69672573,1:16063342750254927838,32160.607984;1878784780795466186,33160.607984;17992799504321051179,27857.680202;17007904556890489898,33160.607984;
1108933227,5:16063342750254927838,32160.607984;1878784780795466186,33160.607984;17992799504321051179,27857.680202;17007904556890489898,33160.607984;
3623675192,1:16063342750254927838,32160.607984;1878784780795466186,33160.607984;17992799504321051179,27857.680202;17007904556890489898,33160.607984;
1750369907,1:6716189355219460180,32160.607984;5537727306344400563,29137.204167;16019251870190933755,21762.691200;9299633463980588651,28137.204167;7408222268973213108,31027.605203;16580398418232013335,nan;6595766495993482513,32160.607984;6027998910130031744,26571.880748;7236552221015090074,21378.159333;490637884205152611,20333.392675;
3205880336,1:16063342750254927838,32160.607984;1878784780795466186,33160.607984;17992799504321051179,27857.680202;17007904556890489898,33160.607984;
3861337669,2:16063342750254927838,32160.607984;1878784780795466186,33160.607984;17992799504321051179,27857.680202;17007904556890489898,33160.607984;
2022949946,1:16063342750254927838,32160.607984;1878784780795466186,33160.607984;17992799504321051179,27857.680202;17007904556890489898,33160.607984;
541701553,1:16063342750254927838,32160.607984;1878784780795466186,33160.607984;17992799504321051179,27857.680202;17007904556890489898,33160.607984;
3205878158,1:16063342750254927838,32160.607984;1878784780795466186,33160.607984;17992799504321051179,27857.680202;17007904556890489898,33160.607984;
1157562298,1:16063342750254927838,32160.607984;1878784780795466186,33160.607984;17992799504321051179,27857.680202;17007904556890489898,33160.607984;
1757305748,1:6716189355219460180,32160.607984;5537727306344400563,29137.204167;16019251870190933755,21762.691200;9299633463980588651,28137.204167;7408222268973213108,31027.605203;16580398418232013335,nan;6595766495993482513,32160.607984;6027998910130031744,26571.880748;7236552221015090074,21378.159333;490637884205152611,20333.392675;
3007182198,2:16063342750254927838,32160.607984;1878784780795466186,33160.607984;17992799504321051179,27857.680202;17007904556890489898,33160.607984;
891352026,1:16063342750254927838,32160.607984;1878784780795466186,33160.607984;17992799504321051179,27857.680202;17007904556890489898,33160.607984;
3122218716,1:16063342750254927838,32160.607984;1878784780795466186,33160.607984;17992799504321051179,27857.680202;17007904556890489898,33160.607984;
2785842819,1:
2567658299,1:17494041394590767202,11532.394450;3494242481475770159,12842.779467;17305563064261701131,9532.394450;14338014768147926253,10420.615305;15939826235198410915,12842.779467;12760871325376512253,11532.394450;5040246723666813619,11532.394450;10922864249741762753,9532.394450;12861281202927702431,10420.615305;
1628408388,1:16063342750254927838,32160.607984;1878784780795466186,33160.607984;17992799504321051179,27857.680202;17007904556890489898,33160.607984;
1992080128,1:16063342750254927838,32160.607984;1878784780795466186,33160.607984;17992799504321051179,27857.680202;17007904556890489898,33160.607984;
4197429436,1:16063342750254927838,32160.607984;1878784780795466186,33160.607984;17992799504321051179,27857.680202;17007904556890489898,33160.607984;
2686316482,1:16063342750254927838,32160.607984;1878784780795466186,33160.607984;17992799504321051179,27857.680202;17007904556890489898,33160.607984;
1015918185,1:16063342750254927838,32160.607984;1878784780795466186,33160.607984;17992799504321051179,27857.680202;17007904556890489898,33160.607984;
999830450,1:16063342750254927838,32160.607984;1878784780795466186,33160.607984;17992799504321051179,27857.680202;17007904556890489898,33160.607984;
3063670952,1:16063342750254927838,32160.607984;1878784780795466186,33160.607984;17992799504321051179,27857.680202;17007904556890489898,33160.607984;
2526341061,1:16063342750254927838,32160.607984;1878784780795466186,33160.607984;17992799504321051179,27857.680202;17007904556890489898,33160.607984;
3584719487,1:16063342750254927838,32160.607984;1878784780795466186,33160.607984;17992799504321051179,27857.680202;17007904556890489898,33160.607984;
690623098,1:8803830272258857201,16896.712192;7519326607332336758,23774.930173;2613343496286709298,21351.307453;11346797872774360618,13153.399606;14357413530816103104,20218.640286;4565244254581545118,20745.284999;17922403805449423869,19744.603703;
1721393973,1:16063342750254927838,32160.607984;1878784780795466186,33160.607984;17992799504321051179,27857.680202;17007904556890489898,33160.607984;
146960028,1:16063342750254927838,32160.607984;1878784780795466186,33160.607984;17992799504321051179,27857.680202;17007904556890489898,33160.607984;
2607245417,1:16063342750254927838,32160.607984;1878784780795466186,33160.607984;17992799504321051179,27857.680202;17007904556890489898,33160.607984;
731234088,2:16063342750254927838,32160.607984;1878784780795466186,33160.607984;17992799504321051179,27857.680202;17007904556890489898,33160.607984;
2324650131,2:16063342750254927838,32160.607984;1878784780795466186,33160.607984;17992799504321051179,27857.680202;17007904556890489898,33160.607984;
2445519833,1:16063342750254927838,32160.607984;1878784780795466186,33160.607984;17992799504321051179,27857.680202;17007904556890489898,33160.607984;
2407869097,1:16063342750254927838,32160.607984;1878784780795466186,33160.607984;17992799504321051179,27857.680202;17007904556890489898,33160.607984;
3466500220,2:16063342750254927838,32160.607984;1878784780795466186,33160.607984;17992799504321051179,27857.680202;17007904556890489898,33160.607984;
3998793840,1:16063342750254927838,32160.607984;1878784780795466186,33160.607984;17992799504321051179,27857.680202;17007904556890489898,33160.607984;
1327015461,1:16063342750254927838,32160.607984;1878784780795466186,33160.607984;17992799504321051179,27857.680202;17007904556890489898,33160.607984;
1559003384,1:16063342750254927838,32160.607984;1878784780795466186,33160.607984;17992799504321051179,27857.680202;17007904556890489898,33160.607984;
2409057200,1:16063342750254927838,32160.607984;1878784780795466186,33160.607984;17992799504321051179,27857.680202;17007904556890489898,33160.607984;
2101224853,1:16063342750254927838,32160.607984;1878784780795466186,33160.607984;17992799504321051179,27857.680202;17007904556890489898,33160.607984;
3679828375,2:16063342750254927838,32160.607984;1878784780795466186,33160.607984;17992799504321051179,27857.680202;17007904556890489898,33160.607984;
2576508823,1:16063342750254927838,32160.607984;1878784780795466186,33160.607984;17992799504321051179,27857.680202;17007904556890489898,33160.607984;
4109099907,1:16063342750254927838,32160.607984;1878784780795466186,33160.607984;17992799504321051179,27857.680202;17007904556890489898,33160.607984;
2459572595,1:6716189355219460180,32160.607984;5537727306344400563,29137.204167;16019251870190933755,21762.691200;9299633463980588651,28137.204167;7408222268973213108,31027.605203;16580398418232013335,nan;6595766495993482513,32160.607984;6027998910130031744,26571.880748;7236552221015090074,21378.159333;490637884205152611,20333.392675;
3697153847,1:16063342750254927838,32160.607984;1878784780795466186,33160.607984;17992799504321051179,27857.680202;17007904556890489898,33160.607984;
2717185849,1:16063342750254927838,32160.607984;1878784780795466186,33160.607984;17992799504321051179,27857.680202;17007904556890489898,33160.607984;
3816849617,1:16063342750254927838,32160.607984;1878784780795466186,33160.607984;17992799504321051179,27857.680202;17007904556890489898,33160.607984;
3252412048,2:16063342750254927838,32160.607984;1878784780795466186,33160.607984;17992799504321051179,27857.680202;17007904556890489898,33160.607984;
4172591878,1:16063342750254927838,32160.607984;1878784780795466186,33160.607984;17992799504321051179,27857.680202;17007904556890489898,33160.607984;
3578809871,2:16063342750254927838,32160.607984;1878784780795466186,33160.607984;17992799504321051179,27857.680202;17007904556890489898,33160.607984;
1747998916,2:16063342750254927838,32160.607984;1878784780795466186,33160.607984;17992799504321051179,27857.680202;17007904556890489898,33160.607984;
1430363763,1:16063342750254927838,32160.607984;1878784780795466186,33160.607984;17992799504321051179,27857.680202;17007904556890489898,33160.607984;
839466604,1:16063342750254927838,32160.607984;1878784780795466186,33160.607984;17992799504321051179,27857.680202;17007904556890489898,33160.607984;
3604555647,2:16063342750254927838,32160.607984;1878784780795466186,33160.607984;17992799504321051179,27857.680202;17007904556890489898,33160.607984;
1765094456,4:16063342750254927838,32160.607984;1878784780795466186,33160.607984;17992799504321051179,27857.680202;17007904556890489898,33160.607984;
997386187,1:16063342750254927838,32160.607984;1878784780795466186,33160.607984;17992799504321051179,27857.680202;17007904556890489898,33160.607984;
65029081,1:16063342750254927838,32160.607984;1878784780795466186,33160.607984;17992799504321051179,27857.680202;17007904556890489898,33160.607984;
1969731812,1:17494041394590767202,11532.394450;3494242481475770159,12842.779467;17305563064261701131,9532.394450;14338014768147926253,10420.615305;15939826235198410915,12842.779467;12760871325376512253,11532.394450;5040246723666813619,11532.394450;10922864249741762753,9532.394450;12861281202927702431,10420.615305;
1756837651,1:16063342750254927838,32160.607984;1878784780795466186,33160.607984;17992799504321051179,27857.680202;17007904556890489898,33160.607984;
88952316,1:8803830272258857201,16896.712192;7519326607332336758,23774.930173;2613343496286709298,21351.307453;11346797872774360618,13153.399606;14357413530816103104,20218.640286;4565244254581545118,20745.284999;17922403805449423869,19744.603703;
4107979328,1:16063342750254927838,32160.607984;1878784780795466186,33160.607984;17992799504321051179,27857.680202;17007904556890489898,33160.607984;
1327017635,1:16063342750254927838,32160.607984;1878784780795466186,33160.607984;17992799504321051179,27857.680202;17007904556890489898,33160.607984;
3399115611,2:16063342750254927838,32160.607984;1878784780795466186,33160.607984;17992799504321051179,27857.680202;17007904556890489898,33160.607984;
2716042916,1:16063342750254927838,32160.607984;1878784780795466186,33160.607984;17992799504321051179,27857.680202;17007904556890489898,33160.607984;
2519244709,2:16063342750254927838,32160.607984;1878784780795466186,33160.607984;17992799504321051179,27857.680202;17007904556890489898,33160.607984;
63945556,1:16063342750254927838,32160.607984;1878784780795466186,33160.607984;17992799504321051179,27857.680202;17007904556890489898,33160.607984;
68480118,1:16063342750254927838,32160.607984;1878784780795466186,33160.607984;17992799504321051179,27857.680202;17007904556890489898,33160.607984;
2450407272,1:16063342750254927838,32160.607984;1878784780795466186,33160.607984;17992799504321051179,27857.680202;17007904556890489898,33160.607984;
2332791212,1:16063342750254927838,32160.607984;1878784780795466186,33160.607984;17992799504321051179,27857.680202;17007904556890489898,33160.607984;
1792653643,1:16063342750254927838,32160.607984;1878784780795466186,33160.607984;17992799504321051179,27857.680202;17007904556890489898,33160.607984;
995306194,1:16063342750254927838,32160.607984;1878784780795466186,33160.607984;17992799504321051179,27857.680202;17007904556890489898,33160.607984;
1870372215,1:16063342750254927838,32160.607984;1878784780795466186,33160.607984;17992799504321051179,27857.680202;17007904556890489898,33160.607984;
2970692765,1:16063342750254927838,32160.607984;1878784780795466186,33160.607984;17992799504321051179,27857.680202;17007904556890489898,33160.607984;
3001316,1:
1792654738,1:16063342750254927838,32160.607984;1878784780795466186,33160.607984;17992799504321051179,27857.680202;17007904556890489898,33160.607984;
90287430,1:8803830272258857201,16896.712192;7519326607332336758,23774.930173;2613343496286709298,21351.307453;11346797872774360618,13153.399606;14357413530816103104,20218.640286;4565244254581545118,20745.284999;17922403805449423869,19744.603703;
2368595404,1:8803830272258857201,16896.712192;7519326607332336758,23774.930173;2613343496286709298,21351.307453;11346797872774360618,13153.399606;14357413530816103104,20218.640286;4565244254581545118,20745.284999;17922403805449423869,19744.603703;
993901384,1:16063342750254927838,32160.607984;1878784780795466186,33160.607984;17992799504321051179,27857.680202;17007904556890489898,33160.607984;
1877234543,2:16063342750254927838,32160.607984;1878784780795466186,33160.607984;17992799504321051179,27857.680202;17007904556890489898,33160.607984;
3226830641,3:16063342750254927838,32160.607984;1878784780795466186,33160.607984;17992799504321051179,27857.680202;17007904556890489898,33160.607984;
66186688,1:16063342750254927838,32160.607984;1878784780795466186,33160.607984;17992799504321051179,27857.680202;17007904556890489898,33160.607984;
3593137456,1:16063342750254927838,32160.607984;1878784780795466186,33160.607984;17992799504321051179,27857.680202;17007904556890489898,33160.607984;
1196691153,1:16063342750254927838,32160.607984;1878784780795466186,33160.607984;17992799504321051179,27857.680202;17007904556890489898,33160.607984;
3004475347,2:16063342750254927838,32160.607984;1878784780795466186,33160.607984;17992799504321051179,27857.680202;17007904556890489898,33160.607984;
66219358,1:16063342750254927838,32160.607984;1878784780795466186,33160.607984;17992799504321051179,27857.680202;17007904556890489898,33160.607984;
2736460229,1:16063342750254927838,32160.607984;1878784780795466186,33160.607984;17992799504321051179,27857.680202;17007904556890489898,33160.607984;
568581046,1:8803830272258857201,16896.712192;7519326607332336758,23774.930173;2613343496286709298,21351.307453;11346797872774360618,13153.399606;14357413530816103104,20218.640286;4565244254581545118,20745.284999;17922403805449423869,19744.603703;
2559491542,1:16063342750254927838,32160.607984;1878784780795466186,33160.607984;17992799504321051179,27857.680202;17007904556890489898,33160.607984;
2644878944,1:16063342750254927838,32160.607984;1878784780795466186,33160.607984;17992799504321051179,27857.680202;17007904556890489898,33160.607984;
3585693049,1:
3615825012,1:16063342750254927838,32160.607984;1878784780795466186,33160.607984;17992799504321051179,27857.680202;17007904556890489898,33160.607984;
1564494810,2:16063342750254927838,32160.607984;1878784780795466186,33160.607984;17992799504321051179,27857.680202;17007904556890489898,33160.607984;
2409988291,1:16063342750254927838,32160.607984;1878784780795466186,33160.607984;17992799504321051179,27857.680202;17007904556890489898,33160.607984;
2882209069,1:16063342750254927838,32160.607984;1878784780795466186,33160.607984;17992799504321051179,27857.680202;17007904556890489898,33160.607984;
1707742157,1:16063342750254927838,32160.607984;1878784780795466186,33160.607984;17992799504321051179,27857.680202;17007904556890489898,33160.607984;
1886361007,1:16063342750254927838,32160.607984;1878784780795466186,33160.607984;17992799504321051179,27857.680202;17007904556890489898,33160.607984;
3040357497,1:17494041394590767202,11532.394450;3494242481475770159,12842.779467;17305563064261701131,9532.394450;14338014768147926253,10420.615305;15939826235198410915,12842.779467;12760871325376512253,11532.394450;5040246723666813619,11532.394450;10922864249741762753,9532.394450;12861281202927702431,10420.615305;
1765094456,3:16063342750254927838,32160.607984;1878784780795466186,33160.607984;17992799504321051179,27857.680202;17007904556890489898,33160.607984;
3706836680,1:16063342750254927838,32160.607984;1878784780795466186,33160.607984;17992799504321051179,27857.680202;17007904556890489898,33160.607984;
1160376373,1:
2835922210,1:16063342750254927838,32160.607984;1878784780795466186,33160.607984;17992799504321051179,27857.680202;17007904556890489898,33160.607984;
1519209570,2:16063342750254927838,32160.607984;1878784780795466186,33160.607984;17992799504321051179,27857.680202;17007904556890489898,33160.607984;
4015042303,2:16063342750254927838,32160.607984;1878784780795466186,33160.607984;17992799504321051179,27857.680202;17007904556890489898,33160.607984;
697432097,2:16063342750254927838,32160.607984;1878784780795466186,33160.607984;17992799504321051179,27857.680202;17007904556890489898,33160.607984;
2405210848,1:8803830272258857201,16896.712192;7519326607332336758,23774.930173;2613343496286709298,21351.307453;11346797872774360618,13153.399606;14357413530816103104,20218.640286;4565244254581545118,20745.284999;17922403805449423869,19744.603703;
1836542654,1:16063342750254927838,32160.607984;1878784780795466186,33160.607984;17992799504321051179,27857.680202;17007904556890489898,33160.607984;
3814441869,2:16063342750254927838,32160.607984;1878784780795466186,33160.607984;17992799504321051179,27857.680202;17007904556890489898,33160.607984;
2873760605,1:16063342750254927838,32160.607984;1878784780795466186,33160.607984;17992799504321051179,27857.680202;17007904556890489898,33160.607984;
993905740,1:16063342750254927838,32160.607984;1878784780795466186,33160.607984;17992799504321051179,27857.680202;17007904556890489898,33160.607984;
2577625048,1:16063342750254927838,32160.607984;1878784780795466186,33160.607984;17992799504321051179,27857.680202;17007904556890489898,33160.607984;
6379394,1:
2528697153,1:16063342750254927838,32160.607984;1878784780795466186,33160.607984;17992799504321051179,27857.680202;17007904556890489898,33160.607984;
566065456,1:8803830272258857201,16896.712192;7519326607332336758,23774.930173;2613343496286709298,21351.307453;11346797872774360618,13153.399606;14357413530816103104,20218.640286;4565244254581545118,20745.284999;17922403805449423869,19744.603703;
3697150585,1:16063342750254927838,32160.607984;1878784780795466186,33160.607984;17992799504321051179,27857.680202;17007904556890489898,33160.607984;
951057523,1:16063342750254927838,32160.607984;1878784780795466186,33160.607984;17992799504321051179,27857.680202;17007904556890489898,33160.607984;
3557993022,1:8803830272258857201,16896.712192;7519326607332336758,23774.930173;2613343496286709298,21351.307453;11346797872774360618,13153.399606;14357413530816103104,20218.640286;4565244254581545118,20745.284999;17922403805449423869,19744.603703;
2412528582,1:16063342750254927838,32160.607984;1878784780795466186,33160.607984;17992799504321051179,27857.680202;17007904556890489898,33160.607984;
2445795933,1:16063342750254927838,32160.607984;1878784780795466186,33160.607984;17992799504321051179,27857.680202;17007904556890489898,33160.607984;
1199281887,1:16063342750254927838,32160.607984;1878784780795466186,33160.607984;17992799504321051179,27857.680202;17007904556890489898,33160.607984;
1079504952,1:16063342750254927838,32160.607984;1878784780795466186,33160.607984;17992799504321051179,27857.680202;17007904556890489898,33160.607984;
2448178807,1:16063342750254927838,32160.607984;1878784780795466186,33160.607984;17992799504321051179,27857.680202;17007904556890489898,33160.607984;
24415735,1:16063342750254927838,32160.607984;1878784780795466186,33160.607984;17992799504321051179,27857.680202;17007904556890489898,33160.607984;
1832834475,1:16063342750254927838,32160.607984;1878784780795466186,33160.607984;17992799504321051179,27857.680202;17007904556890489898,33160.607984;
2127310111,1:8803830272258857201,16896.712192;7519326607332336758,23774.930173;2613343496286709298,21351.307453;11346797872774360618,13153.399606;14357413530816103104,20218.640286;4565244254581545118,20745.284999;17922403805449423869,19744.603703;
3815735574,1:16063342750254927838,32160.607984;1878784780795466186,33160.607984;17992799504321051179,27857.680202;17007904556890489898,33160.607984;
146921913,1:16063342750254927838,32160.607984;1878784780795466186,33160.607984;17992799504321051179,27857.680202;17007904556890489898,33160.607984;
3252721684,1:16063342750254927838,32160.607984;1878784780795466186,33160.607984;17992799504321051179,27857.680202;17007904556890489898,33160.607984;
2149718283,1:16063342750254927838,32160.607984;1878784780795466186,33160.607984;17992799504321051179,27857.680202;17007904556890489898,33160.607984;
2942393022,1:16063342750254927838,32160.607984;1878784780795466186,33160.607984;17992799504321051179,27857.680202;17007904556890489898,33160.607984;
1738446829,1:16063342750254927838,32160.607984;1878784780795466186,33160.607984;17992799504321051179,27857.680202;17007904556890489898,33160.607984;
2324580432,2:16063342750254927838,32160.607984;1878784780795466186,33160.607984;17992799504321051179,27857.680202;17007904556890489898,33160.607984;
1919371595,2:16063342750254927838,32160.607984;1878784780795466186,33160.607984;17992799504321051179,27857.680202;17007904556890489898,33160.607984;
