3759659734,45252.770166,45345.879570
3759659734,45252.770166,45445.415244
3759659734,45252.770166,46252.770166
3759659734,45252.770166,inf
3295325082,46958.911026,inf
3169708814,51448.085870,inf
3293335169,50272.155747,inf
1310549807,inf,49272.155747
1312777903,49610.133548,49610.133548
2641150205,inf,48842.910710
2640245250,inf,48842.910710
2637786057,47842.910710,48316.070117
1182532299,inf,48842.910710
4245279375,inf,47842.910710
2640212580,inf,48842.910710
1108861414,inf,48842.910710
2685047787,inf,50608.511437
1639423459,inf,49381.999153
959799900,50980.070464,51381.999153
1644023392,49381.999153,inf
2417139407,48824.161485,48928.438912
4107946661,48409.123986,48747.716853
2418289427,48409.123986,48747.716853
961950673,50517.051887,50980.070464
1679601055,50517.051887,50980.070464
1680966659,50381.999153,51020.127084
890022421,48885.187554,53983.534759
957322425,49941.087330,inf
3500830918,49250.026539,49066.249951
3502196526,49066.249951,49460.678478
3504640344,49066.249951,inf
2953449447,47825.036119,48414.148135
2953449447,47825.036119,48636.540557
2953449447,47825.036119,49221.503057
2953449447,47825.036119,inf
2953584476,48517.051887,48104.260395
2953584476,48104.260395,49517.051887
2953584476,48104.260395,48517.051887
2953584476,48104.260395,48104.260395
649959325,49381.999153,49381.999153
651181213,inf,48381.999153
2604801739,50261.258019,inf
2082251647,inf,47219.993119
1386474673,50261.258019,50442.688648
1935860538,inf,49128.279344
4163839796,inf,inf
1881978228,inf,48965.748851
1920826125,inf,48965.748851
2414896330,40385.248779,inf
2410044839,40385.248779,inf
3010759527,51355.566530,inf
3628708556,51386.953002,49193.712785
3628708556,inf,49193.712785
3314131350,43573.484279,43681.200875
1545488065,40385.248779,inf
1507574534,40385.248779,inf
2496377531,46811.103951,48254.955133
141321633,inf,inf
1513324450,40385.248779,inf
562891223,inf,40076.969505
1245254757,inf,inf
1202741286,inf,inf
2855053331,46073.205099,46386.121480
3882719792,52272.155747,inf
2036957429,inf,55699.667053
4226539494,56699.667053,55699.667053
169117176,56952.271701,inf
740774171,58287.980763,58287.980763
2778970642,inf,54405.584087
2810990509,53405.584087,inf
2936280665,54287.945752,53780.333542
1151662356,52006.864225,inf
640480634,inf,inf
3759659734,45252.770166,45667.807665
3277744782,53405.584087,inf
2338685968,inf,56405.584087
2953449447,47825.036119,inf
1926897976,inf,inf
2976509936,inf,inf
849557265,55179.180735,53630.596467
888728686,inf,54405.584087
890130202,53405.584087,53983.534759
970664985,53820.621586,54179.180735
971886806,53405.584087,54962.701459
1548848052,50787.876499,54179.180735
1547662139,50787.876499,inf
922186000,inf,52311.073439
2641185056,inf,54405.584087
3300248451,48860.494587,48860.494587
3300032826,49385.987441,51221.008730
3300032896,49385.987441,51221.008730
1744348749,50664.413965,inf
1885211091,inf,56405.584087
1366866222,59408.519651,60408.519651
1366866290,59408.519651,inf
2373150691,61488.943759,inf
71876428,60488.943759,59797.715465
505553,59071.031067,inf
1208096589,57334.663730,inf
1587655135,60488.943759,60488.943759
3041579350,60488.943759,60488.943759
238703798,38385.248779,inf
59049450,39385.248644,inf
4282042923,nan,inf
1205585122,-nan,inf
3548893145,-nan,nan
2302454364,-nan,inf
3664969650,inf,nan
2751310631,nan,-nan
598937463,nan,inf
222937375,nan,-nan
222963511,nan,inf
2448117454,39385.248779,39385.248779
1156287741,inf,-nan
1152813166,inf,-nan
588632364,36815.392931,inf
1471697873,-nan,inf
2069589058,-nan,inf
1545296847,-nan,inf
25910086,inf,38385.248779
1702958105,nan,inf
2046803225,-nan,inf
2411261568,nan,inf
2260890639,inf,nan
2411255030,nan,inf
289651578,inf,inf
325157337,inf,inf
4222869557,inf,inf
1251652234,inf,inf
1886522872,inf,40385.248779
2248790388,inf,inf
861106241,40385.248779,inf
27021957,37800.286143,38385.248779
892946359,37385.248644,38385.248644
894060408,37385.248644,inf
2005043033,39385.248779,inf
841734991,38385.248779,38385.248779
4150645138,39385.248779,inf
3013398957,inf,inf
3475222389,inf,inf
3470550579,inf,inf
4259803552,-nan,inf
4253838010,-nan,inf
4283034637,41718.120297,44707.176874
4283034637,41718.120297,inf
39549248,inf,nan
1843367416,-nan,inf
2435188007,38800.286099,inf
2394687071,38800.286099,inf
236080396,37385.248644,38385.248779
236116333,37385.248644,37385.248644
3622497905,nan,-nan
3622497905,nan,inf
4274626467,nan,inf
2442447247,inf,39385.248779
1896120893,inf,39385.248779
3889298613,39385.248779,39385.248779
2397346413,39385.248779,39385.248779
2440003632,39385.248779,39385.248779
2472993827,39385.248779,inf
3886783117,inf,39385.248779
3895048560,39385.248779,39385.248779
2459578041,37385.248644,inf
2787136548,inf,nan
2452661910,inf,inf
2442096408,inf,inf
3583994582,inf,inf
704816678,inf,inf
1285610592,39385.248779,inf
1147366094,39385.248779,39385.248779
1205833719,39385.248779,inf
3432744862,nan,inf
1353568838,nan,-nan
2788147143,nan,inf
2334083856,inf,38800.286099
281111329,inf,inf
2603489475,inf,inf
1145732776,inf,48842.910710
2083654276,inf,nan
3132981131,-nan,nan
3132981172,-nan,nan
4254109420,inf,nan
3857063124,39385.248779,39385.248779
3903921102,inf,38385.248779
3901549258,inf,38385.248779
1673545259,inf,60408.519651
1673545259,60408.519651,60408.519651
2063876376,inf,inf
2126161215,60488.943759,60488.943759
2127246945,59369.928655,59369.928655
2127246945,59369.928655,59369.928655
923856779,57369.928655,57369.928655
1618632830,inf,60408.519651
1618632830,60408.519651,60408.519651
1618632830,60408.519651,60408.519651
1618632829,60408.519651,60408.519651
1834055248,51732.463638,inf
2451645814,inf,57896.760900
2452645516,inf,57896.760900
2374446602,inf,57896.760900
2413581997,inf,57896.760900
2412617143,inf,57896.760900
1790403758,59488.943759,59488.943759
1790403796,59488.943759,59488.943759
2063732559,inf,60488.943759
2375781716,60488.943759,60488.943759
2413733368,inf,57896.760900
2189583940,inf,60797.715465
2452761804,58797.715465,inf
1537783853,inf,57772.328525
697324256,inf,inf
1238139295,inf,inf
27509222,inf,inf
26215490,inf,inf
3077076399,59369.928655,59369.928655
2745525857,54133.394755,54133.394755
3617001622,54133.394755,inf
2417139481,48824.161485,48928.438912
2873760605,55964.376090,55966.052668
2529882568,inf,55376.623616
125804752,57966.052668,inf
4150525777,50177.674081,50177.674081
4149411793,50177.674081,50177.674081
2644994381,50442.688648,50177.674081
26031333,36402.164536,inf
879792277,47600.887193,inf
3295181331,46600.887193,46958.911026
3169852495,inf,50061.205758
3629576486,49023.325068,49023.325068
1310585811,48998.519881,49610.133548
2641176341,inf,47842.910710
2640246339,inf,47842.910710
475822010,inf,47842.910710
2637812193,47842.910710,47842.910710
1182568135,inf,47842.910710
2637693722,inf,47842.910710
4246213700,47842.910710,47842.910710
2640213669,inf,47842.910710
2685047787,inf,49099.179610
959799900,50381.999153,51381.999153
1599102107,49320.365830,47830.565593
1599102214,47830.565593,49905.328331
1599102214,47830.565593,inf
2418109706,48409.123986,49409.123986
2418109777,48409.123986,inf
961985520,50666.065213,50381.999153
1680894722,50381.999153,51020.127084
1683338443,48335.155364,49381.999153
891316089,48885.187554,48885.187554
892394230,48282.060210,48282.060210
3508233940,49066.249951,49066.249951
3502088713,49066.249951,49460.678478
2975701009,48104.260395,48104.260395
649707800,50020.127084,49381.999153
3374925534,45230.316766,45124.482033
573686347,48269.935236,inf
620009068,49191.031829,49191.031829
2194180522,50261.258019,inf
3967074713,48261.258019,48196.784484
3967074781,48261.258019,48135.069415
2942252545,50261.258019,50261.258019
3441736824,49517.051887,49104.260395
3434655943,nan,inf
2596257876,49001.116169,inf
1882840713,47965.748851,inf
1920862059,47965.748851,inf
3197825810,39385.248779,inf
3196678004,39385.248779,inf
570322902,48448.606311,48908.064747
2599635701,49619.485471,50012.306857
1277442686,49066.249951,49066.249951
3013311024,49651.542428,inf
3010831309,49651.542428,inf
3629650538,inf,48277.895649
3628709642,49386.953002,48277.895649
3781144860,inf,48277.895649
3778701142,47692.933149,48077.362953
3701164613,48102.847978,inf
625323971,45811.103951,37385.248779
956771509,39385.248779,inf
2496405845,inf,45811.103951
2032293636,45811.103951,inf
956945749,39385.248779,inf
797961548,39631.256900,40725.311080
562927232,39631.256900,inf
2168925156,inf,45073.205099
2868471146,55410.757434,inf
85180445,53405.584087,54179.180735
1397268267,inf,inf
2810954636,53405.584087,55962.701459
2937430618,53405.584087,52728.062196
2937466560,53405.584087,51890.098269
2148676147,54405.584087,inf
2638769657,51006.864225,inf
3349828215,54465.035446,inf
1104405226,55405.584087,inf
4042307098,inf,54405.584087
3279865098,inf,52405.584087
4163235141,inf,55405.584087
1834054162,51732.463638,54983.534759
888764590,50453.227410,53405.584087
891136408,53405.584087,53405.584087
893616057,55962.701459,53405.584087
971814933,53405.584087,54405.584087
971815003,53405.584087,inf
3414259906,53405.584087,inf
1003762927,53405.584087,52728.062196
1249815162,39385.248779,inf
1003798869,53405.584087,51890.098269
1578424238,53405.584087,53405.584087
924342253,52311.073439,52311.073439
1260659243,54405.584087,54405.584087
3300212511,50221.008730,48280.695487
1885211091,inf,55405.584087
1087719612,58369.928655,56890.698098
1682520852,53870.038554,54171.942604
1682520951,53870.038554,54554.212193
1352491816,53870.038554,55900.808611
587734084,-nan,inf
71876492,60488.943759,59332.343103
721201,57784.966155,inf
3414828676,59419.079388,inf
2375810030,inf,59332.343103
2414698222,inf,59332.343103
2119087071,57332.343103,57336.988095
2119088161,57332.343103,57341.648091
2119089250,57332.343103,57351.013484
2119116475,57332.343103,57408.519651
2119117563,57332.343103,57488.943759
2119118652,57332.343103,57332.343103
2029520601,inf,inf
1616189181,inf,59332.343103
1234725254,39385.248510,inf
916514128,39385.248510,39388.702055
914142284,39385.248510,39388.702055
59076671,39385.248510,39385.248779
1693303382,nan,inf
4184120231,nan,inf
3549000956,nan,nan
3177829039,inf,inf
2330736722,nan,inf
1000456729,54035.443608,55179.180735
3665005589,-nan,nan
1001319217,53405.584087,55179.180735
3665005660,inf,nan
4213588570,inf,nan
1456515926,54695.934915,inf
222964599,-nan,inf
3172384249,-nan,inf
2247599026,nan,inf
1152815343,inf,nan
617238146,36800.286031,36830.659695
618280358,36800.286031,36861.686606
618316253,36800.286031,36925.816977
3748235784,-nan,inf
774318288,nan,-nan
741184442,nan,-nan
1606433690,nan,inf
1608668318,inf,nan
858446807,39385.248510,39385.248779
2049139156,inf,inf
2263190598,-nan,inf
2411256123,-nan,inf
257452055,-nan,inf
2135580011,-nan,inf
1886558808,inf,39385.248510
3926098100,39385.248779,39385.248779
3550444764,38800.286099,inf
3142572719,-nan,inf
862076480,38385.248577,inf
26983841,38385.248510,38385.248779
891940156,37385.248510,inf
894204117,37385.248510,37385.248779
841667476,38385.248510,inf
954573903,38385.248510,inf
4151687273,38385.248510,inf
1552196750,nan,inf
1993373241,39385.248510,inf
3054942133,-nan,inf
1794926522,-nan,inf
1606509920,nan,inf
3554541837,nan,inf
3552062184,nan,inf
3548720044,nan,inf
3518964207,nan,inf
3516484554,nan,inf
1726175774,nan,inf
4261097281,nan,inf
4262139487,nan,inf
2457953666,inf,nan
4255131739,nan,inf
4256173945,nan,inf
38543015,-nan,-nan
2713817,nan,-nan
701618470,nan,inf
3105705962,43717.700315,inf
2084587550,59823.557150,59332.343103
587734185,nan,inf
1287919007,inf,inf
1255719455,inf,inf
3852571032,37800.286099,inf
2435188070,37800.286099,inf
2394974504,37800.286099,inf
3622605718,-nan,inf
4274628646,-nan,nan
3623863546,-nan,inf
4274665671,-nan,inf
2443309804,38385.248510,inf
3889298613,inf,38385.248510
3897528212,inf,38385.248510
1894783603,38385.248510,inf
3928434135,inf,38385.248510
1896076246,38385.248510,inf
2473065631,inf,38385.248510
3886819055,inf,38385.248510
226350302,nan,-nan
3857063124,inf,38385.248510
226351391,nan,inf
3857063124,inf,38385.248510
3895048560,inf,38385.248510
3895048560,inf,38385.248510
3856663913,36385.248510,inf
1796071061,-nan,inf
2327133936,-nan,nan
734644390,37577.893626,inf
3770695253,38385.248510,inf
43910930,38385.248510,inf
1148408296,38385.248510,inf
1718242228,-nan,inf
2788181991,-nan,nan
2334084945,inf,37800.286099
1145768651,inf,47842.910710
41114426,-nan,inf
3133017068,-nan,-nan
2567802054,inf,nan
2101100678,inf,nan
2081171362,-nan,inf
3091705684,-nan,inf
3901764846,inf,37385.248510
3217285746,inf,nan
3215956173,-nan,nan
1120019121,inf,nan
2002971357,58231.901783,inf
2371103374,57072.797781,58102.321708
1050992065,60094.256620,inf
1015306554,58369.928655,56890.698098
2126164484,60332.343103,59418.330879
2005159156,58072.797781,59102.321708
3042647666,60332.343103,inf
3594936324,inf,inf
3627926490,inf,inf
1047362399,inf,inf
2126160126,60488.943759,60488.943759
2373258501,inf,inf
2338830363,inf,inf
2062654518,inf,inf
2344652187,inf,inf
2409061556,inf,59797.715465
1991712780,61332.343103,inf
3436921336,40234.822205,39649.861567
3300360440,56207.847268,inf
1504542124,57792.809769,58567.473594
1505440579,57792.809769,60357.291026
3299383606,57792.809769,inf
1005855123,58369.928655,56890.698098
2326728847,inf,60797.715465
3773686967,39970.204275,inf
2758374787,58570.255567,60369.928655
2759237275,58570.255567,59369.928655
3417236456,60332.343103,inf
3904136689,inf,37385.248510
3617037518,52267.323570,inf
2873760605,55959.358016,55961.028768
2873760605,55959.358016,55962.701459
2873760605,55959.358016,55966.052668
125912565,56959.358016,inf
2343503711,35402.164536,inf
3761133151,45021.187852,45123.388524
3761133189,45021.187852,45123.388524
3265533373,46293.450054,inf
880757124,45293.450054,inf
1306920136,47577.386387,49998.519881
2293955576,47996.901029,inf
2713889,nan,-nan
857946089,inf,51170.630095
2089171548,47547.645760,47547.645760
143729449,45817.634467,inf
1639279747,48099.812619,51020.127084
960843159,48099.812619,inf
4107976065,inf,47183.965650
1431495873,47865.183681,inf
2636581853,inf,47842.910710
954285318,47865.183681,inf
1548746798,-nan,inf
1428980281,47865.183681,inf
1684452524,47734.910277,49381.999153
892214514,48516.331208,49381.999153
1364566254,59332.343103,59332.343103
892394199,47516.331208,48980.070464
223114311,45817.634467,inf
2975701009,47798.496765,48104.260395
1009016031,37385.248510,37385.248779
654436714,47752.803413,47971.256332
540333774,48022.413097,50020.127084
3374925573,45230.316766,45025.883423
3375823965,45025.883423,45468.578221
2101223771,49022.413097,49381.999153
2194209925,49019.035897,inf
2082394307,48434.073396,48135.069415
2606023556,inf,49019.035897
4292238516,47112.486607,47336.160502
3927867505,49616.876708,inf
4294502607,48434.073396,47621.377322
1745786228,47996.115243,48261.258019
1935932348,inf,50022.413097
2597228174,47849.485750,inf
2405326514,47567.145682,47863.483820
511916077,inf,inf
2375343893,48397.286646,49156.718092
920369801,37385.248779,37385.248779
3197827984,38385.248510,inf
3196680178,38385.248510,inf
3380052239,46821.712674,46982.274116
2872691211,inf,55580.772997
536847884,48232.771068,48824.544472
570538585,47237.706054,inf
1990608457,45016.952317,inf
4183563428,50012.306857,49619.485471
3014209387,48651.542428,inf
3010831373,48651.542428,inf
3815213175,inf,47277.895649
3629608067,inf,47277.895649
2570029059,50448.085870,50448.085870
3629569949,inf,47277.895649
3782151229,inf,47277.895649
3628638857,50023.325068,47277.895649
3628571339,48277.895649,47277.895649
3628571339,inf,47277.895649
3702278523,47687.810479,48687.810479
3702278563,47687.810479,inf
956773683,38385.248510,inf
797964814,38631.190527,inf
2855125209,44539.102104,45930.573513
2856203349,44539.102104,inf
2106989261,53244.739532,inf
2868474413,inf,54219.922887
133359860,56210.805913,inf
2810918600,53222.375336,53741.140065
1876678447,48842.910710,inf
2938796230,52266.042841,52222.375336
2939730590,52311.073439,52222.375336
2939874338,52405.584087,52222.375336
2937502497,53405.584087,50978.494940
2407855686,53222.375336,inf
1181310340,50942.191519,51074.572677
1181310446,50942.191519,51220.339699
2638808855,50942.191519,50960.011532
3350906267,53029.629457,inf
1104441137,54222.375336,inf
4042379003,inf,53222.375336
3759659870,45252.770166,inf
2725417031,54222.375336,inf
2338719732,inf,54222.375336
3042650931,60488.943759,60488.943759
1834089010,50978.494940,53405.584087
1835021193,52233.168926,52222.375336
426157078,52222.375336,52244.043879
426157142,52222.375336,52266.042841
1835022280,52222.375336,52311.073439
426193013,52222.375336,52405.584087
1005128539,52266.042841,52222.375336
1006062899,52311.073439,52222.375336
1006206647,52405.584087,52222.375336
1003834806,53405.584087,50978.494940
1577382033,53222.375336,53553.328637
1577561689,53222.375336,53405.584087
3440766560,49517.051887,inf
1744492498,48469.284928,48329.565916
573499265,48469.284928,48202.191389
2200105771,51272.155747,inf
1885211091,inf,54222.375336
892466139,48282.060210,48381.999153
1364566293,57614.954904,59332.343103
2126165572,59448.171365,59389.095122
2373304243,inf,58614.954904
1352490724,53058.340997,55900.808611
3106855914,42415.406380,inf
71948304,57053.575332,inf
757139,56083.527042,58369.928655
793076,56083.527042,inf
3414828809,57622.003163,inf
1092355549,inf,inf
2375739246,inf,inf
2375665791,inf,inf
1616260987,57614.954904,57614.954904
3413499044,59385.295094,inf
1235947040,38385.248510,inf
916621937,38385.248510,inf
914214158,inf,38385.248510
1870183862,58614.954904,inf
239817839,inf,inf
1950895740,38385.248510,inf
45514857,inf,inf
1206627388,inf,inf
4212402750,inf,inf
3591586335,inf,inf
2330880405,inf,inf
1001355152,inf,53820.621586
3665041629,inf,inf
4213624609,inf,inf
338525993,inf,inf
3062972264,nan,-nan
3172420145,nan,inf
3175598823,nan,-nan
3175598863,nan,inf
2247600116,-nan,inf
1152816433,inf,-nan
2491627313,36800.286031,36800.286031
3497559695,nan,nan
3262574186,nan,inf
3417200549,61488.943759,inf
1968359474,38385.248510,39385.248510
1968359474,38385.248510,inf
2933801081,53405.584087,inf
900026012,nan,inf
26013542,inf,38385.248510
3495160628,nan,inf
617061278,nan,inf
286021838,nan,inf
1886826244,inf,nan
1886594751,inf,38385.248510
3927032462,39385.248779,38385.248510
3550552575,37577.893626,inf
3171034922,inf,inf
2985815563,-nan,inf
26126798,38385.248510,38385.248644
2007594633,inf,inf
1469481312,47865.183681,inf
1548794271,47865.183681,inf
1509910437,47865.183681,inf
4151795086,48112.085188,49619.485471
2412380740,inf,inf
2450330212,inf,inf
1553346698,inf,inf
60411785,38385.248510,inf
3098445682,inf,nan
4283120935,nan,nan
3054942196,nan,inf
3399257957,nan,nan
3549798118,inf,inf
3520042282,inf,inf
3430372914,inf,-nan
4262103517,-nan,-nan
2458816155,-nan,nan
1078015035,48156.718092,48643.034355
2493459421,-nan,inf
4255311424,-nan,-nan
2450730329,inf,-nan
2411558964,inf,-nan
2787137637,inf,-nan
3427713574,-nan,inf
584499154,37063.320262,inf
3499896563,nan,49731.921179
2975736952,51141.168521,51141.168521
1037549982,37385.248510,37385.248510
1243026693,inf,inf
3098733206,inf,nan
1215362236,36800.286009,inf
3852571095,36800.286009,inf
1895931411,inf,36800.286009
2394974567,36800.286009,inf
237302281,38385.248510,36800.286009
3623683827,nan,-nan
3623683893,nan,-nan
4274667850,nan,-nan
3625983828,nan,inf
226377526,-nan,inf
3856735752,36385.248510,36385.248510
2787138726,inf,nan
3437027744,nan,nan
3437027846,-nan,nan
1796110264,nan,nan
3437063781,-nan,nan
736692798,inf,inf
2119115386,57332.343103,57369.928655
1043731178,inf,inf
1249855451,inf,inf
1286477432,inf,inf
43943596,inf,inf
1288989755,inf,inf
561813111,36577.893588,36577.893588
561849048,36577.893588,36577.893588
3488006987,nan,inf
1719428147,nan,-nan
1719428188,nan,-nan
2788183080,nan,inf
2255906806,inf,nan
616953469,-nan,inf
3091777517,nan,inf
3588681766,inf,inf
3586202088,inf,inf
957922582,39385.248779,inf
1015270592,55932.328044,57448.492327
957949803,38385.248510,inf
1443915153,58385.295094,61488.943759
1443951122,58385.295094,59418.330879
1745958348,56614.954904,56614.954904
888484950,50029.716242,inf
2217758580,inf,57410.752353
2953587747,46192.805428,46305.405379
1538862029,inf,inf
2327591369,inf,58410.752353
3773830690,38970.199730,inf
3077049172,57385.295094,inf
3549438568,39800.286099,inf
2745526946,51817.868207,51817.868207
1703065812,-nan,inf
3617037589,50817.868207,inf
960699411,50381.999153,inf
3558172774,57896.760900,inf
1036958739,49650.262798,inf
2606828198,inf,54888.877818
4144452453,48075.886423,inf
764753584,44021.187852,inf
3266791108,45062.337368,46768.821449
1307099892,46049.522667,inf
1310513869,46820.886333,47359.205807
2687275813,47689.956031,47996.901029
2749757,nan,-nan
2368712161,49960.003651,inf
844216825,46969.487727,46969.487727
915441781,45715.178732,45817.634467
1718916065,inf,48796.161663
3514149983,37970.211010,inf
2968405802,46930.742512,46728.375383
2969699534,inf,45728.375383
962062839,47502.073311,48765.639074
892286423,47247.357119,48903.802654
1278669982,47644.096972,inf
1278665626,47644.096972,inf
3340390081,45624.364808,inf
2953484291,46662.195316,51646.353110
654185189,47705.483136,47779.679248
654400844,47705.483136,47857.899048
651073337,47796.161663,49381.999153
2954521023,inf,48796.161663
3689630327,inf,47836.678827
3967002833,47836.678827,48089.057255
3967038770,47836.678827,48228.661119
31591053,47836.678827,49019.035897
2083366784,47836.678827,inf
2574035926,38385.248510,inf
4294538480,47251.666426,47836.529130
573503627,47607.817194,48122.604093
2378109502,47849.485750,inf
2597300021,47705.483136,47849.485750
2405327603,47036.922910,47567.145682
2375373296,47738.905401,49156.718092
1321189671,43734.526409,inf
3380054417,46668.935563,46821.712674
536038997,48026.828747,48359.537907
536039069,48026.828747,48498.525978
536074934,48026.828747,48824.544472
539740515,48908.064747,48939.733221
571724480,47237.706054,46947.342465
3887427608,46389.628277,46367.537489
3732071921,46905.471759,inf
3975069255,50495.151416,inf
4153987243,47391.145281,49619.485471
3014317164,47391.145281,inf
2564100543,47391.145281,inf
3702386335,47078.303512,48764.053405
2454904050,47369.706974,inf
3695595806,47172.170139,47172.170139
797965903,38631.190527,38630.932274
564292765,38630.932274,38631.190527
564328702,38630.932274,38631.190527
565191197,38630.932274,38631.190527
74248308,56407.159301,57800.920475
2856490809,44511.998279,44541.928148
2856490809,44511.998279,44547.596898
2856490809,44511.998279,44559.001661
2856490809,44511.998279,44582.085274
3510728047,inf,nan
2856490809,44511.998279,44629.390989
3510763989,-nan,nan
2856490809,44511.998279,44728.926663
3510764083,inf,nan
2856490809,44511.998279,44951.319084
3042650931,60488.943759,60488.943759
3119299584,48738.443748,inf
2406595713,52244.739532,inf
2867360366,55210.805913,inf
4221723936,46966.158660,inf
2940018087,50024.810987,50024.810987
3863412012,52244.043879,50024.810987
2937538434,53405.584087,50024.810987
2179330377,inf,51707.673139
2753877591,52707.673139,inf
2638809944,50942.191519,50820.172278
3350906330,51722.669350,inf
1105519207,52707.673139,inf
2301767800,50707.673139,inf
2814956873,53768.154166,inf
2647187627,51371.285644,inf
2725418120,51024.810987,inf
2338721910,inf,52707.673139
1884240785,inf,51024.810987
1006350396,50024.810987,50024.810987
2589446063,38385.248510,inf
3414364449,52244.043879,50024.810987
1003870743,53405.584087,50024.810987
1578711672,inf,51707.673139
925564054,51707.673139,52222.375336
1260874859,inf,52707.673139
3302368732,48135.069415,48135.069415
573570056,48300.398417,48316.070117
1885211091,inf,51024.810987
2123758878,inf,56614.954904
2126165572,59448.171365,59332.343103
2375672816,54932.328044,inf
1682628661,52792.633561,53384.287946
3087614650,42245.253915,42415.406380
2084723680,55614.709661,56385.295094
2084724769,55614.709661,56385.295094
3109263655,42289.462460,42289.462460
75398253,55614.709661,56385.295094
1360578727,53614.954904,54929.510308
1360578727,53614.954904,53614.954904
3414900515,62488.943759,56637.039388
2033042468,56614.954904,inf
2372117229,61332.343103,40555.017844
973763385,55614.954904,55614.954904
973835230,55614.954904,55614.954904
974050881,55614.954904,55614.954904
1721656277,36444.142402,36444.142402
1721656315,36444.142402,36444.142402
1721907803,36442.640369,36444.142402
1721907903,36441.139898,36444.142402
1353685358,36438.143629,36444.142402
1721943810,36432.169696,36444.142402
1354538045,36420.295533,36444.142402
3413678657,inf,56743.736681
1236090956,58128.759516,37385.248510
914250100,inf,37385.248510
1358429041,53614.954904,53614.954904
1871046350,57614.954904,inf
4048614977,37385.248510,inf
557732,-nan,-nan
1456587760,53047.446058,inf
3399258059,-nan,nan
972577464,55614.954904,36232.590967
3172420247,-nan,inf
3175670702,-nan,nan
3175670765,-nan,inf
1157365885,inf,inf
2491631669,36800.286009,36800.286054
290837396,-nan,inf
2063767264,-nan,inf
3508126128,49066.249951,50250.026539
1968359474,37385.248510,inf
819347349,inf,37385.248510
2450341145,inf,37385.248510
2784770151,-nan,inf
3223364741,37385.248430,inf
2371951615,inf,inf
2411327997,-nan,inf
3672085178,-nan,inf
3516736078,inf,inf
617097254,-nan,inf
289471796,-nan,inf
3062972304,nan,inf
2449230412,inf,36970.211010
1886827331,inf,-nan
3927140273,39385.248779,39385.248779
2450306297,38385.248510,37063.320469
2571807965,inf,37215.323538
580006960,36232.590967,inf
27020871,37385.248510,38063.320603
349945814,inf,-nan
2873695266,56376.623616,inf
1716514166,46081.342992,inf
3889835293,46302.712340,45817.722262
2257090746,44181.274154,inf
853186969,inf,53405.584087
2127280706,51688.079112,inf
800258249,42752.988616,42737.738289
2082357280,47275.807426,46690.501225
85259943,54962.701459,53983.534759
4294322896,48276.839017,46690.501225
873682987,49932.645932,50363.444084
2337500053,28833.175113,28835.792727
916666903,46547.565735,46705.483136
2412393707,44171.777447,44144.848838
2337529455,28797.018628,28820.724426
2374551712,52676.384506,inf
397659002,52227.762037,52435.658665
3042692314,inf,51679.596785
1398326023,49128.279344,inf
3415834883,56803.845383,56614.709661
4164528832,27149.427749,27149.735951
3446704765,inf,52688.079112
4165571006,27149.427749,27149.735951
3297075878,44920.439504,45275.976699
849629166,53405.584087,53897.306826
4168158469,26983.065502,27022.010302
3516264543,52201.616060,55316.156220
4198704919,26237.320832,27125.233875
882727150,53405.584087,53405.584087
2339831601,26760.820263,26761.410084
2488256714,44015.326480,44280.604741
882942802,53405.584087,53983.534759
4200214273,26760.820263,25240.805180
3370805854,inf,38385.248510
3370841819,38385.248510,38385.248510
3741629539,45431.470195,46823.806545
3371057448,inf,36385.248510
3744037357,46360.102699,inf
2522468738,43925.160677,44133.141550
2337530544,28817.313942,28797.018628
213662812,45358.695967,inf
2966785748,61357.420672,54758.544263
2286807382,44326.783006,44214.469369
3415942694,62488.943759,56614.709661
3219462073,45775.688485,37003.068010
2451465040,52676.384506,inf
2456128091,44635.470965,44751.755136
3128986,inf,53758.544263
2378995269,47967.355221,inf
2338822092,27004.456759,27310.610551
2892371434,43142.684905,inf
1190977430,47842.910710,47842.910710
2296352831,inf,44797.940292
3930311156,47836.678827,48089.057255
882132534,45480.977230,45624.364808
3065348671,41396.930972,42486.246519
722894520,inf,44231.843616
3971367676,42975.923912,inf
1156418529,42123.553741,42601.468060
1682157304,42814.445197,42877.406611
1682157304,42814.445197,42877.406611
1157820039,inf,inf
1682157304,42814.445197,42814.445197
362942272,inf,51679.596785
2965641209,38712.131186,40392.378944
2529702300,inf,46422.737723
2403996850,43831.141111,43893.164130
3377849537,38709.043165,38711.806601
3377885444,38712.865483,38710.748496
2491123521,inf,inf
2375337359,48727.598492,43804.636273
3122000916,41646.175509,42401.694567
3132135374,17678.072015,17678.072129
1723516043,44231.843616,inf
4090247373,48492.267139,inf
2281376353,59332.343103,inf
4197590911,26987.114229,inf
3492717733,43831.141111,43948.015567
3078339637,42250.999777,inf
3707094156,47003.731067,inf
1707652,-nan,nan
2369600786,48210.695471,inf
1125800235,42152.947781,42341.356865
849772950,53405.584087,53405.584087
2338895057,26983.065502,27666.172105
1430327826,45410.480276,45588.621107
1126662621,42152.947781,42558.120574
4169128774,27402.699407,27987.114229
1126662720,42152.947781,43123.553741
1156346650,42123.553741,42229.021190
1682122457,44080.509081,inf
3112713608,41881.564814,41841.330802
80177877,56782.465110,inf
3087787803,41802.188464,41881.564814
756275719,42752.988616,42737.738289
3661913255,42717.278726,42660.556579
3085236276,inf,37385.248510
2144076174,57962.701459,48442.422245
1003158265,36800.286009,36385.248510
3667922883,44804.636273,43804.636273
3188664102,41169.033015,41058.882019
3417308297,56519.537426,inf
3668138472,inf,43804.636273
3188735943,41058.882019,41169.033015
2436517638,inf,inf
3085340822,42641.456204,42641.456204
1761007289,51679.596785,51679.596785
3085340822,42641.456204,42641.456204
3080634164,43277.690932,43277.690932
2305768353,54109.684811,inf
885386488,53405.584087,53405.584087
4202334556,inf,25678.088611
2753451424,inf,inf
4242820045,inf,inf
1085130634,47495.171123,inf
271183102,54109.684811,inf
2337501142,28833.175113,28820.724426
3496311465,44781.622074,44846.398683
1916219163,36385.248510,36385.248510
4236646501,inf,-nan
1125800133,42152.947781,42197.793868
849665103,53405.584087,54649.070618
4168158537,26983.065502,27057.771411
878500723,45512.590011,45512.590011
4197734620,26616.418853,27472.280565
2287954101,44386.514420,43765.486368
3741521727,46009.231887,47043.976573
3370877758,38385.248510,38385.248510
3741629579,44736.320323,46823.806545
3890014978,45047.074381,44060.412317
2405278213,44216.023627,43765.486368
2336524307,27175.762269,28176.002887
3042440750,inf,54109.684811
1277369724,-nan,-nan
3042543119,57614.954904,inf
2337494606,28797.018628,28840.437859
3414684898,61357.420672,52686.308408
4160791384,31176.734080,31176.734080
3415978628,54758.544263,inf
2452607304,44577.868250,43765.486368
3219462142,45775.688485,36004.718341
3368649634,41396.930972,40389.600585
2456129179,44799.152952,44705.865107
955543113,39385.248779,inf
3746373328,44804.636273,43804.636273
3861265734,43765.486368,43893.164130
2375702219,54761.561108,55126.056331
2404182873,inf,inf
3164618929,43129.152983,43129.152983
3496275458,44765.486368,44813.646853
1916147321,52665.059900,36385.248526
3930347093,47836.678827,48228.661119
1916362907,36385.248510,36385.248510
1682154038,42880.928595,42880.928595
3158657745,42239.367763,inf
3377921381,38714.985581,38710.748496
3188484414,41169.033015,41169.033015
3132135444,17678.072015,17678.072151
1723551941,inf,inf
2281376422,56614.954904,inf
1384138805,45585.101155,inf
2799738342,44267.472389,inf
2406464165,44216.023627,43765.486368
3891236836,42506.990123,42506.990123
2453911719,57410.752353,57410.752353
2289108441,44025.737240,43765.486368
4169164711,26983.065502,27987.114229
3851349209,38800.286099,inf
3157754966,42123.553741,inf
80141936,55614.709661,58408.519651
3112713673,41881.564814,41667.028185
1687155815,45013.134750,45039.873027
3661915433,42727.732209,42660.556579
2144076242,57962.701459,47442.422245
368800005,inf,51679.596785
2290329210,44663.478043,45522.400762
1003373888,37385.248510,36385.248510
625216193,38381.059794,38381.059794
1054549726,inf,51679.596785
3855327105,inf,49019.035897
1102711752,54711.087060,inf
800265872,42724.164753,42724.164753
3040138609,44031.883550,44088.998782
2936316602,54287.945752,53405.584087
4240212226,33403.466818,inf
3057136927,43734.444866,43734.444866
2337502230,28819.145545,28820.724426
2337493516,27977.877289,30862.520251
3497245824,44781.622074,44846.398683
1750082481,36396.836438,36444.142402
1916255195,36385.248510,36385.248510
3042685775,inf,54109.684811
3196825019,39385.248779,inf
2338608650,31177.260606,28063.587355
3414936488,56659.720169,56614.709661
2338786157,27149.427749,27149.735951
1125800170,42152.947781,42244.078840
849701076,54391.594344,53405.584087
4168194406,26983.065502,27132.068100
1430255952,45025.773809,45496.802881
4197734692,26616.418853,29866.990580
2456093238,45736.320323,inf
2456195609,inf,45312.218086
3270889918,59408.519651,57231.901783
3151391328,49946.268579,inf
2603409744,46442.422245,inf
1963292358,38800.286009,inf
2563122621,46306.124007,46076.089402
1617303197,53109.684811,inf
3498638765,nan,inf
4122841915,28797.018628,28807.751544
4122913790,28842.463459,28820.724426
2337532722,28797.018628,28797.018628
3863483888,inf,47842.910710
3496275566,44765.486368,44846.398683
1359571403,36385.248510,36385.248510
3414720896,61357.420672,51679.596785
2338644587,31176.734080,31176.734080
878386378,41008.754240,41008.754240
878463692,45775.688485,35005.484464
2338898327,27987.114229,27987.114229
2281376353,60488.943759,61488.943759
3971547367,42660.556579,42877.406611
1798548402,52201.616060,54316.156220
2339802194,26208.317802,26328.001487
2928393424,inf,50233.953627
3040138609,44004.152078,44088.998782
291699884,nan,inf
3860151682,43765.486368,43915.469702
3164617840,43129.152983,43178.089539
3164618929,43129.152983,43129.152983
3497353568,44765.486368,44765.486368
3930383036,48261.258019,48196.784484
3497353640,44765.486368,44765.486368
1354541315,36396.836378,36396.836438
3930383104,48261.258019,48135.069415
3930418999,48261.258019,48019.035897
1682157304,42765.486368,42766.200298
4172228719,36385.248510,inf
2445780460,37375.292762,inf
3492681796,43765.486368,43930.074539
3294514552,44765.486368,44765.486368
139692861,31598.364152,31598.364152
2127419010,41434.441995,41434.441995
2166630633,41284.866293,41320.902738
764689331,45252.770166,inf
4283145824,42476.686056,42475.890576
762161887,44831.141111,inf
2637606372,28593.182012,inf
2084870694,57408.519651,57408.519651
3087785623,41448.779131,41924.281795
3483340143,42724.164753,42724.164753
2144938698,inf,46442.422245
2290331385,45522.400762,45522.400762
565220749,inf,57231.901783
3151535040,48738.443748,inf
2873760605,55960.193150,55965.214136
1716546836,44013.134750,inf
2975701009,47798.496765,47907.715529
1005530173,inf,36385.248510
956658249,47865.183681,inf
872538179,43262.969230,inf
281145359,inf,43262.969230
3217126170,41009.961044,41009.961044
2338722999,inf,48316.070117
3183704758,42176.721750,inf
3415870820,57021.571901,56614.709661
2409770337,44216.023627,43765.486368
2645885176,49261.258019,49261.258019
2831578488,43396.838790,inf
4090893919,28175.521690,28176.484244
2871037288,40076.863366,40014.175188
2127281797,51679.596785,51679.596785
3122003093,41630.195340,41630.195340
3132171320,17678.072015,17678.072287
3032286602,41352.861442,41902.392748
1355729414,57614.954904,nan
1182460333,inf,51024.810987
2876966888,41872.077438,42648.819111
911889231,43704.057218,inf
2375708753,inf,53101.045180
1005262341,55376.623616,inf
884164596,47689.003081,inf
1799515435,50024.810987,52405.584087
4201220509,26678.088611,26848.586344
3164620018,43119.094717,43139.281866
3497425442,inf,43704.057218
3810342650,inf,36013.884278
3971691143,42765.486368,42704.057218
3401451456,43559.288822,36385.248510
1353391327,51679.596785,53498.039187
3492645824,43704.057218,43889.809790
4225786197,41626.765397,inf
2405062594,44216.023627,43765.486368
3889979041,44463.692244,45047.074381
969515067,50707.673139,50464.668522
3294518912,43704.057218,inf
1485386447,40433.863822,inf
2779370006,40284.866293,inf
2126165572,59332.343103,59332.343103
2373332557,inf,56761.561108
250495435,36385.248510,inf
3315027597,43139.281866,43170.338537
564034967,58943.609744,inf
2527248359,43765.486368,43948.015567
685915350,53504.917474,51679.596785
578660312,44941.140207,inf
2877865375,43277.690932,inf
1005819161,55932.328044,57448.492327
1042570050,42329.683257,42482.535062
791953726,36577.893588,37577.893588
2496448426,38385.248510,39385.248510
4159569526,31177.260606,29634.279964
2559463232,inf,42704.057218
796661473,36770.538668,37185.576168
3508407750,inf,nan
1359427654,38385.248644,54127.417746
1111980216,31607.067289,inf
1310424153,46811.103951,inf
2971891754,45492.516719,45358.695967
520486995,49578.092747,inf
3032286664,41352.861442,42681.120237
3967110676,48261.258019,48019.035897
539417075,47319.610579,46742.747420
1789433525,57614.954904,-nan
3032322574,42641.456204,42721.905655
539417115,48295.581850,46742.747420
1789505304,59488.943759,nan
603717045,-nan,-nan
3113971399,41471.903940,41426.019147
4240499651,32285.585601,32248.729373
2649588751,47641.028926,37385.248510
3087825914,41471.903940,41296.520649
4240535627,32285.585601,32248.729373
1796114619,-nan,nan
2144974636,inf,45425.355870
95849787,29885.770266,inf
1424496060,inf,45425.355870
97215328,31598.364152,31598.364152
2954451327,45454.540729,45330.513628
2873760605,55962.701459,55966.052668
1716549014,43262.969230,45425.355870
2975701009,47798.496765,48025.884889
872753767,inf,inf
1847687577,inf,inf
778158258,inf,38233.021322
2456158579,46775.140199,43804.636273
3040138609,44004.152078,44066.463204
3854473641,43765.486368,43893.164130
144508485,32221.398964,inf
651451761,inf,37385.248510
2800780483,43267.472389,inf
3493688032,43893.164130,44005.035168
3061806453,49517.608433,50517.608433
3079308851,40388.675653,inf
3217090230,41009.961044,40984.612694
2338724089,inf,46338.932766
4285589513,42525.335194,41076.935412
2341087220,32323.408126,32248.729373
803931447,36770.538665,38659.962508
95777855,30971.014292,30971.014292
1546076029,inf,41984.179701
2450569578,inf,57410.752353
2878152807,43135.764790,41208.940647
800298542,41708.596843,inf
3130985489,17678.072072,inf
4130532781,42660.556579,inf
2289219511,inf,42660.556579
3126907819,inf,-nan
2577620696,inf,42660.556579
2403960913,43765.486368,43920.329182
2099717684,inf,44231.843616
912895427,inf,42660.556579
134833244,inf,48726.704964
2330429454,inf,42660.556579
1089013309,59332.343103,51679.596785
780600778,42660.556579,inf
3662781188,50386.953002,42660.556579
70042980,42442.422245,42442.422245
3497425514,inf,42660.556579
1359612784,51679.596785,52940.561062
2286550378,44457.142608,43765.486368
3223474726,42660.556579,inf
2879015296,41333.246114,41171.180843
817436173,42660.556579,inf
2500118015,43130.736556,inf
2445788083,45861.819342,42660.556579
3493939556,inf,42660.556579
2645028140,50261.258019,50261.258019
2829530051,42263.072704,42280.730218
2407434430,44078.520653,44188.950215
2291007472,58215.987874,58215.987874
3662777921,43704.057218,42660.556579
1345049297,inf,42660.556579
4112820242,25585.555602,inf
1678633301,inf,50261.258019
3551728500,50543.895987,inf
1010670684,inf,53109.684811
4229164234,40660.556579,40704.057218
3315028686,43139.281866,43139.281866
3065312705,42486.246519,42202.644691
3123154163,42485.053580,42485.053580
2910028994,42849.616596,43397.722831
3124260587,42474.565601,42474.565601
1765497385,inf,37063.320469
3124406517,42412.417197,42412.417197
803927091,36770.538665,36838.024049
27601417,42437.480887,42434.703211
1769044753,inf,50315.261066
1040162303,42551.708705,42459.277432
3008727116,45330.513628,45454.540729
3624977552,-nan,nan
739244291,38577.893626,inf
3081644754,42453.366436,43097.795319
3541439767,inf,46497.888355
791989601,36577.893588,inf
2418360477,38385.248510,inf
2338607561,31177.260606,28905.859356
805045494,36770.538668,37770.538668
2449028089,inf,-nan
1359427654,53614.954904,54929.510308
2971963592,44231.843616,inf
10223634,inf,33004.279787
1113166105,29597.364379,29599.425671
2370945311,38385.248510,inf
1359433103,inf,37385.248510
508466153,52018.498808,inf
922375440,43139.281866,43170.338537
2028083091,57896.760900,57896.760900
2639099622,inf,47842.910710
922376529,43139.281866,43139.281866
2488273473,47965.748851,52018.498808
2372288203,62488.943759,53109.684811
976135191,inf,51679.596785
2488306141,47965.748851,inf
922379796,43704.057218,42660.556579
1260874927,inf,51177.674081
509759857,47965.748851,inf
922518103,inf,42660.556579
2366327017,inf,36232.467620
4131521612,37385.248510,inf
3122034673,41619.202204,41619.202204
963314095,inf,45358.695967
2751456557,nan,nan
4241613766,32402.164536,inf
3081681777,42494.027008,42143.805500
2911250818,42494.027008,41856.096526
81471606,55949.153564,55949.153564
3113971438,41471.903940,41381.548844
3676306586,43395.346596,inf
1390006480,46355.858250,45941.969367
3081682866,42494.027008,41410.797681
756343237,41708.596843,inf
3437207528,-nan,nan
956656075,45811.103951,inf
1054513797,55614.954904,53109.684811
244529921,36385.248510,inf
3040311761,inf,43008.476188
2873760605,55966.052668,55959.358016
2405358102,46554.923381,46728.115401
4119356023,27175.521690,27176.002887
3808150554,36864.639967,inf
2200285456,44060.412317,45025.423216
1616260987,inf,55761.561108
1309435795,46694.673501,45603.254503
99587175,31738.006424,31738.006424
1309507631,45603.254503,47957.565445
1682264027,48704.461647,inf
2343532025,34402.164536,inf
1682264027,47704.461647,inf
4001127570,45948.015567,44944.746510
3188190781,44231.843616,45948.015567
1342533708,44916.336022,45243.371087
3455913064,-nan,inf
3550877532,54761.561108,54109.684811
4039344051,55405.584087,inf
4001129748,inf,44861.819342
1342569641,45350.304641,45010.263619
3339383842,46916.345388,46916.345388
4111361766,inf,47183.965650
40431575,inf,44231.843616
2327627273,inf,inf
1005926965,54932.328044,inf
3892350878,44948.015567,41081.726600
2645885176,49261.258019,49261.258019
2831614425,42396.838790,inf
4241434119,32323.408126,32248.729373
423544823,inf,53399.113492
3123077938,42442.422245,40363.481722
2373866836,-nan,inf
2935022838,48842.910710,48842.910710
4122949727,28832.363795,28820.724426
28751369,42403.897101,42462.325203
759969732,39244.925009,38244.925009
28751408,42403.897101,42432.132030
760005737,38244.925009,inf
2645030318,49019.035897,51650.262798
3079205396,42230.422845,42280.730218
2285518002,44216.023627,43765.486368
3892171198,42193.084542,42220.604764
1546255778,40966.813059,inf
1775154110,44831.141111,44765.486368
1044870115,40728.282039,42442.422245
2879015296,41265.684388,41140.597735
937287296,inf,54889.542619
1386474747,50261.258019,50442.688648
3079199947,42230.422845,42271.874447
4159857190,31176.734080,31178.841338
3415906757,57590.321564,56614.709661
3048685082,40123.996856,inf
2992001324,43760.796862,inf
800300720,40708.413715,inf
878568241,45358.695967,45478.442183
3197832619,17000.000014,inf
2570031235,50448.085870,50448.085870
2126163393,56614.709661,inf
2373336912,inf,51679.596785
23434791,-nan,inf
2491797274,inf,inf
805116278,36577.893588,36577.893588
2937895957,13584.962550,inf
2445311999,44157.112520,44617.044690
1001391117,53405.584087,54405.584087
3446740763,inf,51679.596785
1260875030,inf,50177.674081
779416053,35232.556536,48726.704964
2291007510,58215.987874,58215.987874
1832159858,-nan,inf
779272345,inf,37232.467620
2103539306,inf,inf
2166661125,39258.836416,39258.836416
2127425544,39392.945942,39397.744495
3315029775,43704.057218,42660.556579
3065312773,42486.246519,41841.130230
3034694385,41409.990237,41423.168796
1080243162,46495.171123,46640.792486
2375477837,inf,45251.346814
3080634164,43277.690932,43277.690932
3071278284,42938.605607,43106.057395
3123219507,42476.487145,42459.632396
3503490256,nan,-nan
2452585849,-nan,-nan
4284367618,42421.914691,42442.422245
740358406,37577.893626,inf
2910064870,42453.366436,43397.722831
1764275569,38385.248510,39385.248779
803784433,36865.709902,37965.197792
24942079,42442.422245,42421.914691
757382270,36772.600494,36965.245575
1875635579,38385.248510,36385.248510
757382332,36772.600494,37187.637996
3081891959,43277.690932,43367.042883
4155245042,49619.485471,49802.567436
803928180,36770.538665,36908.821791
27637290,42421.914691,42442.422245
29937260,42401.694567,42403.582248
103464394,42448.337707,42339.737916
2953548544,inf,49301.889284
3624977617,-nan,nan
2954522109,inf,47620.168592
1043720092,42221.209517,42060.813688
3032070979,41601.618783,inf
454246423,inf,inf
3033185089,42641.456204,42749.750919
1724630090,44231.843616,inf
3396886156,nan,inf
603753022,inf,-nan
3028549216,inf,36385.248510
796661411,36770.538668,36963.183746
65550823,42425.355870,42442.422245
426024379,inf,51679.596785
3999049758,47738.443748,inf
3086464665,42223.768085,42491.987172
1685785853,47442.422245,47442.422245
3069086122,42223.768085,42727.346667
2912544554,42424.712673,42647.995976
3081747117,42424.712673,42882.746826
2559426202,42765.509524,42877.209464
573574412,47842.910710,47842.910710
3125486807,41826.529764,42425.355870
2939943793,45568.942827,inf
51603189,42241.476327,inf
2329317588,43790.280307,43992.243830
3553956595,46442.422245,inf
1540254236,44257.407010,44257.407010
1451138524,inf,59332.343103
1043840500,inf,52672.812324
1105519248,51464.668522,inf
3218240214,45512.590011,39983.939033
956981682,47865.183681,inf
99443427,31738.006424,31661.688865
1309363852,45123.569424,45808.610088
22642047,42421.914691,42442.422245
3114007371,41471.903940,41140.165745
3676414400,42392.378944,inf
2337497874,28844.097832,28820.724426
2127459303,39388.518344,39388.623945
2166697062,39243.325028,39245.551473
1566115643,inf,31024.250114
2337498964,28833.175113,28855.103878
1035952535,49650.262798,55959.358016
916665817,46547.565735,46705.483136
1564708651,30901.625444,31004.854650
3889298613,inf,38385.248510
411672842,inf,51679.596785
3450370334,inf,40129.732271
3702847252,nan,inf
2873157566,39966.813059,39984.179701
1546291681,39966.813059,inf
4221753336,44351.897177,inf
3034442856,42602.562304,40519.156427
1791661518,51679.596785,52109.684811
1485386486,39433.863822,inf
2779370045,39265.714712,inf
2126165572,58385.295094,59332.343103
2993043435,42760.796862,inf
641413604,40708.413715,40708.413715
642276089,40708.413715,40708.413715
3198761540,inf,13584.962502
2973113543,45330.513628,46454.540729
1920896464,46478.442183,47796.161663
1563492238,25002.670238,25018.838133
2577585848,43139.281866,43170.338537
3122213272,42406.523806,42407.278806
4190048781,15585.633631,15585.298218
573808792,46939.733221,46742.747420
3123189015,42484.292756,42401.694567
2638811033,50942.191519,50464.668522
4282031712,42401.694567,42519.994681
2638814306,50464.668522,50707.673139
4283217767,42442.422245,42401.694567
2908950818,42754.595451,43259.408460
2495298328,inf,inf
2911214846,42494.027008,42404.865083
2913407038,42424.712673,43397.722831
803855217,36772.600494,37772.600497
3124411962,42409.267887,42401.694567
3081891959,43277.690932,43367.042883
3124440276,42410.515631,42401.694567
3124440276,42419.390963,42401.694567
3124444632,42437.307125,42401.694567
2326441354,inf,54109.684811
803929269,36770.538665,37061.778303
27637423,42442.422245,42401.694567
31159153,42401.694567,42401.694567
2451618819,nan,inf
1040198332,42442.422245,42401.694567
1128219342,-nan,inf
1042498301,42404.085797,42401.694567
98257501,31629.679095,31629.679095
3358501115,56614.709661,54758.544263
3134722840,17678.072136,17678.072136
1724665988,inf,inf
603753086,inf,nan
2007538545,nan,nan
625359945,37385.248510,37385.248510
2861249987,inf,40598.827883
4241721512,32248.729373,32248.729373
99515301,31738.006424,31738.006424
1082975925,55614.954904,55614.954904
4227008017,40561.457377,40585.163410
3661919789,42801.181518,42660.556579
620239391,48061.337625,49666.065213
2601889217,inf,25976.030133
1715287952,43262.969230,45425.355870
3070164202,42018.303666,42425.082277
620131617,47620.168592,47890.713920
2489408813,45966.158660,46842.910710
3070164264,42018.303666,42821.727393
1685790209,inf,45425.355870
620167516,48223.982228,47620.168592
803782253,37313.153675,inf
2913658567,42190.295219,42704.752308
1764239661,inf,38800.286099
24942017,42442.422245,42459.277432
2913658629,42190.295219,43511.817061
2306990181,inf,inf
3484705753,40708.413715,40708.413715
3485855771,40708.413715,40708.413715
3485855837,40708.413715,40708.413715
756385708,40708.413715,40708.413715
85142324,55962.701459,53222.375336
2162117095,24975.966906,inf
800404177,inf,36232.589043
4285517666,42525.335194,42377.291720
308474549,36385.248510,-nan
2087097695,inf,nan
2429065537,19975.938837,inf
3377993220,38710.748496,37123.512668
108100232,42411.769205,42442.422245
3376735425,38109.546557,37003.803719
874977808,45375.452646,47044.440690
2286843321,44474.386054,43765.486368
572318493,27027.382875,26330.289520
3449292230,inf,52688.079112
1766683311,inf,37385.248510
803856306,36772.600494,inf
3513115495,inf,-nan
3125668668,42425.355870,37363.743349
964771349,inf,52405.584087
2636738435,29600.783431,29600.783431
2973113543,45330.513628,45790.669991
62715877,21932.091824,21932.091824
3034694377,41396.930972,41423.168796
99942533,42442.422245,37363.743349
957352917,48941.087330,inf
2451495245,46939.192126,46939.192126
1541619845,39966.813059,inf
2412489381,50464.668522,50464.668522
2560680734,inf,46690.501225
1563706771,21932.091824,21932.091824
963441648,55962.701459,53287.945752
2603283270,34009.612287,34016.273802
2636735172,30607.067289,inf
950767852,45811.103951,inf
3164591704,43153.413779,43190.004883
1843992921,48993.839260,inf
3380047883,43586.118582,43631.556097
4239542137,24976.062022,24976.172334
3295880162,46539.922738,45355.858250
2911214885,42494.027008,42312.495920
2410920324,44216.023627,43765.486368
3893429019,44948.015567,40132.056843
2451493354,60488.943759,51679.596785
2951536198,39792.862333,39792.862333
3123079027,42442.422245,38634.468896
2496801563,inf,-nan
2375415765,46372.995713,46539.771436
53939025,41074.365338,41496.641072
643569786,35232.556536,inf
1038940441,42550.840134,41085.063908
3377993289,38710.748496,36385.248510
32201324,42187.449725,42401.694567
22250753,22980.318611,22981.859769
4159857022,31176.734080,31177.787324
213660038,36385.248510,inf
3380045705,43631.556097,43696.967640
2605760745,33004.279787,33006.074267
108136172,42421.914691,42401.694567
3376735494,38109.546557,36385.248510
573180947,26028.482670,36385.248510
756453222,36385.248510,inf
2290971570,58215.987874,58215.987874
2374418288,60408.519651,60488.943759
4108983390,45812.554912,inf
4277216189,42442.422245,42303.895741
3857995464,inf,43887.730830
3067720481,42270.507639,42186.910027
2022592383,inf,42660.556579
764798233,44133.372402,41926.677467
1983528869,44254.320062,44932.340903
2938794316,12584.962530,12584.962530
3555657180,38649.861567,38649.861567
2836465958,inf,36385.248510
3610209489,inf,50817.868207
2599831135,15584.962883,15585.633631
3086387349,42228.103405,42605.611997
963693209,55962.701459,52405.584087
9037711,34016.273802,34016.273802
2436147740,22975.943254,inf
2338673885,38385.248510,inf
4248933739,42406.523806,42406.523806
2191836992,49817.868207,inf
3066534629,42493.354780,42727.346667
1394696345,47620.168592,47620.168592
62751745,21932.000986,21932.182667
2105382308,43765.486368,inf
3511965412,inf,-nan
3125667580,40835.308635,39088.871261
2636736261,29600.783431,inf
1311574072,inf,inf
2973113543,45330.513628,45531.519435
2436181134,24976.009401,24976.035712
1624562471,53109.684811,inf
2436253040,24976.009401,24976.062022
1798547313,52201.616060,54316.156220
853258840,53405.584087,53405.584087
4198992415,26208.317802,26266.918904
2329468959,43790.280307,43992.243830
2191872930,48301.889284,48301.889284
2436145134,24976.022556,24975.977352
3081683955,42494.027008,40035.949051
613700940,inf,47277.895649
2291151221,55260.645993,56260.645993
2879051268,43135.764790,41025.496510
2371968038,51679.596785,51679.596785
3897528249,inf,38385.248510
1936004220,inf,47620.168592
3929125234,inf,46690.501225
1342641546,45010.263619,45354.398846
4202334724,inf,24678.076101
3550764067,inf,47842.910710
18836738,24940.715305,24943.866852
2032527795,5584.962501,inf
2404127868,21975.940552,inf
2524730881,inf,36385.248510
3744037317,46360.102699,47360.102699
2611630517,inf,35232.556536
39784784,-nan,inf
3046134639,35232.556536,inf
1793728489,inf,55406.679137
2973113543,45869.578228,46454.540729
2127458252,60797.715465,inf
3067720520,42270.507639,42107.892342
28787274,42421.914691,42442.422245
2465721285,24976.518098,24975.977352
1755759548,43765.486368,43765.486368
1798550580,52201.616060,54316.156220
4199890882,26208.317802,26760.893978
2467194702,24976.009401,24975.977352
854444761,53405.584087,53983.534759
2339829423,26760.820263,26760.967696
1141096903,55405.584087,inf
2468236875,24976.009401,24975.977352
882906794,48689.003081,53983.534759
1799479501,51595.453892,50892.558924
4200178343,26760.820263,25809.330900
3596727519,30587.323942,30587.323942
2469314985,24976.009401,24975.977352
1764383380,38385.248779,38385.248779
3106799580,44805.758185,44805.758185
574546553,30390.995170,23931.549147
2638807624,37385.248510,inf
3450514115,inf,52688.079112
3853000221,inf,43887.730830
1540218361,44095.543248,44349.987817
2126382284,60488.943759,57385.295094
2633980988,inf,32300.651402
289615544,nan,nan
2471902449,24976.009401,24975.977352
4280777989,20931.544776,inf
103284743,42445.602073,42445.602073
25880388,inf,26028.482670
2933944767,52222.375336,inf
4111608969,inf,37385.248510
24658532,28100.839726,28127.473296
2470572780,24976.009401,24975.977352
259913767,46547.565735,inf
1288924419,39385.248779,inf
3115965676,41392.378944,41470.342982
1798549491,52201.616060,54316.156220
2339828330,26208.317802,26458.310306
1459011760,39385.248779,inf
3124267125,42521.147080,42401.694567
85958989,40383.613055,39480.806580
3082829588,41801.217310,inf
3518780168,51201.616060,inf
2339830512,26760.820263,26761.115143
22570207,42502.474973,42491.274985
86102669,40392.378944,37383.613055
4042619420,41470.342982,41467.095510
3677528478,inf,36383.613055
3196827193,38385.248510,inf
2450055683,44076.825661,44489.826869
570881013,inf,29642.792906
3548428160,50892.558924,53021.179361
4201076761,26760.820263,24517.187445
3549470327,52405.584087,52405.584087
2339869712,26678.088611,27041.958027
3369763711,40393.120285,inf
1800955092,inf,29586.333663
396473086,52222.375336,inf
3042655286,55761.561108,inf
918932026,46478.442183,46620.168592
3880878095,38385.248510,inf
4043841340,inf,40392.378944
1005783249,59369.928655,inf
2326441390,inf,53109.684811
574654391,inf,22931.547091
3451448514,inf,51679.596785
2965428854,39386.104533,inf
1451138586,inf,57385.295094
2374342059,57896.760900,51679.596785
1007005075,53672.812324,54761.561108
1342749431,45303.364886,45519.317922
2339907832,inf,21678.074098
2060774216,4584.962501,inf
39202090,45358.695967,inf
3859073580,43790.280307,44000.806573
3613515729,inf,inf
4191378453,inf,inf
2836465889,inf,37385.248510
1353392419,52740.337937,53498.039187
3105469911,44805.758185,44805.758185
2452427525,44094.181176,44396.207819
4108984479,44773.733466,inf
3314170554,43285.497716,43342.529080
2127458252,60332.343103,61488.943759
3086424372,42270.507639,41961.763796
2977975785,inf,51679.596785
569856661,55126.056331,inf
2469530607,24976.009401,24975.977352
4286991083,42543.895987,42471.043948
2636544830,50368.901225,inf
2741135306,42660.556579,inf
3291893076,60040.404706,36385.248510
841847984,44783.596491,44783.596491
102170626,42431.471599,39966.813059
4261494823,inf,43781.622074
800403088,inf,37232.589043
3867043829,inf,42660.556579
886464594,47247.357119,47516.331208
1716516344,45039.873027,inf
27317929,25016.598206,inf
2337712407,27149.427749,27152.963679
2559426202,42765.509524,42827.747782
3854186140,43765.486368,43915.469702
3040138609,44055.326060,44214.997221
1995450256,inf,51679.596785
3450478153,inf,38111.090021
574510748,24915.247497,53567.825323
2127458252,60332.343103,inf
3067756453,42270.507639,41707.586308
1358427952,38385.248510,53509.276816
1141556401,29597.364379,29599.425671
1920932432,46620.168592,inf
2908950886,42754.595451,43844.370960
2630459061,inf,23975.954388
4284331713,42486.875926,42461.681311
53939126,42094.834466,41074.365338
3892171262,42193.084542,42248.660174
1386690330,49395.147519,inf
2982365577,-nan,-nan
3417128682,inf,51679.596785
3048693790,39107.877164,39120.151514
3195710972,45562.055760,inf
2127458323,56614.954904,inf
3067792390,42270.507639,40729.969449
3419046945,45258.314205,inf
886392720,47516.331208,47885.187554
4202478309,inf,22678.074098
1562377102,24932.816466,24943.866852
3541296019,inf,46497.888355
2908986784,inf,42754.595451
843105806,45309.426464,44309.426464
2959447655,inf,nan
2608200105,34006.074267,34006.074267
3488083895,inf,37385.248510
2290971535,58215.987874,58215.987874
1832088083,nan,inf
3662775743,43139.281866,42660.556579
55636226,25014.361752,25018.838133
800366060,40708.413715,40708.413715
2151486277,24975.966906,24975.971236
3455774562,43170.338537,inf
40388015,45397.346694,45515.981172
4111290981,43477.535263,42704.057218
3379875620,45336.421715,inf
3315024330,43238.603855,43238.603855
4277324003,42442.422245,39535.145538
3086426550,42270.507639,40002.055261
1358429041,53614.954904,54929.510308
4281891970,19931.544182,inf
800374772,38699.353336,38702.885775
1922154326,45358.695967,inf
3125453046,42122.565605,42255.389944
1562480557,22976.468824,22983.951770
2120230519,52633.200663,inf
1038976378,42550.840134,39542.123474
2280720278,inf,22975.943254
1459263350,38385.248510,inf
3124269305,42502.474973,42515.220194
86066732,40392.378944,38214.659415
3082833944,41795.487111,41801.217310
919291691,nan,-nan
2603241888,26585.881682,inf
1561411162,18931.543906,inf
2472944622,24976.009401,24975.977352
2452571306,44397.774647,44232.086737
574402839,inf,25330.289520
2603208123,29001.701180,inf
22322685,21976.468824,inf
2441898048,44176.986886,43765.486368
3155097802,42550.840134,38634.468896
2280648404,24975.954388,24975.966906
3485891705,40708.413715,40708.413715
4128843395,27150.542206,27151.425074
2559425113,42852.266664,42886.909322
22394533,20976.317515,inf
469964246,30587.323942,30587.323942
470036188,30587.323942,30587.323942
883311925,44231.843616,44358.695967
2599833318,15584.962995,15584.962772
3066570505,42228.103405,42727.346667
872502211,inf,44309.426464
67814890,40835.308635,38321.671460
964699474,inf,53405.584087
2973113543,45330.513628,45612.838201
3122071697,42407.802074,42433.855497
339308397,inf,nan
3085414871,41227.027089,40519.156427
2280720173,inf,23975.947022
844004237,43262.969230,inf
2405377118,6584.962501,6584.962501
2954449142,45662.195316,45909.086667
2577617429,43704.057218,42660.556579
1087683643,55932.328044,57448.492327
144580301,32189.896753,32189.896753
3040138609,43846.286626,44088.998782
2597526812,25170.355738,inf
3591406616,nan,-nan
3017029164,inf,inf
882277140,inf,45425.355870
1213702801,inf,inf
2417196298,inf,inf
2286807382,44326.783006,44365.331994
570952887,inf,28638.719803
2339870801,26678.088611,27527.972021
3597050955,inf,28586.333663
2286434193,inf,20975.939866
1566187513,32065.443682,32253.604431
2329395993,inf,42660.556579
3040168010,43976.943622,43976.943622
2528400359,43090.874387,43130.736556
1046199748,42442.422245,42442.422245
2279606130,24975.971236,24975.971236
540603005,inf,47742.747420
3135872890,17678.072136,17678.072136
3164731100,inf,42660.556579
2974371979,10584.962502,10584.962502
3164590615,43153.413779,43238.888681
893372350,55126.056331,inf
3124297618,42502.474973,42480.161276
86138574,inf,36383.613055
2950314369,40795.487111,inf
3402493657,inf,44797.940292
1252300260,38385.248510,inf
3553992531,45425.355870,inf
1540254298,44095.543248,44257.407010
2476325306,21390.977594,21390.978652
2942567735,10584.962502,10584.962515
4188826995,15584.962730,15585.260986
3122179512,42406.901257,42509.126799
2456123735,44692.441775,44781.575382
3164591704,43190.004883,43190.004883
3867041651,43704.057218,43765.486368
2941202096,10584.962502,10584.962511
2974336007,10584.962502,10584.962515
347191286,inf,51604.163706
3126747868,42448.337707,42393.016188
86030795,40392.378944,38926.566856
2968441775,45568.942827,inf
2939980268,inf,10584.962522
3156099073,48738.443748,inf
4283217634,42421.914691,42442.422245
52968762,41285.360059,inf
56490549,inf,36383.613055
3270885562,58943.609744,55126.056331
1538996541,44444.641797,44488.991842
2865884769,inf,36383.613055
2069147530,6584.962501,6584.962501
2756231817,-nan,inf
1044870075,41355.728693,42442.422245
834694603,44765.486368,44831.141111
3315023241,43238.603855,43285.497716
2127458252,57614.954904,inf
3086425461,42270.507639,41303.696971
1394804191,46478.442183,inf
798925442,36577.893588,inf
2973365176,inf,45330.513628
2337531633,28797.018628,28797.018628
214633143,44231.843616,inf
2414693866,60488.943759,51679.596785
2449189506,17415.037528,18000.000058
1720542263,57488.943759,57488.943759
2405450080,6584.962501,6584.962501
2973113543,45330.513628,46229.691233
2452534391,inf,45845.175659
258799718,47547.565735,inf
4128951209,27149.427749,27151.348912
2559426202,42827.747782,42827.747782
2200110127,49608.314487,49998.519881
1475040013,-nan,inf
539453087,49401.943274,46742.747420
3967218454,inf,46690.501225
932535891,50883.657835,inf
2603211392,27586.333663,28586.333663
2066739751,6584.962501,6584.962501
2953587747,46192.805428,46248.007152
2528400433,43090.874387,43130.736556
644719770,36385.248510,inf
2193238537,20931.544776,inf
3809228635,35861.433466,inf
895354103,inf,36385.248510
1394696385,47620.168592,47620.168592
1877299388,36385.248510,36385.248510
1498396931,54761.561108,55614.954904
1394732282,47620.168592,47620.168592
1878161915,36385.248510,36385.248510
1044834138,41935.058694,42442.422245
1486716186,39389.574707,39387.884897
2066919444,6584.962501,inf
764865750,45226.377820,45161.291906
2402887159,43840.831384,44918.771722
2562021060,10584.962515,10584.962502
2286506104,inf,18975.938411
103536272,42453.542907,41981.539157
2347129181,9584.962502,9584.962502
3122040120,42377.269635,41071.388885
920435141,nan,-nan
2375408144,47571.598903,47738.905401
2082396486,46690.501225,47836.529130
2334081680,22678.074098,inf
890928564,inf,51679.596785
3415697387,45358.695967,45478.442183
2291365938,inf,43781.622074
1836382440,inf,29586.333663
3016130772,inf,8584.962501
29973197,42401.694567,42401.694567
790659996,44831.141111,44765.486368
2358847212,inf,19975.938837
3765697216,45161.291906,45226.377820
1985828840,43704.057218,44417.064629
2561994924,10584.962515,10584.962509
733713776,inf,inf
88350738,35010.480592,inf
2066775688,6584.962501,6584.962501
2286506030,inf,19975.938837
103500297,42453.542907,42198.323444
2489516591,45966.158660,45966.158660
539396143,48990.039830,47620.168592
2996493385,39745.689750,39750.563165
3182590714,42176.721750,43176.721750
2453758420,inf,43804.636273
2378145412,46661.967071,inf
565148874,inf,57943.609744
2937715704,46826.013593,inf
2289179226,43765.486368,43765.486368
2603409679,47442.422245,inf
2867388680,inf,54053.504130
1237025188,inf,36385.248510
573534116,49376.954440,46690.501225
60771203,42401.694567,42122.565605
6450247,31002.790505,inf
2575315283,inf,46393.720141
471222077,inf,26585.881682
4243147946,42397.075235,42420.769974
1079200959,46550.034653,46593.490377
1794965725,nan,nan
1456587800,51802.856403,inf
2751522985,nan,nan
3034406884,40830.105047,40519.156427
1355767523,inf,51679.596785
334447034,inf,38376.207437
2102339992,45358.695967,inf
925743771,inf,inf
3517414564,52201.616060,inf
4198704991,26237.320832,29866.990580
1332366770,inf,36232.589043
3124440276,42410.515631,42406.098357
4279419423,47842.910710,47842.910710
2597528994,24170.223992,inf
2952758083,inf,36385.248510
922346037,43250.864366,43330.648299
3928398068,inf,39385.248779
3156283727,42421.914691,42442.422245
277803278,46342.330637,inf
2151517854,24975.954388,24975.966906
3034406884,40745.862799,40519.156427
1790583506,inf,54109.684811
4243076038,42377.269635,40392.378944
642527650,inf,38701.118474
791953664,36577.893588,36992.931087
914038057,46662.195316,46849.485750
165435608,34610.698782,inf
3034406884,40745.862799,40632.966652
1790583407,inf,55761.561108
4277431846,38246.166659,42401.694567
2285624730,44274.069590,43765.486368
3925448893,37893.229678,38489.546296
3417272393,57519.537426,inf
2072212424,49578.092747,inf
1078183676,42442.422245,42401.694567
3965150357,inf,inf
3125521653,41404.610103,42425.355870
2561921961,11584.962526,inf
756422730,35232.556536,inf
1342677456,45407.304494,45303.364886
1006070713,54761.561108,55126.056331
3550800032,inf,inf
4202370496,inf,23678.076101
2754021312,50368.901225,inf
2405301979,inf,0.000000
2953584476,48104.260395,48932.089386
3693116220,47281.777221,51679.596785
2064511659,1000.000000,inf
2687275850,47689.956031,47996.901029
2936710070,14584.962550,inf
3164623285,43704.057218,42660.556579
3155096713,42550.840134,40373.164394
3204764111,8584.962501,inf
641413670,40708.413715,40708.413715
105692488,42442.422245,42442.422245
63865792,21932.000986,21932.182667
1358420331,36385.248510,36385.248510
2972179925,10584.962515,10584.962515
2954449142,45662.195316,45662.195316
170446775,52103.122981,inf
2995271556,40748.124399,inf
3126943715,inf,nan
2610408662,inf,36232.589043
3761133289,45123.388524,45021.187852
3020138991,inf,37232.589043
2971029809,10584.962515,10584.962502
2458888124,inf,inf
2605756389,33005.176748,33005.176748
2405378206,6584.962501,6584.962501
2954449142,45662.195316,45849.485750
588128795,53109.684811,35232.556536
3855363039,inf,47836.678827
3084196283,41752.426332,41757.046574
2291331082,44846.398683,43804.636273
1254671009,inf,inf
2598701630,inf,44231.843616
3373177732,39385.248510,inf
1716544658,45013.134750,45039.873027
2873730111,54888.877818,55580.933554
2564258952,inf,6584.962501
2597526812,25170.355738,26170.842886
1836386800,inf,27585.975172
3595577499,30587.323942,30587.323942
2285284241,16975.937654,inf
2970993932,10584.962515,10584.962517
926398456,54701.550634,inf
3371057379,inf,37385.248510
3741701412,44736.320323,inf
2954449142,45849.485750,45662.195316
4122841987,28797.018628,28818.564907
3772619638,55376.623616,55376.623616
170410841,inf,53117.421657
104686218,42442.422245,42543.895987
2865883677,inf,37383.613055
2069111593,6584.962501,6584.962501
3126776182,42425.355870,41596.071975
834721833,44765.486368,44831.141111
1044870178,39966.813059,42442.422245
3040138609,43846.286626,44031.883550
2562890082,10584.962515,10584.962516
4286991021,42543.895987,42507.010163
2067961641,6584.962501,6584.962501
3084191927,41757.046574,inf
2603211392,28001.371163,inf
2952369155,46930.742512,46568.942827
2441789845,17975.937862,17975.938146
1014372192,59369.928655,inf
2561955713,10584.962502,10584.962513
2337676470,27150.542206,27151.425074
2200107949,49998.519881,inf
22394601,19976.204492,inf
2069291286,6584.962501,inf
2559424024,42900.291784,42961.304148
2337636178,27157.458289,27153.591953
3510412506,inf,36707.176604
2911286755,42494.027008,40796.195565
1390078355,46945.420715,45355.858250
3016130738,inf,9584.962501
842853397,46850.280046,47128.286637
4188826923,15584.962730,15585.111850
3122179512,42457.108789,42509.126799
1619675006,58614.954904,60332.343103
4272021149,32003.738805,inf
3155095624,42550.840134,41639.294100
3204735797,9584.962501,inf
134581652,inf,52871.134123
28823280,42442.422245,42401.694567
803967383,45838.749727,inf
2357697300,20390.977365,inf
1359612784,53614.954904,54929.510308
4190048781,15585.549249,15585.298218
1393654243,47641.028926,47822.577354
62679871,21932.091824,21932.091824
1541583972,40966.813059,46519.784956
341261674,56376.623616,inf
3158653389,42123.553741,42175.323912
1682122457,45080.509081,inf
2856490809,44511.998279,inf
1884204786,inf,56405.584087
2610633047,38385.248510,inf
3223055779,inf,44231.843616
3204733619,10584.962502,inf
3155094535,42550.840134,42263.645583
1906803706,inf,36385.248510
2478733080,20975.940552,20975.940552
2337429261,28804.542166,inf
1048679400,42532.039672,41508.110456
1884240785,inf,54222.375336
2450447296,16584.962515,inf
2063217924,2000.000000,3000.000000
4243111977,42397.075235,42408.873960
310882262,-nan,nan
2375411411,inf,46571.598903
104434730,41022.473127,42492.267139
2972215793,10584.962515,10584.962515
4189905032,15584.962772,15585.423644
3594535363,30587.323942,inf
3657646334,17975.937862,22975.943254
921549192,inf,52109.684811
1443638678,inf,43781.622074
875013742,44627.365967,44920.169039
574510651,24915.247497,25915.252019
3450442283,inf,39118.438560
3853143975,43790.280307,44000.806573
4189940970,15584.962772,15585.884664
1310513837,45820.886333,50272.155747
2965670608,inf,37709.043165
468778364,30587.323942,inf
3886529084,46475.336101,45713.816130
2332752012,18678.072473,18678.072177
2195510191,45826.881719,45988.590852
23756126,42526.706010,42478.644199
87216689,inf,38383.613055
3966372256,18678.072177,18678.072177
3890985276,42756.018731,46669.629088
2406284477,44216.023627,43765.486368
2872079457,40103.020446,40051.172100
4091001730,27149.735951,inf
2979997422,46219.027251,46219.027251
2427915622,20975.939866,inf
104470595,40735.767671,42492.267139
3657574454,18931.543906,inf
2603211392,27586.333663,inf
165651157,34193.471481,35200.050883
2989449762,41392.378944,41395.346596
3966336277,inf,19678.072325
3732323455,45905.471759,inf
2329532118,43704.057218,43838.529869
3657538517,19931.544182,inf
2290441374,44846.398683,43804.636273
104470595,40735.767671,41368.016906
2063325742,2000.000000,inf
17578937,inf,17975.937862
2451279660,46939.192126,47091.518257
2257431059,nan,nan
2989306078,41392.378944,41395.346596
2486855234,44294.066268,44216.960104
2122784225,35232.556536,inf
2087098784,inf,-nan
2429101481,inf,18975.938411
957358362,47732.146822,inf
2292301201,inf,51679.596785
2450235460,44533.832677,43765.486368
571060698,37385.230012,27640.400292
3122110906,42266.356633,42411.790860
3373429290,inf,36385.248510
3590400480,-nan,inf
3016130809,inf,7584.962501
471186143,inf,28586.333663
883949001,53405.584087,53405.584087
4201076833,26760.820263,23678.088611
2444233565,18975.938411,18975.938837
2567852651,17678.072136,17678.072136
800339924,40708.413715,40708.413715
2498239139,inf,inf
3124549176,42401.694567,42401.694567
1479492783,59369.928655,59332.343103
2635238777,inf,26976.111591
804863632,44765.486368,44831.141111
2358883151,inf,18975.938411
1359612784,53614.954904,53614.954904
803930358,36770.538665,37426.229791
1685782586,47442.422245,inf
3069050150,42223.768085,42318.812279
4190048781,15585.549249,15585.549249
1766719251,inf,36385.248510
3124414142,42416.881173,42401.694567
2953587747,46192.805428,46427.543237
585792788,38233.134964,37385.247993
2029376787,61488.943759,60488.943759
2984809393,nan,inf
2405163678,4584.962501,4584.962501
1561374133,21931.545189,21931.819327
4244154148,42407.802074,42460.388081
16393022,19976.090963,19976.165880
885314614,53405.584087,53983.534759
2764482725,55376.623616,55376.623616
4201292424,26678.088611,29866.990580
917771926,inf,37385.248510
1801811050,inf,27585.975172
968185363,inf,51978.054413
2264117338,inf,44797.940292
3034406884,40830.105047,40666.269435
1790619344,inf,53109.684811
55708158,24002.670238,inf
238488203,39385.248779,inf
917849560,45715.178732,45817.634467
2372153170,54107.520048,39555.055999
4283013187,-nan,inf
3966336349,inf,18678.072325
2029484598,inf,60488.943759
3373429221,inf,37385.248510
16464954,18975.938411,inf
3553812877,47442.422245,inf
1540218299,44217.163318,44349.987817
3445698559,55614.709661,inf
329772394,inf,51679.596785
1043732689,53672.812324,54761.561108
3661921967,42880.152908,42660.556579
2449225473,17000.000014,18000.000058
696658953,37385.248510,inf
1562303050,19975.938411,19976.243105
167987136,35013.884278,35013.884278
1715285774,44013.134750,inf
3661917611,42751.802204,42660.556579
3299175608,53109.684811,inf
4280706057,21931.818376,21931.819327
2291297328,inf,43781.622074
1254630720,39385.248779,inf
104470595,39966.813059,42492.267139
1685788031,46442.422245,inf
620131577,47620.168592,47749.108683
168957364,34010.480592,inf
2453828119,44240.771139,43804.636273
1008722335,52405.584087,inf
1040126334,42551.708705,42549.972084
2748359477,38385.248510,inf
104542470,42442.422245,42543.895987
3965330144,inf,20678.073575
3391820372,51608.769037,51025.664514
3297661050,44938.605607,45106.057395
887758326,53553.328637,55962.701459
1343791503,44765.486368,44904.273808
1156310652,42123.553741,42174.202777
1704989539,38239.210304,38242.683597
3970181829,46229.279945,inf
3510800052,inf,inf
2856490809,44511.998279,45536.281585
2288806000,inf,17975.937862
110651798,42550.840134,42400.108218
1359286088,inf,37385.248510
3065420585,42641.456204,42705.285027
1541404223,46519.784956,41977.432434
532589120,48307.077023,inf
2560649153,47836.678827,44351.897177
29937322,42401.694567,42401.694567
804861449,44765.486368,44831.141111
2358775379,20975.939866,19975.938837
2645885176,49261.258019,49542.745732
2830715965,41394.072013,44403.291749
2950386216,39792.862333,inf
22606174,42502.474973,42434.703211
3315025419,43217.930245,43259.578028
1484416218,41434.441995,41434.441995
1331798115,45515.981172,inf
4283181761,42476.686056,42434.703211
52932824,42300.405530,41270.490576
85115107,54405.584087,inf
2161260052,25975.984226,25975.984226
2070333483,6584.962501,6584.962501
2195538505,45694.207819,45694.207819
2372182572,inf,35232.556536
3449220351,41143.778819,38111.090021
2873760605,54888.877818,56960.193150
2879015296,41333.246114,41025.496510
965461911,inf,53109.684811
4284403624,42442.422245,42401.694567
2493351613,nan,inf
1077979101,47789.971028,48643.034355
761300831,nan,inf
1044834138,41799.089127,42442.422245
1044834138,41935.058694,42198.586191
1486716117,39388.307164,39388.729555
2465972837,24976.282655,24976.062022
278917325,44309.426464,inf
878464781,45775.688485,33004.279787
4167871046,27004.456759,inf
171401144,inf,33004.279787
2952686182,40940.058624,38385.248510
803749579,49357.706265,49357.706265
23792031,42421.914691,42442.422245
2865956643,inf,36383.613055
922344948,43250.864366,43310.284872
3491603755,inf,43838.781812
3156281547,42432.132030,42401.694567
2481276066,47422.491061,inf
2405448992,6584.962501,6584.962501
3966551904,inf,inf
2836430050,inf,38385.248510
2811353936,inf,37232.589043
2450369157,49543.895987,inf
3040133161,44282.047514,44444.641797
1015378396,54932.328044,inf
3028513254,inf,38385.248510
3488083826,inf,38385.248510
4244297863,42353.251344,42401.694567
3373393350,inf,38385.248510
919251398,37385.248779,37385.248779
2603207034,30001.701180,inf
97226998,46752.803413,inf
2865882588,inf,38383.613055
3164588437,43214.239747,43327.078400
89428784,33005.176748,inf
3314133528,43523.341280,43625.433022
2972773985,47036.295156,inf
107956515,42511.655221,42440.001008
2965634671,39320.331526,37453.234807
2529667452,47700.453369,49452.625509
1038904504,42550.840134,42024.240319
2485884872,44042.838986,44329.181457
1331252690,inf,37232.589043
3487077590,inf,37232.589043
3086638910,42641.456204,42705.285027
1738159291,inf,37232.589043
3313837081,inf,inf
53974999,41075.033352,inf
4284331752,42486.875926,42432.132030
2879015296,41265.684388,41025.496510
2371964772,54761.561108,54176.598608
838073775,inf,37385.248510
3136538932,37232.589043,inf
761300790,-nan,inf
834689156,44831.141111,inf
1044834138,41799.089127,42085.189164
3171306232,nan,inf
2752409276,38111.090021,38118.438560
760366534,nan,inf
1043720130,42060.813688,42401.694567
2166697062,39243.325028,39247.781358
1486716117,39388.518344,39388.729555
2465757285,24976.234693,24976.234693
2466044751,24976.149938,24976.149938
84808905,inf,39383.613055
3219498046,45775.688485,34005.897561
3552313708,inf,inf
3040170188,45688.256786,42964.031835
2836394016,inf,39385.248510
3062848731,46852.861112,inf
3926634814,42970.197476,35461.150119
143502252,33289.400783,inf
3040138609,44055.326060,44088.998782
1253563267,37800.286099,inf
756420553,39385.248510,38233.144707
3086638910,42641.456204,42705.285027
2443125478,45425.355870,inf
4092828314,inf,45845.175659
643461976,39385.248510,38233.144707
109178347,42442.422245,42401.694567
3126855680,42478.128556,42440.001008
1358429041,55488.943759,38385.248644
2403101690,44025.865694,44162.652724
3126853500,42496.539375,42401.694567
1991722504,44162.652724,44242.736679
109358066,42442.422245,42425.355870
3377849471,38709.043165,38710.424221
743880204,38577.893626,inf
3028513213,inf,39385.248510
3661880585,42688.638904,42710.652826
2530852284,47644.096972,47825.921792
3027363232,41396.930972,41396.930972
64185284,41177.152670,42401.694567
1910253617,36385.248510,36385.248510
1489123964,inf,37385.248510
2167564999,38233.144707,38234.836753
1142210884,52707.673139,inf
3046101974,38233.144707,38234.836753
1141132814,54222.375336,inf
3083947988,41396.930972,41396.930972
849737013,53405.584087,53405.584087
2338893968,26983.065502,27293.229735
1430291862,45151.567836,45588.621107
878536660,45478.442183,45547.565735
912964302,inf,inf
3123330586,42525.335194,38634.468896
56310964,40383.613055,39480.806580
4285625450,42525.335194,39540.525814
2398018578,18975.938411,inf
2985927869,41396.930972,41396.930972
3123329497,42525.335194,40368.905046
56274929,39867.486065,39867.486065
278773578,45309.426464,inf
103212837,42445.602073,42445.602073
2608170702,34006.074267,34007.842192
3417092707,inf,52688.079112
3048688345,39107.877164,39120.151514
1109644344,31607.067289,32617.101970
3477717554,inf,nan
65407140,40512.635953,42442.422245
2413543723,44176.986886,43765.486368
2835244133,40388.675653,40385.248510
873687343,48056.278499,inf
3925664515,38385.248779,36469.898351
2834165956,40385.248510,40388.675653
587050650,36232.587153,53109.684811
2954449142,45494.199382,45780.366046
2605694316,34006.957959,inf
3411859548,45166.814377,inf
3314132439,43573.484279,43573.484279
2972702181,48172.021348,inf
1924274605,inf,44231.843616
3621923498,47472.758978,inf
2676922274,11584.962502,inf
110651759,42550.840134,42473.506523
3688156913,inf,51261.258019
1359281728,38385.248510,38385.248510
4115020015,inf,50177.674081
109322124,42442.422245,42442.422245
2021334594,43893.164130,43948.015567
2529705567,inf,45242.547502
2287883316,44423.678534,43765.486368
2349716773,inf,6584.962501
1329994896,38233.990482,38234.836753
1910289593,36385.248510,36385.248510
1885500155,47825.921792,inf
2127534443,36385.248510,inf
2810203955,38234.836753,38234.836753
4090384640,49185.424200,inf
3125556503,41663.224004,41177.152670
1909139607,36385.248510,36385.248510
1489123895,inf,38385.248510
1487973914,39385.248510,39388.675653
3046032274,38233.990482,38244.449080
144652233,31024.250114,inf
2928285617,51640.209780,53966.052668
3746229548,44219.673772,inf
849593261,53630.596467,inf
3123328408,42525.335194,41626.526354
55304669,39867.486065,inf
2482290872,21390.977594,21390.978652
2957393956,inf,36385.248510
2957357994,41397.954389,38385.248510
800439025,inf,37385.248510
54118811,41893.940447,40879.693588
2957357953,41397.954389,39217.579668
800437936,inf,38385.248510
2559425113,42886.909322,42886.909322
166693433,34007.842192,35432.857027
2608061796,34007.842192,34554.938181
166657393,34007.842192,34403.091331
605945242,inf,nan
1794995127,-nan,nan
1249789883,37800.286099,inf
4158419576,27175.521690,27176.484244
2788222284,inf,nan
4130244941,27149.735951,27176.002887
2559456698,42931.683972,42704.057218
1750422174,47836.033454,47842.910710
3887427515,46389.628277,46456.100406
2448131842,-nan,inf
1359426565,38385.248510,39385.235387
3125597884,39713.188832,42442.422245
1836868231,37385.248510,inf
2877829411,43277.690932,45493.882952
3377780585,47003.731067,47003.731067
3218240254,45512.590011,38999.650525
1385226929,46075.907240,inf
1120840861,inf,inf
1738103036,54392.768335,inf
1358429041,38385.248644,38385.248644
3380050061,46899.760882,42660.556579
4287026958,42543.895987,42401.694567
1078255491,42442.422245,42442.422245
2995343403,39748.124399,inf
2349716645,inf,7584.962501
4124207584,29824.142992,inf
3062992375,46743.912930,46970.713762
3926742584,59332.343103,36385.248510
54154684,40879.693588,inf
4285517604,42525.335194,42449.415338
2291151258,55260.645993,inf
1287667510,37800.286099,inf
2879087269,39998.162232,inf
2166704682,38235.699893,38239.215938
2127497422,39385.248510,39388.675653
2781670044,38239.215938,38235.699893
2781669975,38235.699893,38239.215938
3046098707,38233.990482,38247.087197
2872151331,40051.172100,40051.172100
2935058776,inf,47842.910710
2396940499,19975.938837,inf
1352351333,inf,nan
3927784798,inf,33656.654353
3123327319,42525.335194,42243.035987
3083080056,inf,37385.248510
878460430,45603.742336,38000.130126
1821353487,41123.996856,inf
2496304684,38385.248510,38800.286009
2559424024,42900.291784,42982.228783
23828037,42442.422245,42401.694567
3590120772,inf,inf
3082938488,inf,37385.248510
166657468,34257.176316,34554.938181
165651231,34193.471481,inf
2861320766,40641.047784,40641.047784
4130209001,27149.427749,27175.762269
1816914232,-nan,nan
2788216839,-nan,nan
3893572738,47081.928120,38160.869269
3893500893,44948.015567,39157.896092
1738102997,54392.768335,55392.768335
1608772862,inf,nan
3677492537,inf,38383.613055
425808788,53109.684811,53109.684811
3084012242,inf,40392.378944
2374426963,inf,inf
2916102282,43726.844665,40392.378944
2876966950,41872.077438,44069.606330
4091678271,47003.731067,47003.731067
3073578216,43106.057395,40392.378944
1120804929,inf,40392.378944
3084085205,inf,40392.378944
23756165,42526.706010,42432.132030
87252626,inf,37383.613055
3590012956,59332.343103,inf
2952686143,40940.058624,39159.669834
3064090912,42647.482798,38111.090021
3024991453,inf,36385.248510
2781669975,38239.215938,38239.215938
2127488703,39387.884897,39391.266500
2781669975,38239.881273,38239.215938
1737009314,38241.815777,38247.087197
4119463834,27149.735951,27175.521690
2981219215,inf,inf
2200324660,42206.779034,42788.238533
485770526,inf,36385.248510
3069050189,42223.768085,42420.562322
20130465,inf,21932.000986
2404164322,59408.519651,57896.760900
2488266939,48881.336128,50660.889808
922375440,43170.338537,43170.338537
2676850461,12584.962502,inf
922374351,43139.281866,43225.921916
4000189941,47738.443748,inf
777116125,39234.722542,39234.722542
1793763338,inf,54758.544263
3125019345,48167.985095,inf
3048687260,39120.151514,inf
2948086248,42822.983632,inf
3450226652,inf,51679.596785
2946936295,43822.983632,inf
3592528548,37385.248510,37385.248510
3082971158,inf,39940.058624
1820131661,42140.132685,inf
2419215345,inf,37385.248510
2338609740,31177.260606,27149.427749
372537450,inf,51679.596785
3415798946,56706.180304,56614.709661
2559461054,43765.486368,42704.057218
2559428384,42829.696330,42704.057218
2337715674,27149.427749,27162.690421
2337714585,27149.427749,27156.198646
397659042,52227.762037,52435.658665
3413750565,55743.736681,inf
2126381190,59040.404706,59488.943759
2411594974,inf,inf
2337645978,27151.425074,27163.516839
1962250249,39800.286099,inf
1754677082,nan,inf
1309399887,46048.125945,45603.254503
1364638161,59823.557150,inf
1507025147,inf,42660.556579
1479492850,59369.928655,57385.295094
1414936777,inf,47836.678827
1507022969,43704.057218,43765.486368
1054512555,-nan,inf
3486969817,inf,38701.118474
844141684,48747.716853,inf
568670802,55126.056331,56126.056331
3929186341,41385.248779,30648.033841
2281376353,60488.943759,inf
1884240785,inf,55405.584087
3197867474,16584.962515,17584.962515
4112650046,inf,inf
2987077921,41392.378944,41395.346596
2573429486,inf,51679.596785
2987077852,41392.378944,41395.346596
2915850723,41256.010713,41508.110456
4091534587,47003.731067,inf
3072500106,41187.686228,41508.110456
2575765392,inf,37385.248510
800373684,inf,39704.620375
4111292066,45260.358169,42704.057218
40391282,45325.871142,45397.346694
3157575273,inf,41392.378944
3064054906,42647.482798,39060.030680
2329351344,43704.057218,43838.529869
3040138609,43846.286626,44088.998782
4225284964,inf,52679.596785
2603265955,48533.421350,inf
2337528366,28808.822837,28820.724426
3061806493,49517.608433,inf
3925556704,48334.949816,37130.638332
213483101,46478.442183,46620.168592
2166700329,38239.881273,38239.548567
485770460,37385.248510,36385.248510
3086427639,42270.507639,38246.166659
4277395840,39167.402813,38246.166659
2907729025,43363.626385,38111.090021
2865021193,40392.378944,38214.659415
4285733293,38246.166659,42401.694567
2292265268,55761.561108,53896.663580
2907693019,43135.764790,39082.548453
2865020104,40392.378944,38926.566856
4285697287,39167.402813,38246.166659
1039048215,39167.402813,38246.166659
2040990524,53966.052668,51640.209780
3745079528,45240.771139,45312.218086
886608376,53405.584087,53405.584087
1562414132,inf,22932.182667
136386657,31544.236410,31598.364152
209994465,36385.248510,inf
3293404863,46049.522667,46049.522667
98401250,31598.364152,31544.236410
3892207135,42248.660174,42149.374786
3552842553,48442.422245,inf
3445590748,57385.295094,inf
2126379011,59040.404706,59247.312440
1015522144,54761.561108,55126.056331
1246980464,55656.610586,inf
4260344875,45375.343211,inf
1479456950,59369.928655,60488.943759
2831650332,41394.072013,inf
2487009760,43734.444866,inf
2103467430,50368.901225,inf
2374346412,inf,inf
2162231440,inf,31300.651402
4285553576,42525.335194,42007.038810
3123255445,42476.686056,42475.095533
2864914472,40872.693521,41705.395301
923892716,53109.684811,53399.113492
2341089398,32248.729373,32248.729373
2563055100,52018.498808,43804.636273
2985891933,41395.346596,41396.930972
2914736676,41430.363590,43593.750147
3034370946,42602.562304,40688.310690
536985099,inf,46742.747420
900061889,-nan,inf
1434826510,-nan,inf
3625885702,-nan,nan
2954491612,44231.843616,50022.413097
1874862699,48190.987968,48190.987968
3376663616,38105.394669,38109.546557
2528774468,48993.839260,48993.839260
1358429041,53614.954904,39385.238401
2337672114,27151.425074,27175.710806
2559425113,42852.266664,42949.970802
2865022282,40392.378944,37383.613055
913064272,39386.974249,39386.974249
2414909488,inf,56257.291230
2292265305,55761.561108,53109.684811
3080706035,41724.958119,41025.496510
965497839,inf,52109.684811
3897528249,39385.248779,39385.248779
3555619913,inf,inf
3137581067,inf,35232.556536
54118710,40879.693588,41299.464425
3611251662,48301.889284,inf
2876751265,42208.793347,inf
3071242311,41405.237297,43019.903374
3503454359,49460.678478,-nan
2498203106,inf,-nan
1081393113,inf,44251.346814
3035628839,42641.456204,42705.285027
2127458214,39391.853336,39396.228733
3315031953,inf,42660.556579
2166663307,39244.437821,39244.437821
1486464628,39391.853336,39394.039376
2577589115,43139.281866,43139.281866
1002152129,36577.893588,inf
1087647708,59369.928655,inf
3034478857,39944.744819,41432.741417
843026545,44358.695967,44521.694690
2869743585,inf,inf
834725095,inf,inf
1045157606,42442.422245,42442.422245
1547477604,inf,inf
1542805798,50961.028768,50961.028768
2873265373,inf,inf
1047493410,42419.111124,42436.740511
1486716117,39387.884897,39388.729555
2166698155,38239.714911,inf
22642180,42442.422245,42401.694567
484800191,36800.286009,36385.248510
138506974,31598.364152,31598.364152
1343827436,44861.819342,44948.015567
2373229101,57896.760900,51679.596785
18908670,23932.453995,inf
136314783,31598.364152,31629.679095
1007112886,inf,52672.812324
1048607495,42604.163706,42040.637688
956947923,38385.248510,inf
3359651095,inf,52679.596785
99371548,31709.611802,31598.364152
1793733936,inf,52679.596785
2408656359,44216.023627,43765.486368
2200352974,41986.045841,42198.163554
2645884087,49395.147519,50650.262798
3079233710,42230.422845,42230.422845
1822683181,38114.759612,45822.945863
572138808,inf,26637.136095
2559458876,43139.281866,42704.057218
3040133161,44282.047514,44444.641797
3445554779,54758.544263,59332.343103
325100617,inf,36385.248510
3042472336,inf,51679.596785
3809408319,37017.912510,35618.010559
166729268,35015.896988,36015.896988
166801180,35015.896988,inf
3809264532,36154.435291,35618.010559
2635130905,36385.248510,27976.313345
3123228221,42476.686056,42476.288261
51854716,41241.476327,inf
841915764,38385.248510,38385.248779
3476056728,48543.895987,48543.895987
134725400,inf,50855.132614
2473160244,24976.009401,24975.977352
2575288058,47393.720141,44231.843616
4282862275,17975.937862,22975.943254
2407641153,49543.895987,inf
2564119850,44865.234999,inf
1673581194,56126.056331,inf
4136246737,46081.342992,inf
3482333910,42752.988616,42752.988616
756244138,42772.332179,42772.332179
1835053860,inf,47842.910710
2341056728,32267.039795,37444.431913
3112677733,41881.564814,41871.721022
77770098,57782.465110,inf
3112677671,41881.564814,41908.442996
3126779450,42492.267139,42492.267139
3158656657,42123.553741,43239.367763
1156382586,42123.553741,42342.811195
1125620489,42175.196577,inf
3123076849,42442.422245,41589.430984
802596332,41436.020422,41333.044589
4165535068,27149.427749,27149.735951
3195600979,inf,inf
922346037,43330.648299,43290.204877
3551882215,inf,36385.248510
2025747219,inf,inf
922343859,43339.891802,43339.891802
3709177942,38385.248510,38385.248510
3927248084,inf,38385.248510
2455015130,38385.248779,38385.248779
2577401807,45264.721111,44285.661159
3662783366,inf,49023.325068
1891535077,55675.683493,inf
963280336,inf,45358.695967
2374480316,44757.846212,44955.509863
2976367784,51048.539934,44799.785341
3187442274,41169.033015,41174.334931
2453822678,44006.285328,44114.065341
2451684159,inf,-nan
1041312317,42403.786676,42507.010163
1770302621,inf,46906.682720
2290439191,inf,44233.460686
276653265,48422.491061,inf
3664436865,44804.636273,44955.509863
1989350696,43930.074539,44650.755990
764798233,44133.372402,42643.786963
2599641139,inf,48219.027251
2120229431,54047.517457,inf
3734515574,44861.819342,44231.843616
1247231949,54047.517457,55731.522969
2958156105,inf,44861.819342
2873586371,inf,57376.623616
3777443355,47952.902299,inf
566448987,37630.761008,inf
3164589526,43266.451943,43266.451943
3164587348,43269.556162,43354.780847
2450766362,inf,inf
1952505511,inf,inf
3164586259,43269.556162,43332.998063
2263075236,45861.819342,inf
1086280545,inf,44251.346814
1165701315,-nan,44251.346814
1677849139,inf,-nan
840518316,45424.086525,inf
2329501627,43951.944055,44051.382201
765765258,46512.590011,46662.195316
2858718904,inf,43350.204594
4145638405,47836.678827,48019.035897
890856723,46917.736118,53109.684811
2813577972,54962.701459,53405.584087
2576257268,47003.731067,44231.843616
3157464581,inf,46573.978992
651957159,47804.394458,inf
764869015,44161.291906,inf
2452607401,inf,36385.248510
1252156512,39385.248779,inf
1987050693,44147.376654,44819.603133
3625189623,inf,26585.881682
917772018,inf,36385.248510
4235089218,9584.962502,9584.962502
4256425478,inf,inf
2286623343,44739.404593,43765.486368
1861028588,inf,48746.288630
612944184,44948.015567,45210.695471
4212379891,inf,38385.248510
1648767041,47830.565593,47350.940683
2560643708,45441.058482,44351.897177
1216548086,36800.286009,inf
2336495989,27590.879970,27590.879970
1989350660,43930.074539,44245.874520
3164589526,43214.239747,43266.451943
3310396080,inf,51679.596785
1358429041,38385.248644,54127.417746
3368577792,40389.600585,40807.077411
3449004802,38944.760746,inf
1041384189,42543.895987,42401.694567
877457457,41174.334931,41174.334931
3270884473,56027.198319,55126.056331
686059130,51679.596785,52399.191428
564142679,58943.609744,55507.382856
4127621533,27157.458289,27149.427749
2559424024,42982.228783,42940.678667
2337610041,27157.458289,27155.523825
3063044206,-nan,inf
2337570837,28014.374608,27873.618333
2559353243,42987.972454,43169.010787
1040189880,inf,44846.398683
1442488663,44846.398683,inf
1252332926,inf,inf
3040135339,44044.807585,44148.128385
2329321942,43951.944055,44051.382201
1875572415,38385.248510,38385.248779
24977954,42442.422245,42401.694567
755154238,36865.709902,inf
638790168,42752.988616,42752.988616
800223402,44272.918386,42772.332179
3080670097,44367.042883,inf
1388712748,45829.679403,45956.072179
3085377846,42705.285027,42795.631016
3085376755,42694.587669,42749.750919
2935282603,inf,51679.596785
536949159,49401.943274,47530.728759
3358644924,inf,51679.596785
1480750643,inf,53758.544263
1423274202,45979.417381,45425.355870
3040279090,44379.492633,44597.510198
3040138609,44101.892086,44088.998782
3040138609,44101.892086,44227.781881
1983313249,44131.581277,44751.014471
764798233,44133.372402,43209.763753
3124448989,42437.480887,42436.091380
803926002,36770.538665,36803.886799
1847581951,44783.596491,46013.178648
346328791,inf,52604.163706
2343569051,inf,33248.729373
4229092360,40704.057218,40734.444866
969055702,41556.737445,inf
2489334885,44304.845522,43765.486368
2127273088,59332.343103,59488.943759
2088093473,47547.645760,inf
1995414290,inf,54758.544263
1359613873,inf,inf
1476524964,46811.103951,inf
2520061021,44391.021743,43765.486368
3628384031,inf,43804.636273
2484483329,44057.368144,44317.524771
2347416673,8584.962501,inf
1423130422,inf,46174.922768
2336522129,27594.188890,27606.819920
2870749821,39966.813059,40063.006586
3270782110,39912.895227,38649.861567
2522612551,44087.930303,44110.580621
4209864332,inf,inf
890001933,inf,43704.057218
2288033598,44091.420198,44226.515907
2868509261,50855.132614,49746.288630
1685746247,47977.880329,47144.875418
798889567,36577.893588,37577.893607
1359427654,38385.248644,38385.248644
3125706783,42442.422245,40093.953342
3185178178,inf,44231.843616
1041312255,42403.786676,42539.708707
1138884995,38385.248510,inf
810248741,47081.342992,inf
922342770,43339.891802,43416.603026
3187220553,45360.872872,inf
2375705486,54101.045180,54761.561108
3126241102,51817.868207,47068.247508
2188362114,inf,57410.752353
2646109517,inf,47174.922768
1544890108,44572.103342,44819.054828
2122673148,38239.245097,38239.245097
3270783199,inf,38649.861567
2523618754,44252.541382,43765.486368
2957003943,inf,nan
4131737197,inf,36385.248510
3297534364,inf,47842.910710
2978883281,46398.818626,46076.089402
71300743,42425.355870,42442.422245
1359428743,38385.248510,38385.248510
2484627140,44316.675436,43765.486368
961023928,47401.240513,47977.880329
2598488636,inf,46690.501225
2290325943,45122.237139,45396.976335
507388043,53461.647660,inf
922373262,43197.862557,43247.940484
2489227075,44161.753012,44210.234422
2489263043,44161.753012,44121.447853
3750547662,-nan,nan
2537887802,38385.248510,37063.320469
2061504531,57896.760900,52109.684811
3778701142,47692.933149,48006.383701
954543411,39385.248779,inf
2267854723,48157.323657,48359.409981
2122675326,38234.413556,38237.427722
2286770358,44598.149138,43765.486368
561591148,inf,39147.361007
756345415,40708.413715,inf
1360579816,inf,inf
2083613987,inf,nan
3647988264,44401.694567,inf
1738159360,inf,36232.589043
2637656699,50368.901225,inf
2975701009,47798.496765,47852.072847
3592608047,nan,nan
3155132650,42551.708705,42532.582819
3628382945,inf,44804.636273
1510548056,45442.422245,inf
1757204960,nan,-nan
2938876304,31588.678858,31589.151932
891008194,inf,42660.556579
171453086,inf,50611.740332
2575285880,45208.046675,45336.421715
1505803289,39385.178258,inf
171417074,51685.697473,50611.740332
2290258425,44745.719999,45865.234999
2141596591,50543.895987,50578.092747
220523067,nan,nan
571096601,52636.322786,36385.248510
2701635219,inf,51464.668522
3452793692,42772.332179,inf
3451607845,42772.332179,43788.561569
77734229,inf,59408.519651
1854721191,46272.442709,inf
3122179512,42457.108789,42482.883360
1529132775,46644.096972,inf
1125548644,43178.625774,inf
4277252129,42442.422245,41953.782777
4248790021,42406.523806,42408.034202
802561485,42935.809009,41383.613932
2953587747,46192.805428,46192.805428
922343859,43339.891802,43339.891802
3705656186,inf,38385.248779
2450307379,38385.248510,36385.248510
2024669040,51679.596785,51679.596785
922341681,43377.737611,43451.768927
99886302,44231.843616,inf
3704901963,38385.248779,38385.248779
3492789607,43948.015567,43948.015567
1043684096,42533.934190,42138.783690
3448874621,44693.684818,inf
2447827682,44594.260211,43765.486368
3744309505,45868.877117,44231.843616
2286733330,44421.419971,44238.513798
3744309434,44946.612202,45868.877117
2374481404,44955.509863,44774.681734
2374475960,44862.264515,44926.091203
2570201117,inf,inf
2453823766,44114.065341,44036.218627
3625706016,nan,nan
1041348183,42471.043948,42543.895987
1770338486,inf,45906.682720
3185106342,41194.886647,45358.695967
2453793275,44074.616979,44118.438049
3311466567,inf,51679.596785
2568791560,45396.976335,44300.862233
2568611939,45148.987188,44300.862233
2565161960,45253.076611,44300.862233
2290221395,45247.616534,44300.862233
2141668398,50552.484566,50604.163706
3181584480,42639.672429,43900.824010
3664472801,44955.509863,44868.877117
877279954,43427.897795,44197.121852
1871226040,51679.596785,inf
2453748623,44911.543309,44939.871088
1990320963,44025.865694,44821.419213
764825451,45226.377820,46416.895541
764798233,44133.372402,38244.925009
2402882803,44385.031925,44579.192952
764789517,44003.577200,44017.882365
2195574442,inf,44588.435588
44328999,-nan,inf
1509178027,58772.328525,58772.328525
1247196052,54656.610586,inf
2200217938,46718.001347,44948.015567
3129727125,45948.015567,inf
3451102683,inf,45906.790324
2560609949,43458.223173,42704.057218
4168763163,46620.168592,45906.790324
2405174917,54761.561108,inf
3164587348,43354.780847,43311.539284
3164585170,43364.407703,43364.407703
40950856,inf,nan
3163727038,43364.407703,43444.969231
2065321581,47036.922910,47707.719388
2261889250,46948.015567,inf
1086208677,inf,45251.346814
756419467,38699.353336,38702.885775
1165629447,nan,45495.171123
2405397306,inf,45242.547502
191851869,inf,inf
539110828,45186.172304,44861.819342
1044192084,44723.118818,44231.843616
539177256,45210.695471,45068.247508
1047570198,45478.442183,44231.843616
2369702920,39388.026115,48015.967956
2571317931,44231.843616,44231.843616
3384377004,44231.843616,inf
2576255090,45034.717126,45166.814377
2643844391,inf,44231.843616
2643842213,45358.695967,44231.843616
1347375217,44773.733466,44231.843616
2337716289,53109.684811,inf
2046424469,inf,44231.843616
2140518453,50560.893047,50609.114280
2570275765,44358.695967,44231.843616
1986799137,44690.344394,44918.771722
540510188,inf,44231.843616
2577403985,48083.605019,44231.843616
4235083773,9584.962502,inf
875157493,44231.843616,44358.695967
2576472890,48153.411367,44231.843616
873823465,44231.843616,44358.695967
3105433971,44805.758185,45805.758185
658856966,inf,44231.843616
579827275,37233.144707,37234.836753
2977821299,inf,48301.889284
2572315442,inf,52688.079112
1001417080,51707.673139,51707.673139
882203320,44231.843616,44358.695967
4144668112,47924.978030,48019.035897
889706715,47390.992414,inf
539148943,44861.819342,45112.152438
4144668038,47924.978030,48019.035897
4169733502,inf,44231.843616
2576016950,inf,36385.248510
2870785758,inf,inf
2385296904,47442.422245,inf
387787445,inf,52109.684811
918747985,inf,44231.843616
4261315134,44231.843616,45920.329182
3798831069,inf,44231.843616
3415730057,inf,44231.843616
961880978,47977.880329,47977.880329
1395774458,inf,44231.843616
1512914455,44231.843616,inf
1294854881,inf,44231.843616
2479879730,inf,14584.962502
3963696697,49242.195796,inf
855458782,44231.843616,44431.711726
2451669151,inf,15584.962515
1884240785,inf,47842.910710
2368632427,44231.843616,44394.741974
1884240785,inf,48842.910710
855422883,44231.843616,44376.606396
855386939,44231.843616,44367.623388
1687152548,45039.873027,inf
2432659239,inf,21975.940552
2167602020,35232.556536,inf
261099684,44231.843616,inf
764828722,45416.895541,inf
4126651238,27157.458289,27156.490733
3063044143,-nan,nan
2337573015,28014.374608,27518.749446
2855356295,42987.972454,43233.662292
2337569750,28014.374608,27942.280544
2854170442,43075.653755,43166.468540
2854170368,43075.653755,43166.468540
3054870354,nan,inf
100948801,42425.355870,42442.422245
1040186613,45920.329182,45920.329182
3059580581,45920.329182,inf
1891530720,inf,56777.352214
800189644,43335.733480,inf
1459031580,50368.901225,inf
3313621461,46442.422245,inf
3314134617,43441.738588,43523.341280
2973995980,inf,inf
3103441897,inf,42727.346667
1915033304,52665.059900,37385.239333
1424388249,46442.422245,45425.355870
3656352638,inf,21931.545189
1480750574,inf,55614.709661
1424352271,inf,45857.459744
3040282355,44379.492633,44543.130857
1146264118,inf,inf
3040282355,44379.492633,44543.130857
1423238224,46857.459744,45698.761401
2637708738,27586.333663,27586.333663
2413694164,60408.519651,37232.520580
3040138609,44132.953804,44163.464274
764798233,44133.372402,43603.665938
27565480,42437.480887,42436.785966
803924913,36770.538665,36787.116379
4160899228,30175.551760,inf
2779226328,41284.866293,41320.902738
840698093,44866.669603,inf
3487077659,inf,36232.589043
2378039168,nan,inf
838398061,45328.909413,46617.380986
2371076149,57497.609611,inf
2452493009,48003.731067,47003.731067
2598608193,inf,18170.032651
2120237059,56614.954904,51679.596785
2725419209,48842.910710,inf
2834733029,50657.313600,inf
2899812816,60797.715465,51679.596785
3259729428,54109.684811,51679.596785
2796072697,51679.596785,51679.596785
2981749172,inf,51679.596785
2288923309,44222.419149,44190.776577
2979413265,inf,51679.596785
856321238,44231.843616,44508.620778
2973447732,inf,51679.596785
1251047645,inf,inf
1995342416,inf,56614.709661
3804377174,inf,51679.596785
1354865837,51679.596785,51878.672873
3768871418,inf,51679.596785
2105633098,inf,51679.596785
2902148721,inf,51679.596785
1749236213,48300.398417,48300.398417
3885055730,47694.644250,inf
3012690899,inf,51679.596785
1906765696,inf,51679.596785
2414802766,58287.980763,45512.590011
1040198199,42421.914691,42442.422245
1769224503,49315.261066,inf
364343812,inf,51679.596785
2188218329,inf,59797.715465
2343466201,51679.596785,51679.596785
1143928209,27587.323942,27587.323942
1544890108,44572.103342,44819.054828
3011289385,inf,51679.596785
2370851812,inf,51679.596785
2370959626,inf,51679.596785
922771050,53109.684811,51679.596785
4089923622,27594.188890,27600.490582
3080454477,40014.108243,39966.813059
616662704,inf,51679.596785
2369679193,inf,44765.486368
3557849304,51679.596785,51679.596785
2369849932,inf,51679.596785
2452532213,47003.731067,inf
171489047,inf,50196.702833
1505807642,37385.221863,51679.596785
2369745388,46807.371188,47037.248469
798889505,36577.893588,36992.931093
2897476905,inf,51679.596785
402293285,inf,51679.596785
1760935385,51679.596785,52109.684811
537045268,47002.536631,inf
333437993,inf,51679.596785
2895176913,inf,51679.596785
2090691400,inf,51679.596785
2368594315,inf,51679.596785
2005203810,inf,51679.596785
3014918996,inf,51679.596785
2051186139,44478.442183,44620.168592
2943907516,inf,51679.596785
1353353212,51679.596785,52279.797365
2975711757,inf,51679.596785
507316137,51185.567797,53610.133548
922373262,43247.940484,43247.940484
2026933071,51679.596785,51679.596785
2075985073,inf,51679.596785
2296173210,45861.819342,inf
3776022880,inf,51679.596785
3026141376,41396.930972,41400.566904
3261023126,inf,51679.596785
3297498463,inf,48842.910710
2450346637,inf,51679.596785
2288923309,44222.419149,44287.427708
649331551,51679.596785,52371.230267
2486891201,44530.373579,43765.486368
612532028,51679.596785,52399.191428
332036425,inf,51679.596785
650553370,51679.596785,-nan
2370892106,inf,51679.596785
366571911,inf,51679.596785
1047529483,42436.740511,42401.694567
98628449,46547.565735,46547.565735
1205874008,inf,inf
404593226,inf,51679.596785
3770201048,inf,51679.596785
2979997329,46219.027251,46398.818626
370237482,51024.810987,51679.596785
409229100,62488.943759,51679.596785
3750439791,nan,nan
1685782187,47977.880329,46620.168592
2940241909,inf,51679.596785
2061468562,53083.791483,inf
2942470004,inf,51679.596785
2814954695,54768.154166,56325.271538
1457701847,52586.668119,50368.901225
2413552594,60408.519651,51679.596785
3598242531,37385.248510,37385.248510
2062402890,51679.596785,51679.596785
2338678346,27149.735951,inf
3095031659,inf,51679.596785
3930156672,51679.596785,52399.191428
2412612787,60408.519651,51679.596785
1360577638,51679.596785,53509.276816
2287812531,44310.514802,43765.486368
294197666,inf,51679.596785
2451576348,-nan,nan
1768901005,51522.620954,inf
1040126396,42551.708705,42542.114068
1074683951,inf,51679.596785
2146232433,55405.584087,inf
406857289,inf,51679.596785
2932946700,inf,51679.596785
3767757370,inf,51679.596785
1419896122,49307.502458,inf
134617586,51859.547356,inf
171381140,inf,51100.734972
3359651164,inf,51679.596785
3448948502,44486.302781,inf
3122178425,42491.423157,42509.126799
3123075760,42442.422245,42177.512929
4164600706,27149.427749,27149.735951
3195598805,45562.055760,inf
2369564847,48960.003651,inf
802559306,41960.314541,inf
2953587747,46192.805428,46192.805428
745066153,37577.893626,inf
585828721,38234.831882,36385.248510
2257610679,-nan,nan
1048643463,42406.323498,42532.039672
99742522,45358.695967,inf
1048607526,42406.323498,42467.812657
2454978107,inf,38385.248779
2369813998,55126.056331,55126.056331
2488787681,inf,inf
2447719771,44405.449474,44421.419971
3627494321,45364.609495,45742.903269
2374445468,44926.091203,44985.525837
134761334,inf,49746.288630
3211359769,45858.752023,inf
2453791097,44118.438049,inf
1875823966,53109.684811,inf
2290397817,44812.013834,45396.976335
2434024915,15975.937614,inf
2560597963,44697.931930,inf
1871190165,53109.684811,inf
2453722490,45169.543934,44939.871088
3797752992,46478.442183,46620.168592
2402960123,44282.415331,44147.376654
764798233,44133.372402,39220.774011
764798233,44133.372402,40179.789486
3981089290,inf,36385.248510
1751428372,57962.701459,46690.501225
2099894095,49022.413097,46620.168592
3164585170,43364.407703,43364.407703
1165120057,nan,inf
40950785,inf,-nan
2375595448,inf,46372.995713
2022369176,56519.164683,inf
2378002138,-nan,46821.625416
627731821,37385.248779,inf
2036108426,inf,nan
2405363547,46242.547502,46422.737723
4227043955,38953.805437,40612.623017
1084018074,55614.954904,55614.954904
2681754661,inf,45358.695967
610752025,45095.607556,44861.819342
2857604892,44418.888875,inf
1046384275,44812.554912,44478.442183
2858754846,43225.845873,43440.599041
2598453788,48019.035897,48075.886423
856644699,44358.695967,44705.483136
2567724234,44387.713677,inf
757501933,41436.020422,41333.044589
581968606,42710.652826,inf
916340206,inf,44231.843616
1990428801,44353.232943,45187.647639
2643835685,44551.341045,inf
3434513586,56614.954904,56614.954904
1333990306,45478.442183,44231.843616
4111355232,48409.123986,44351.897177
542888338,45358.695967,inf
3085135001,41400.566904,40388.675653
3222426023,53109.684811,inf
28474953,32248.729373,inf
2868377949,40103.020446,40051.172100
3377225603,44358.695967,44480.977230
2014638219,47982.597211,inf
2868342012,40076.863366,40014.175188
3377225502,44358.695967,44553.222294
2045238551,45358.695967,inf
656931133,inf,45358.695967
605380592,inf,22931.547091
875155315,44358.695967,44417.327038
3929006656,inf,31648.033697
3066298620,inf,44358.695967
3342833835,inf,44358.695967
2858790810,42440.599041,inf
4283036815,40718.120297,inf
2369638669,49029.716242,inf
2560613212,44956.313556,44956.313556
4169733428,inf,45358.695967
184050792,46624.364808,inf
4089708068,27633.475132,inf
4166355482,43696.967640,inf
2050108031,44358.695967,44547.565735
918745807,45358.695967,45478.442183
1291505349,38385.248779,38385.248779
2754021271,51464.668522,inf
99942602,42442.422245,36385.248510
1040184435,45920.329182,44951.958078
2569053899,44358.695967,44231.843616
2450397879,inf,inf
2073721045,58800.332593,inf
3798795127,inf,45358.695967
64045477,21932.000986,21932.182667
1394840160,45358.695967,inf
3115967856,41470.342982,41470.342982
2680638325,45358.695967,45478.442183
2955893163,inf,nan
4042655422,41470.342982,41444.565610
2680638250,45358.695967,45478.442183
2894707378,43079.373400,43118.914678
2099861428,48796.161663,47370.213575
3380085998,46478.442183,46356.990849
2811354005,inf,36232.589043
2530854462,inf,46497.888355
2368625899,44363.152772,44363.940225
3356057459,inf,60408.519651
844321366,44358.695967,44521.694690
3356057525,inf,58675.980421
2092837124,44358.695967,44547.565735
260991815,45358.695967,inf
2337607863,27157.458289,27156.974430
2337606776,30208.631915,27157.216339
2559391353,43097.415396,43233.662292
2559390264,43097.415396,43233.662292
2855464101,43097.415396,43233.662292
2337574104,28014.374608,27149.427749
2855392229,43097.415396,43233.662292
2337571926,28014.374608,27745.382416
536841353,48294.762590,48307.077023
3965780974,inf,46690.501225
2337566480,28797.018628,inf
2559347798,43166.468540,43204.737122
637748092,42804.975607,inf
637676190,42804.975607,inf
636382422,44335.733480,inf
635340251,44335.733480,45374.887892
1436383335,47865.183681,inf
1458780021,50879.706021,inf
2194242592,inf,46690.501225
4092612761,inf,45845.175659
3393042228,inf,inf
1146228145,48316.070117,26585.881682
1423382013,46890.497598,45425.355870
3040281266,44543.130857,44597.510198
3040281266,44543.130857,44597.510198
1983313281,44494.609826,44668.507133
764798233,44133.372402,43844.343334
27529476,42437.480887,42437.133385
759682300,36770.538665,36778.803712
4277288066,42442.422245,41056.999956
126954731,inf,51604.163706
2764591625,47836.678827,48019.035897
3617181269,48301.889284,48301.889284
409261947,48301.889284,inf
4262391048,inf,inf
1001524957,50177.674081,inf
4148577554,19170.155386,inf
3127534836,48301.889284,inf
3085127378,inf,37385.248510
3259657560,52526.136376,inf
564070768,58943.609744,56824.685188
685951253,40385.248779,inf
1995306448,inf,57614.709661
2296137138,inf,46948.015567
1359427654,53614.954904,53614.954904
67886798,42425.355870,36385.248510
3513187342,inf,nan
4228623838,inf,52679.596785
1499654688,inf,inf
2188146461,61903.981258,60797.715465
2342531875,52109.684811,35232.556536
1142706320,27588.611518,inf
1544854171,44819.054828,44887.131443
2342531810,52109.684811,36232.544550
1422124177,48274.001798,48312.253110
1543991689,44819.054828,44852.691630
4172058578,inf,inf
927799999,53773.085229,53109.684811
928913974,53109.684811,55037.775373
922739469,52380.551046,36385.248510
3556914978,52109.684811,35232.556536
2369672658,45831.141111,45831.141111
3556914913,52109.684811,36232.544550
2459572595,inf,inf
4293208911,47088.211794,47112.486607
2369848846,inf,53109.684811
2288027064,44226.515907,43765.486368
2868508172,51196.702833,50196.702833
1505806556,inf,38385.150062
922341681,43451.768927,43451.768927
2024597232,57896.760900,52109.684811
854129181,44363.940225,53109.684811
1747180207,53109.684811,inf
922372173,43197.862557,43305.887868
2026861263,59408.519651,52109.684811
2795138335,55614.709661,inf
2375595499,inf,53109.684811
4227725413,inf,52679.596785
2450343370,53109.684811,inf
649115855,40385.248779,40385.248779
612316341,40385.248779,inf
1877011927,36385.248510,36385.248510
929992089,54614.954904,53109.684811
5265351,nan,nan
2369639990,46005.035168,46005.035168
3556771161,38233.113095,39234.824067
1709015113,53109.684811,inf
1868600629,53109.684811,inf
2338651121,28150.534818,inf
3094995763,inf,53109.684811
3929222244,40385.248779,inf
1712240785,52740.337937,52740.337937
1712240750,52740.337937,52740.337937
2306702658,53109.684811,inf
1142210925,51464.668522,inf
1360578727,52109.684811,54127.417746
1948275064,36385.248510,36385.248510
3420232800,inf,45906.790324
1948275004,36385.248510,36385.248510
1947196921,36385.248510,36385.248510
3258435766,57509.243725,inf
3677420636,inf,40383.613055
3114079245,41471.903940,39099.648628
1353354304,52279.797365,52279.797365
1710983018,52279.797365,52279.797365
1710982956,52279.797365,52279.797365
1740654523,52793.464715,inf
2679401988,inf,6584.962501
1074651279,53109.684811,inf
1074650191,53109.684811,54109.684811
2090659815,53109.684811,inf
1543919810,44484.387024,44835.775200
1142670383,28589.965341,28589.965341
1422052303,48293.000685,48293.000685
3091633905,nan,inf
1144438987,inf,48842.910710
3303734346,inf,46690.501225
1249567926,nan,inf
1460109595,inf,inf
2302881845,inf,inf
3339312002,46710.322789,46916.345388
2338831896,27004.456759,28004.456759
2377131353,inf,-nan
755274928,42440.599041,inf
2338853638,inf,inf
3122220896,42442.422245,42371.496980
714904831,41440.599041,inf
2374467206,47967.355221,inf
4248897832,42406.523806,42406.523806
714832929,41440.599041,inf
914072908,46478.442183,46620.168592
3704650405,39795.509120,inf
3704650365,39795.509120,47069.048491
1993265981,43342.529080,43411.751643
1993230044,43342.529080,43376.725227
2576259446,inf,45845.175659
1991578754,44162.652724,44242.736679
1046456113,44358.695967,44358.695967
2941940114,58287.980763,48640.792486
3622893693,inf,45845.175659
2374441112,44986.225937,44986.225937
3707237936,inf,45845.175659
3696638015,inf,45845.175659
3341432290,45480.977230,45480.977230
2454939988,46484.085991,45845.175659
3744237559,45443.626570,45443.626570
2286697395,44696.362122,43765.486368
3627489965,45675.289905,45675.289905
2374471603,44985.525837,44985.525837
2292670257,nan,inf
877275598,43761.838446,43761.838446
1358205794,54109.684811,inf
3663322915,45050.141923,inf
3797752954,46478.442183,46547.565735
765760909,43225.845873,46512.590011
764798233,44133.372402,41090.392984
1984391358,44667.782794,44667.782794
914250192,inf,36385.248510
929956188,54614.954904,53674.307728
2832836286,41393.120285,41389.600585
2577435566,inf,47020.774194
2576475068,inf,47020.774194
3163688923,43482.868438,43482.868438
2267854851,48157.323657,48441.106249
2267854786,48157.323657,48323.221266
3486969778,inf,39704.620375
2377998875,48061.205758,inf
626653674,38385.248779,inf
2861252158,inf,39561.457377
1987949121,44282.415331,45012.385113
765759816,44098.377309,44133.372402
765759816,44098.377309,44133.372402
2035856867,nan,nan
2598378157,inf,46478.442183
2928429361,inf,47525.733424
2169002475,44418.888875,45418.888875
1041676560,44595.204199,inf
3521541245,41383.613932,inf
916338028,45358.695967,45478.442183
883453492,45478.442183,45620.168592
2337608535,54109.684811,inf
1990464776,47392.768335,44353.232943
3383011431,45450.042331,inf
2646073580,48224.266503,48288.413570
2342388123,39234.824067,inf
40422863,45358.695967,45133.749657
4111324740,45267.738509,44351.897177
2044178459,46982.597211,inf
2868413886,40051.172100,40051.172100
883278166,44417.327038,44547.565735
3377225543,44485.423723,44480.977230
2839987716,40063.006586,inf
3115849605,46478.442183,inf
3487971050,-nan,inf
2043154138,46478.442183,47796.161663
2110690701,50584.802202,inf
656931065,inf,46478.442183
2482255327,44435.456124,43765.486368
605308692,inf,23931.549147
2287777681,44248.617693,44173.741084
2317660910,10584.962502,inf
3110213659,44417.327038,44512.590011
2287777681,44248.617693,44298.672105
3110213592,44417.327038,44464.172375
873758124,45417.327038,45624.364808
2976815094,50817.868207,50817.868207
656736685,46478.442183,46620.168592
2953518052,50817.868207,50817.868207
2374188464,inf,36385.248510
882196789,45417.327038,45547.565735
2099930032,inf,46620.168592
2336457881,29866.990580,28661.776108
2869671713,39990.266853,39966.813059
2049964322,inf,44573.819818
100629348,31661.688865,31661.688865
2877427,55614.709661,56385.295094
1952009720,36385.248510,inf
3752811666,inf,nan
3752631948,nan,nan
4042655357,41470.342982,41457.396724
2955890979,-nan,inf
4042619482,41470.342982,41463.855331
2680386889,45478.442183,45512.590011
3055085841,-nan,nan
1291225239,46478.442183,inf
3751446022,nan,inf
3409703227,inf,46424.146513
883452406,45358.695967,45547.565735
2894707304,43079.373400,43118.914678
844289784,inf,44573.819818
25801191,inf,38385.248779
1793660971,58052.619977,inf
3021305454,44478.442183,44620.168592
2004015706,56614.954904,56614.954904
2369601875,47068.247508,inf
1468292881,45260.766957,inf
637604245,43840.331266,44840.331266
637676124,43840.331266,inf
4110176931,inf,47183.965650
3377780585,47003.731067,47003.731067
3392107836,inf,49570.010379
880866031,inf,43821.727393
2188182391,62488.943759,60797.715465
1421944494,48224.266503,48293.000685
2342388189,38233.113095,inf
1983313250,44494.609826,44578.939944
3584654150,nan,inf
764797140,43990.996206,44003.577200
3763253442,43990.996206,44003.577200
759682238,36770.538665,36774.665274
3889943167,44463.692244,45047.074381
969479068,50368.901225,50707.673139
2404056323,43997.482159,44105.642845
3889943104,44463.692244,45047.074381
969443130,54179.180735,50581.060467
77734165,60408.519651,59408.519651
6343529,inf,nan
1469301559,38385.248510,inf
2041850834,inf,46074.880685
126918763,inf,52604.163706
1037030713,inf,48019.035897
2644985669,inf,44351.897177
3617145331,inf,48301.889284
409010451,49301.889284,inf
3127498899,49301.889284,inf
3024919552,40812.255065,38385.248510
3259657518,53526.136376,inf
1359612784,52109.684811,52109.684811
1359612784,55488.943759,52109.684811
2411432307,47948.015567,48252.263661
2196796300,37970.184364,inf
1359427654,55488.943759,38385.248644
796697442,36770.538668,inf
66664906,39712.539920,39713.188832
1359427654,53614.954904,53558.673682
2449101053,nan,nan
1359612784,53614.954904,53558.673682
3766499569,53109.684811,inf
2105597132,inf,54758.544263
2459610710,inf,inf
4170908556,37800.286099,inf
2370821323,53403.584543,54005.649964
2370888841,53109.684811,54316.475746
3122180601,42439.937208,42439.937208
384409339,37385.226424,inf
2459543195,38385.248644,36385.248510
4293172909,47088.211794,47112.486607
2572885974,39385.248779,36385.248510
2374443934,53676.384506,inf
2369844486,54109.684811,54761.561108
2491778540,43974.191349,44364.417554
649259606,40385.248779,40385.248779
955694484,47865.183681,inf
922310100,43377.737611,43550.925714
2024561263,53083.791483,54761.561108
852979192,38384.367883,inf
2005202721,inf,54109.684811
507280163,51185.567797,inf
2026825294,53100.551445,inf
1728850738,-nan,inf
921520878,53109.684811,53761.561108
1054405979,54109.684811,55494.106783
2075949107,inf,54758.544263
3683311717,inf,inf
2288060823,44513.158737,43765.486368
2868510349,inf,48726.704964
648145529,40385.248779,inf
1331144883,38233.144707,38234.836753
611453886,41385.248779,53063.096363
2127246945,59369.928655,59369.928655
893508340,54179.180735,55962.701459
4208606477,36800.286009,inf
1988128807,44556.756130,inf
2105489321,inf,56614.709661
3857706116,36385.248510,36385.248510
1951937878,inf,37385.248510
3195713146,inf,inf
3067828327,42270.507639,39160.124328
2369574651,49389.628277,47068.247508
2450493652,60408.519651,37232.520580
1948310900,36385.248510,36385.248510
1042498238,42404.085797,42402.889686
3740407816,46459.014072,inf
7923735,34024.750107,34034.852625
3020318636,inf,35232.556536
64328968,41176.389078,41177.152670
1359393897,36385.248510,36385.248510
2593839296,52261.687905,52261.687905
3081685044,42494.027008,38246.166659
3137545130,inf,36232.589043
1108897289,inf,47842.910710
1393402654,47620.168592,47822.577354
2577406163,48083.605019,48083.605019
1390186166,46536.977358,46945.420715
2911322692,42494.027008,39172.162720
1757205034,nan,inf
2127273088,59332.343103,59408.519651
2288958159,44218.278913,43765.486368
4228193935,40719.171036,40719.171036
2796036826,inf,51688.079112
1562553520,28047.811470,28155.891731
2912544515,42424.712673,42543.546421
3295957481,inf,45355.858250
965426067,54761.561108,53109.684811
99906633,42442.422245,38321.671460
856429083,44565.638395,44231.843616
2913458,55614.709661,56385.295094
252834110,45547.565735,45547.565735
2447850559,40385.248779,inf
4011652837,inf,21678.074098
2701635291,inf,50368.901225
2004046203,inf,54109.684811
1720721882,36396.836438,-nan
3588683286,54761.561108,53676.384506
2338648943,29175.551760,inf
3094852044,inf,54109.684811
1360578727,52109.684811,52109.684811
1360578727,55488.943759,52109.684811
1948346909,36385.248510,36385.248510
2750231430,nan,inf
3111599557,41894.941312,41995.807599
2084760704,inf,53758.544263
3087828092,41471.903940,39854.497237
3676558209,inf,41388.675653
2085736448,inf,53758.544263
87180782,inf,39383.613055
3979939374,37385.248510,36385.248510
527349602,36577.893588,inf
2679114396,7584.962501,inf
1039084221,38246.166659,42401.694567
1074649101,53524.722311,inf
1885354833,inf,47842.910710
3303554654,47836.678827,47842.910710
999009299,50177.674081,inf
3414436325,inf,47842.910710
3400264292,-nan,nan
1457701807,51166.328942,50368.901225
2725420298,47842.910710,inf
1249316295,54761.561108,inf
3765493332,56614.954904,inf
3195424561,39385.248779,inf
1459031476,50368.901225,51464.668522
4166972549,27419.606092,28004.456759
848407276,inf,47842.910710
2335058516,inf,46338.932766
2377131316,inf,nan
2816991954,inf,47842.910710
2139080931,50584.802202,inf
2109576654,50584.802202,inf
2108462607,50584.802202,inf
2200140615,46694.644250,inf
3152756834,inf,46573.978992
929956147,54614.954904,54069.288415
2832800381,41389.600585,41393.120285
2645888444,inf,46690.501225
590213811,inf,inf
3108221480,42015.880178,42555.306052
3108185542,42015.880178,42518.119270
3449092222,43440.599041,inf
714760984,42440.599041,43486.302781
3194449906,39385.248779,inf
3122216539,42406.523806,42406.523806
714832863,42440.599041,inf
2024489364,55410.752353,55410.752353
3211180142,47076.089402,inf
3314161842,43359.525837,43359.525837
1047001476,44986.225937,inf
2454905139,46321.998633,inf
2454934547,46243.091628,46405.472369
2446749479,44122.561242,44544.690870
3627485609,45675.289905,45746.881042
2326477288,inf,51679.596785
2977589618,46186.526738,inf
2336450258,29142.028040,inf
3887463518,46389.628277,46210.695471
2577408341,48153.411367,48017.021009
3380083820,46570.997968,46570.997968
3116029291,44231.843616,inf
2606059493,inf,46690.501225
1322411526,43631.600907,43845.362876
2267890722,48463.230550,48252.263661
1164371749,49061.205758,inf
2745526946,52141.168521,51817.868207
2405359184,46554.923381,46924.971831
1082904027,55614.954904,55614.954904
3747415468,inf,43804.636273
2928393463,inf,48525.733424
2681721995,47620.168592,47620.168592
2857568921,44418.888875,44611.533953
1041963997,44745.033787,inf
3415478498,45941.812673,45745.033787
2451607699,inf,36385.248510
1885247021,inf,48842.910710
857543126,44796.161663,44620.168592
1359612784,52109.684811,54127.417746
1566112368,32065.443682,31024.250114
2012338244,39385.248779,inf
3376075518,44763.939914,44591.357303
841947346,38385.248779,38385.248779
3079521206,39986.800759,41063.006586
576990335,24931.553365,inf
2482075550,44012.414260,44400.025217
3109135550,44440.559577,44440.559577
875119378,44440.559577,44440.559577
2286590671,44457.142608,43765.486368
3065328282,45547.565735,45547.565735
2286558001,44457.142608,43765.486368
3063998619,45575.335887,inf
656521158,46547.565735,inf
2976635406,50817.868207,51141.168521
2873587460,inf,55580.772997
2560611034,44956.313556,42704.057218
2099903903,inf,47620.168592
3080390225,inf,inf
2336421940,30147.391308,inf
2047736188,45573.819818,45969.487727
842925267,45573.819818,45851.871673
252654457,45705.483136,45547.565735
4108989918,inf,44231.843616
3752811629,inf,-nan
963099568,46620.168592,50381.999153
963099568,46620.168592,47517.552860
963099568,46620.168592,47000.183573
3752667885,-nan,nan
1716544258,46620.168592,46797.699796
1687938374,46706.205147,46620.168592
3677528440,inf,37383.613055
2679344591,45495.415067,inf
1718988012,inf,46620.168592
1678451107,46620.168592,47620.168592
1678486949,50980.070464,46620.168592
4212415824,inf,inf
4145638337,47836.678827,48019.035897
1648767081,47830.565593,46620.168592
574944070,48269.935236,48269.935236
2560576190,43118.914678,43142.684905
145921567,45705.483136,45547.565735
844246224,45573.819818,inf
3356093331,59797.715465,58052.619977
3376663550,38105.394669,38107.469119
834543237,48153.066239,inf
2715702020,inf,inf
2101227035,inf,46620.168592
2971516228,48172.021348,49339.626669
4110175839,inf,48409.123986
3377780585,47003.731067,47003.731067
4091426746,48013.701562,inf
4110135552,inf,44351.897177
1142670383,28593.182012,28593.182012
3040246414,45256.753016,45256.753016
2751151586,inf,44661.347748
2751151483,46945.188682,44661.347748
1799513256,48842.910710,50933.619681
3076830285,45391.895245,44661.347748
2751115642,44980.865709,44661.347748
2751115551,44812.279174,44661.347748
2751115551,44734.840598,44661.347748
2751115551,44720.041174,44661.347748
2491780556,inf,49409.123986
3377780585,47003.731067,47003.731067
540329417,47620.168592,48700.027510
3584618207,-nan,inf
1982307044,44536.158802,44536.158802
3584617118,-nan,nan
1982271072,44536.158802,44721.479475
764789517,44003.577200,44017.882365
3111599695,41995.807599,41894.941312
2369639990,46005.035168,46005.035168
3556771203,38233.113095,inf
2004047292,inf,51679.596785
5301317,inf,-nan
2873761698,53734.913728,inf
2745526946,50817.868207,inf
3127462964,inf,50817.868207
3024919513,40812.255065,39139.204258
3259621689,55574.591182,inf
3774729142,38970.194051,38970.201624
3766499501,54761.561108,inf
2370818056,53780.217749,53780.217749
931249878,53761.561108,53761.561108
4000047282,47738.443748,inf
745317678,inf,inf
586942801,37232.579524,inf
2445754058,40385.197632,inf
955692310,45811.103951,inf
370096604,43777.390648,43777.390648
2023591029,54409.095674,56797.715465
1745922408,55761.561108,57679.648859
1745886444,55761.561108,57258.091903
3138172857,17678.072136,17678.072136
3138136854,17678.072049,17678.073002
345309875,54126.056331,53761.561108
3496095874,44797.545605,inf
2075841296,inf,56614.709661
206292925,36385.248510,inf
107545784,-nan,nan
4111575203,38385.248510,36385.248510
1721799992,36478.358082,nan
3437272822,nan,inf
1987985126,45796.032572,44359.115979
2335399353,nan,inf
1346153400,45567.851059,inf
1781336598,inf,nan
2105453353,inf,57614.709661
1042570112,42329.683257,42425.355870
2452653370,inf,nan
4017924783,inf,36385.248510
109666033,inf,nan
2004010265,57231.901783,58408.519651
2965451,inf,nan
697737024,inf,36385.248510
2979079087,45454.540729,46220.142284
17718631,37748.384984,36385.248510
2953587747,46192.805428,46192.805428
2257610743,inf,nan
1042498176,42404.085797,42403.487618
2452586941,inf,nan
4136193385,inf,36385.248510
2603249511,34017.956003,34029.792523
302401098,inf,nan
3098553485,inf,nan
2374597975,55081.830146,inf
3020282740,inf,36232.589043
2491669784,inf,36385.248510
3310282824,inf,36385.248510
271567250,36385.248510,-nan
322549088,36385.248510,inf
289523015,36385.248510,inf
921663537,inf,nan
581049171,inf,35232.556536
4086365929,31147.391308,inf
254951617,36385.248510,inf
838099910,inf,36385.248510
2135759697,inf,nan
617995637,-nan,nan
2266856175,nan,inf
2232273742,nan,38385.248510
2861287011,40641.047784,40719.171036
2796000828,inf,53758.544263
2375596585,inf,51679.596785
657271964,inf,36385.248510
1720757823,36444.142402,nan
651523604,inf,36385.248510
819383290,inf,36385.248510
618103455,inf,nan
2608117421,inf,inf
4111610058,inf,36385.248510
1277662663,inf,49066.249951
1968359474,36385.248510,inf
247836100,36385.248510,inf
3126640057,42442.422245,39243.037372
1911655201,inf,36385.248510
2491633847,37385.248510,36385.248510
292002637,36385.248510,inf
1043443715,37577.893626,inf
1511622905,58287.980763,36385.248510
1358174219,61332.343103,inf
286971520,36385.248510,inf
4049657155,inf,36385.248510
1358204705,55761.561108,inf
887737932,46005.035168,inf
1721871872,36396.836438,36443.391190
1720578135,57488.943759,57488.943759
1720506264,57488.943759,57488.943759
3339168254,46873.350616,inf
1333990204,45478.442183,44812.554912
1360578727,53614.954904,53558.673682
563287922,inf,-nan
3087721372,41995.807599,42015.880178
3087641875,42245.253915,42415.406380
74212331,55614.709661,58336.988095
2396088513,inf,inf
3114043308,41471.903940,40447.502642
2678050826,inf,36385.248510
3087827003,41471.903940,40870.628137
2085733181,55614.709661,55614.709661
3090359849,inf,48746.288630
1682628727,52374.261724,53384.287946
882086800,47873.350616,inf
3432141744,56614.954904,56614.954904
40394549,45325.871142,45325.871142
4111319291,44973.533215,45618.724252
4166936611,27004.456759,27682.595763
848371338,48842.910710,48842.910710
3147941276,inf,46573.978992
396437178,48842.910710,53405.584087
2084725858,55614.709661,56385.295094
3109263655,42178.074741,42178.074741
3399293994,-nan,nan
605945178,inf,-nan
1456623697,50773.255725,inf
1458779917,50879.706021,51956.248145
4042450877,inf,48316.070117
2180552264,inf,inf
2853056356,43204.737122,inf
1878008114,inf,45585.101155
85294784,48842.910710,inf
2857568960,44418.888875,44833.926374
2084726947,55614.709661,56385.295094
2084687742,57336.988095,57336.988095
3108077769,42245.253915,42245.253915
2084660517,57336.988095,57800.920475
3108077731,42245.253915,42245.253915
3314160753,43359.525837,43441.738588
3695416187,47400.401325,47003.731067
43772627,39385.248779,inf
2454935635,46405.472369,46243.091628
3702386375,46321.998633,48764.053405
923335960,52311.073439,52311.073439
3741937689,45746.881042,inf
3887571356,46389.628277,46389.628277
3887571263,46389.628277,46389.628277
3887463452,46389.628277,46345.779863
3380081642,46570.997968,46668.935563
146101220,45547.565735,45547.565735
2606023624,inf,47836.678827
3116029218,inf,45358.695967
2296029328,48463.230550,48463.230550
2267890657,48463.230550,48419.316116
2266525092,48324.810484,inf
2681719817,47620.168592,47705.483136
579954045,44920.872725,44861.819342
1043113945,inf,44745.033787
538071915,45986.031937,47699.166803
1041928024,45941.812673,45745.033787
572946331,46742.747420,46939.733221
1039484402,45840.070828,inf
2439382069,16975.937654,inf
857615007,44620.168592,44620.168592
2764621028,inf,46690.501225
2082397571,46690.501225,60071.031067
32669162,inf,46690.501225
4225209825,59385.295094,inf
3958629511,inf,46690.501225
1678636566,46690.501225,inf
620979371,inf,47620.168592
883204114,44675.069493,44779.856815
2838909675,40460.610091,inf
3376111458,44591.357303,44591.357303
2043190106,46620.168592,inf
886536566,55962.701459,53405.584087
914036971,46547.565735,46849.485750
575660666,51679.596785,29390.988743
2287741746,44520.567540,43765.486368
875087797,44440.559577,44528.033323
3689569233,55376.623616,inf
2442976159,44176.986886,43765.486368
3927856672,inf,32648.033697
3065112699,45547.565735,45624.364808
3926706688,37385.248350,34656.654353
3062920535,46575.335887,46970.713762
1994774749,inf,36385.248510
655586766,47547.565735,47705.483136
1994595092,37385.248510,inf
655478921,47547.565735,47705.483136
2048778363,45743.125702,45969.487727
2407560944,inf,inf
2868521696,39966.813059,39984.179701
842882796,45796.474312,inf
100557469,31738.006424,31598.364152
224336073,45624.364808,45715.178732
2452645163,45358.695967,44231.843616
1529240621,46497.888355,46644.096972
3414410974,inf,46231.696515
962202234,50022.413097,46662.545605
3677456600,inf,39383.613055
3087829181,41471.903940,38246.166659
2679129001,46495.415067,inf
1718916104,inf,47620.168592
1678451010,47091.518257,47620.168592
2330588097,inf,inf
144879366,45624.364808,45715.178732
2937896023,12584.962530,inf
2293993695,inf,46689.956031
3297660984,45019.903374,45106.057395
2646071402,48278.913008,inf
2751151547,inf,45661.347748
2751115551,44734.840598,44697.626245
2750971767,inf,44690.396002
2374636320,inf,44809.926493
3430408924,inf,inf
2374635231,inf,46067.205730
3762139486,44017.882365,44071.701089
2374634143,inf,47360.840979
3762139387,44017.882365,44044.540783
1053479306,inf,48653.473833
3762103521,44017.882365,44031.150000
3762103450,44017.882365,44024.500931
2257126689,44181.274154,44181.274154
2200282189,45101.446128,47303.466995
3111599595,41894.941312,41995.807599
2606829283,inf,53888.877818
3559107138,inf,inf
1037030678,49261.258019,49261.258019
1703065853,nan,inf
3617037653,49817.868207,inf
2745526946,51817.868207,51817.868207
4228086159,40708.378754,36383.613055
4228050186,40708.378754,37315.853893
2794922721,56614.709661,57385.295094
656050103,37385.248510,37385.248510
4228014252,40612.623017,38189.195014
3078156689,56614.709661,57385.295094
3774729074,38970.197837,38970.201624
2341381891,39234.824067,40234.824067
2370815873,53780.217749,inf
2370814784,53780.217749,55286.513135
1744384725,48982.561581,inf
3741521767,46009.231887,inf
3439293181,56614.954904,56614.954904
3315026508,43170.338537,43217.930245
171524984,inf,49746.288630
2447946176,36385.248510,51679.596785
648109626,53370.748612,52809.658277
1471996901,46811.103951,inf
922271985,43597.622556,43597.622556
2023483161,55156.964649,inf
341634501,43899.385679,inf
2023483119,55156.964649,57104.127184
2005167870,56614.954904,56614.954904
1123260035,-nan,inf
2005162429,56323.902338,57258.091903
344088051,53932.328044,inf
4227719970,59385.295094,57614.709661
2002975717,inf,55126.056331
1121348830,-nan,inf
1107747310,inf,48842.910710
3134199530,-nan,inf
3091777653,-nan,inf
3582461990,-nan,inf
1353640712,-nan,57488.943759
3435152537,-nan,inf
764863566,45161.291906,45226.377820
2332955637,-nan,inf
2787139815,inf,-nan
4017709130,37385.248510,inf
3853685041,inf,inf
1245046158,inf,inf
1707793258,inf,57703.443105
2369564847,47805.121867,inf
2929514,inf,-nan
583385074,37063.320262,38385.248510
24730464,27037.054051,inf
2374873135,inf,inf
2494429725,inf,inf
2375441901,46372.995713,46566.145260
2496837596,inf,inf
4135151248,37385.248510,inf
7779986,34006.074267,34038.288113
301251146,-nan,nan
3055049903,-nan,nan
3098517589,inf,-nan
2751269248,-nan,inf
569433151,-nan,nan
2374594708,57063.199011,inf
620580351,37385.248510,37385.248510
1048726697,-nan,inf
##########
2565529304,1:14350286424232700367,62488.943759;
2008684250,1:14350286424232700367,62488.943759;
2007607232,1:14350286424232700367,62488.943759;
2007568026,1:14350286424232700367,62488.943759;
2566508315,1:7413365781341509331,46442.422245;850187991063183094,51679.596785;10363819905758419276,60052.619977;
1506770149,1:14276977175722654164,55541.093831;
2449123684,1:16019251870190933755,41385.197632;10635819002710222542,52405.584087;16580398418232013335,nan;14747200488186132033,51707.673139;11624520679055476624,47277.895649;6027998910130031744,60488.943759;3133395692337742350,38385.248510;6077353454319284396,31587.645728;
4173518327,1:16019251870190933755,41385.197632;10635819002710222542,52405.584087;16580398418232013335,nan;14747200488186132033,51707.673139;11624520679055476624,47277.895649;6027998910130031744,60488.943759;3133395692337742350,38385.248510;6077353454319284396,31587.645728;
1755113591,1:16019251870190933755,41385.197632;10635819002710222542,52405.584087;16580398418232013335,nan;14747200488186132033,51707.673139;11624520679055476624,47277.895649;6027998910130031744,60488.943759;3133395692337742350,38385.248510;6077353454319284396,31587.645728;
223975191,1:
2784480480,1:
2449238029,1:16019251870190933755,41385.197632;10635819002710222542,52405.584087;16580398418232013335,nan;14747200488186132033,51707.673139;11624520679055476624,47277.895649;6027998910130031744,60488.943759;3133395692337742350,38385.248510;6077353454319284396,31587.645728;
1750369907,1:16019251870190933755,41385.197632;10635819002710222542,52405.584087;16580398418232013335,nan;14747200488186132033,51707.673139;11624520679055476624,47277.895649;6027998910130031744,60488.943759;3133395692337742350,38385.248510;6077353454319284396,31587.645728;
2524802756,1:16019251870190933755,41385.197632;10635819002710222542,52405.584087;16580398418232013335,nan;14747200488186132033,51707.673139;11624520679055476624,47277.895649;6027998910130031744,60488.943759;3133395692337742350,38385.248510;6077353454319284396,31587.645728;
835730242,1:16019251870190933755,41385.197632;10635819002710222542,52405.584087;16580398418232013335,nan;14747200488186132033,51707.673139;11624520679055476624,47277.895649;6027998910130031744,60488.943759;3133395692337742350,38385.248510;6077353454319284396,31587.645728;
2452581492,1:
3699725510,1:
2491634936,1:16019251870190933755,41385.197632;10635819002710222542,52405.584087;16580398418232013335,nan;14747200488186132033,51707.673139;11624520679055476624,47277.895649;6027998910130031744,60488.943759;3133395692337742350,38385.248510;6077353454319284396,31587.645728;
1755005780,1:16019251870190933755,41385.197632;10635819002710222542,52405.584087;16580398418232013335,nan;14747200488186132033,51707.673139;11624520679055476624,47277.895649;6027998910130031744,60488.943759;3133395692337742350,38385.248510;6077353454319284396,31587.645728;
1759749464,1:16019251870190933755,41385.197632;10635819002710222542,52405.584087;16580398418232013335,nan;14747200488186132033,51707.673139;11624520679055476624,47277.895649;6027998910130031744,60488.943759;3133395692337742350,38385.248510;6077353454319284396,31587.645728;
2451608781,1:16019251870190933755,41385.197632;10635819002710222542,52405.584087;16580398418232013335,nan;14747200488186132033,51707.673139;11624520679055476624,47277.895649;6027998910130031744,60488.943759;3133395692337742350,38385.248510;6077353454319284396,31587.645728;
1756047953,1:16019251870190933755,41385.197632;10635819002710222542,52405.584087;16580398418232013335,nan;14747200488186132033,51707.673139;11624520679055476624,47277.895649;6027998910130031744,60488.943759;3133395692337742350,38385.248510;6077353454319284396,31587.645728;
4292003070,1:
1759857275,1:16019251870190933755,41385.197632;10635819002710222542,52405.584087;16580398418232013335,nan;14747200488186132033,51707.673139;11624520679055476624,47277.895649;6027998910130031744,60488.943759;3133395692337742350,38385.248510;6077353454319284396,31587.645728;
2083683678,1:16019251870190933755,41385.197632;10635819002710222542,52405.584087;16580398418232013335,nan;14747200488186132033,51707.673139;11624520679055476624,47277.895649;6027998910130031744,60488.943759;3133395692337742350,38385.248510;6077353454319284396,31587.645728;
4172332406,1:16019251870190933755,41385.197632;10635819002710222542,52405.584087;16580398418232013335,nan;14747200488186132033,51707.673139;11624520679055476624,47277.895649;6027998910130031744,60488.943759;3133395692337742350,38385.248510;6077353454319284396,31587.645728;
2449103231,1:
3262680908,1:
4095169462,1:16019251870190933755,41385.197632;10635819002710222542,52405.584087;16580398418232013335,nan;14747200488186132033,51707.673139;11624520679055476624,47277.895649;6027998910130031744,60488.943759;3133395692337742350,38385.248510;6077353454319284396,31587.645728;
618175322,1:
819419227,1:16019251870190933755,41385.197632;10635819002710222542,52405.584087;16580398418232013335,nan;14747200488186132033,51707.673139;11624520679055476624,47277.895649;6027998910130031744,60488.943759;3133395692337742350,38385.248510;6077353454319284396,31587.645728;
3552924354,1:16019251870190933755,41385.197632;10635819002710222542,52405.584087;16580398418232013335,nan;14747200488186132033,51707.673139;11624520679055476624,47277.895649;6027998910130031744,60488.943759;3133395692337742350,38385.248510;6077353454319284396,31587.645728;
1751304269,1:16019251870190933755,41385.197632;10635819002710222542,52405.584087;16580398418232013335,nan;14747200488186132033,51707.673139;11624520679055476624,47277.895649;6027998910130031744,60488.943759;3133395692337742350,38385.248510;6077353454319284396,31587.645728;
2785842819,1:
835765090,1:16019251870190933755,41385.197632;10635819002710222542,52405.584087;16580398418232013335,nan;14747200488186132033,51707.673139;11624520679055476624,47277.895649;6027998910130031744,60488.943759;3133395692337742350,38385.248510;6077353454319284396,31587.645728;
1721620311,1:
2378927785,1:
835695394,1:16019251870190933755,41385.197632;10635819002710222542,52405.584087;16580398418232013335,nan;14747200488186132033,51707.673139;11624520679055476624,47277.895649;6027998910130031744,60488.943759;3133395692337742350,38385.248510;6077353454319284396,31587.645728;
55599495,1:
1505840312,1:16019251870190933755,41385.197632;10635819002710222542,52405.584087;16580398418232013335,nan;14747200488186132033,51707.673139;11624520679055476624,47277.895649;6027998910130031744,60488.943759;3133395692337742350,38385.248510;6077353454319284396,31587.645728;
2232309679,1:
1751555828,1:16019251870190933755,41385.197632;10635819002710222542,52405.584087;16580398418232013335,nan;14747200488186132033,51707.673139;11624520679055476624,47277.895649;6027998910130031744,60488.943759;3133395692337742350,38385.248510;6077353454319284396,31587.645728;
2637646464,1:
1794813263,1:
1852431268,1:
588200604,1:3056395092711954527,38233.144707;14613767527857410704,37232.589043;283835202728824867,49842.910710;7637151034289216736,31587.645728;17360042003900222261,38233.144707;
1765417887,1:
2366329192,1:7413365781341509331,46442.422245;850187991063183094,51679.596785;10363819905758419276,60052.619977;
3496236560,1:
2751448933,1:
618067511,1:
4173698012,1:16019251870190933755,41385.197632;10635819002710222542,52405.584087;16580398418232013335,nan;14747200488186132033,51707.673139;11624520679055476624,47277.895649;6027998910130031744,60488.943759;3133395692337742350,38385.248510;6077353454319284396,31587.645728;
1752598001,1:16019251870190933755,41385.197632;10635819002710222542,52405.584087;16580398418232013335,nan;14747200488186132033,51707.673139;11624520679055476624,47277.895649;6027998910130031744,60488.943759;3133395692337742350,38385.248510;6077353454319284396,31587.645728;
2452608483,1:16019251870190933755,41385.197632;10635819002710222542,52405.584087;16580398418232013335,nan;14747200488186132033,51707.673139;11624520679055476624,47277.895649;6027998910130031744,60488.943759;3133395692337742350,38385.248510;6077353454319284396,31587.645728;
1794751191,1:
1886828419,1:
838108622,1:16019251870190933755,41385.197632;10635819002710222542,52405.584087;16580398418232013335,nan;14747200488186132033,51707.673139;11624520679055476624,47277.895649;6027998910130031744,60488.943759;3133395692337742350,38385.248510;6077353454319284396,31587.645728;
2567800958,1:16019251870190933755,41385.197632;10635819002710222542,52405.584087;16580398418232013335,nan;14747200488186132033,51707.673139;11624520679055476624,47277.895649;6027998910130031744,60488.943759;3133395692337742350,38385.248510;6077353454319284396,31587.645728;
4172548028,1:16019251870190933755,41385.197632;10635819002710222542,52405.584087;16580398418232013335,nan;14747200488186132033,51707.673139;11624520679055476624,47277.895649;6027998910130031744,60488.943759;3133395692337742350,38385.248510;6077353454319284396,31587.645728;
2449094281,1:16019251870190933755,41385.197632;10635819002710222542,52405.584087;16580398418232013335,nan;14747200488186132033,51707.673139;11624520679055476624,47277.895649;6027998910130031744,60488.943759;3133395692337742350,38385.248510;6077353454319284396,31587.645728;
220416342,1:
2573065627,1:16019251870190933755,41385.197632;10635819002710222542,52405.584087;16580398418232013335,nan;14747200488186132033,51707.673139;11624520679055476624,47277.895649;6027998910130031744,60488.943759;3133395692337742350,38385.248510;6077353454319284396,31587.645728;
581192885,1:3056395092711954527,38233.144707;14613767527857410704,37232.589043;283835202728824867,49842.910710;7637151034289216736,31587.645728;17360042003900222261,38233.144707;
27134120,1:16019251870190933755,41385.197632;10635819002710222542,52405.584087;16580398418232013335,nan;14747200488186132033,51707.673139;11624520679055476624,47277.895649;6027998910130031744,60488.943759;3133395692337742350,38385.248510;6077353454319284396,31587.645728;
2006606438,1:14350286424232700367,62488.943759;
922517306,1:
4174596437,1:16019251870190933755,41385.197632;10635819002710222542,52405.584087;16580398418232013335,nan;14747200488186132033,51707.673139;11624520679055476624,47277.895649;6027998910130031744,60488.943759;3133395692337742350,38385.248510;6077353454319284396,31587.645728;
2081172449,1:16019251870190933755,41385.197632;10635819002710222542,52405.584087;16580398418232013335,nan;14747200488186132033,51707.673139;11624520679055476624,47277.895649;6027998910130031744,60488.943759;3133395692337742350,38385.248510;6077353454319284396,31587.645728;
1789541241,1:
3310283906,1:16019251870190933755,41385.197632;10635819002710222542,52405.584087;16580398418232013335,nan;14747200488186132033,51707.673139;11624520679055476624,47277.895649;6027998910130031744,60488.943759;3133395692337742350,38385.248510;6077353454319284396,31587.645728;
1723843133,1:
2008653758,1:7413365781341509331,46442.422245;850187991063183094,51679.596785;10363819905758419276,60052.619977;
737518800,1:
1352352422,1:
920220605,1:
3513295122,1:
2342567746,1:3056395092711954527,38233.144707;14613767527857410704,37232.589043;283835202728824867,49842.910710;7637151034289216736,31587.645728;17360042003900222261,38233.144707;
834799147,1:16019251870190933755,41385.197632;10635819002710222542,52405.584087;16580398418232013335,nan;14747200488186132033,51707.673139;11624520679055476624,47277.895649;6027998910130031744,60488.943759;3133395692337742350,38385.248510;6077353454319284396,31587.645728;
255492991,1:16019251870190933755,41385.197632;10635819002710222542,52405.584087;16580398418232013335,nan;14747200488186132033,51707.673139;11624520679055476624,47277.895649;6027998910130031744,60488.943759;3133395692337742350,38385.248510;6077353454319284396,31587.645728;
1795932752,1:
1005673857,3:16019251870190933755,41385.197632;10635819002710222542,52405.584087;16580398418232013335,nan;14747200488186132033,51707.673139;11624520679055476624,47277.895649;6027998910130031744,60488.943759;3133395692337742350,38385.248510;6077353454319284396,31587.645728;
3574021141,1:
1726101715,1:
1906875581,2:16019251870190933755,41385.197632;10635819002710222542,52405.584087;16580398418232013335,nan;14747200488186132033,51707.673139;11624520679055476624,47277.895649;6027998910130031744,60488.943759;3133395692337742350,38385.248510;6077353454319284396,31587.645728;
4233230304,1:
17719720,1:16019251870190933755,41385.197632;10635819002710222542,52405.584087;16580398418232013335,nan;14747200488186132033,51707.673139;11624520679055476624,47277.895649;6027998910130031744,60488.943759;3133395692337742350,38385.248510;6077353454319284396,31587.645728;
835809739,1:16019251870190933755,41385.197632;10635819002710222542,52405.584087;16580398418232013335,nan;14747200488186132033,51707.673139;11624520679055476624,47277.895649;6027998910130031744,60488.943759;3133395692337742350,38385.248510;6077353454319284396,31587.645728;
2306988782,1:
1693198842,1:
920404646,1:16019251870190933755,41385.197632;10635819002710222542,52405.584087;16580398418232013335,nan;14747200488186132033,51707.673139;11624520679055476624,47277.895649;6027998910130031744,60488.943759;3133395692337742350,38385.248510;6077353454319284396,31587.645728;
2374189553,1:16019251870190933755,41385.197632;10635819002710222542,52405.584087;16580398418232013335,nan;14747200488186132033,51707.673139;11624520679055476624,47277.895649;6027998910130031744,60488.943759;3133395692337742350,38385.248510;6077353454319284396,31587.645728;
3752847565,1:
1753747985,1:16019251870190933755,41385.197632;10635819002710222542,52405.584087;16580398418232013335,nan;14747200488186132033,51707.673139;11624520679055476624,47277.895649;6027998910130031744,60488.943759;3133395692337742350,38385.248510;6077353454319284396,31587.645728;
657307901,1:16019251870190933755,41385.197632;10635819002710222542,52405.584087;16580398418232013335,nan;14747200488186132033,51707.673139;11624520679055476624,47277.895649;6027998910130031744,60488.943759;3133395692337742350,38385.248510;6077353454319284396,31587.645728;
1720179737,1:
2494005689,1:16019251870190933755,41385.197632;10635819002710222542,52405.584087;16580398418232013335,nan;14747200488186132033,51707.673139;11624520679055476624,47277.895649;6027998910130031744,60488.943759;3133395692337742350,38385.248510;6077353454319284396,31587.645728;
3262572008,1:
1606218061,1:
1753640174,1:16019251870190933755,41385.197632;10635819002710222542,52405.584087;16580398418232013335,nan;14747200488186132033,51707.673139;11624520679055476624,47277.895649;6027998910130031744,60488.943759;3133395692337742350,38385.248510;6077353454319284396,31587.645728;
252871768,1:16019251870190933755,41385.197632;10635819002710222542,52405.584087;16580398418232013335,nan;14747200488186132033,51707.673139;11624520679055476624,47277.895649;6027998910130031744,60488.943759;3133395692337742350,38385.248510;6077353454319284396,31587.645728;
191851869,1:
1434980067,1:
3661881667,1:
250784155,1:16019251870190933755,41385.197632;10635819002710222542,52405.584087;16580398418232013335,nan;14747200488186132033,51707.673139;11624520679055476624,47277.895649;6027998910130031744,60488.943759;3133395692337742350,38385.248510;6077353454319284396,31587.645728;
2459610710,1:16019251870190933755,41385.197632;10635819002710222542,52405.584087;16580398418232013335,nan;14747200488186132033,51707.673139;11624520679055476624,47277.895649;6027998910130031744,60488.943759;3133395692337742350,38385.248510;6077353454319284396,31587.645728;
2194386336,1:15627107112512376916,47478.270260;4565244254581545118,55761.561108;17922403805449423869,54758.544263;17646507938403848409,49533.421350;
655189216,1:15627107112512376916,47478.270260;4565244254581545118,55761.561108;17922403805449423869,54758.544263;17646507938403848409,49533.421350;
1750118348,1:
654075169,1:15627107112512376916,47478.270260;4565244254581545118,55761.561108;17922403805449423869,54758.544263;17646507938403848409,49533.421350;
922740551,1:16019251870190933755,41385.197632;10635819002710222542,52405.584087;16580398418232013335,nan;14747200488186132033,51707.673139;11624520679055476624,47277.895649;6027998910130031744,60488.943759;3133395692337742350,38385.248510;6077353454319284396,31587.645728;
609980470,1:15627107112512376916,47478.270260;4565244254581545118,55761.561108;17922403805449423869,54758.544263;17646507938403848409,49533.421350;
2867398479,1:7413365781341509331,46442.422245;850187991063183094,51679.596785;10363819905758419276,60052.619977;
2342388568,1:
2751415174,1:
3001316,1:
644551864,1:15627107112512376916,47478.270260;4565244254581545118,55761.561108;17922403805449423869,54758.544263;17646507938403848409,49533.421350;
2375597674,1:15627107112512376916,47478.270260;4565244254581545118,55761.561108;17922403805449423869,54758.544263;17646507938403848409,49533.421350;
2598367319,1:15627107112512376916,47478.270260;4565244254581545118,55761.561108;17922403805449423869,54758.544263;17646507938403848409,49533.421350;
2374343148,1:15627107112512376916,47478.270260;4565244254581545118,55761.561108;17922403805449423869,54758.544263;17646507938403848409,49533.421350;
1160376373,1:
2597397020,1:15627107112512376916,47478.270260;4565244254581545118,55761.561108;17922403805449423869,54758.544263;17646507938403848409,49533.421350;
655045468,1:15627107112512376916,47478.270260;4565244254581545118,55761.561108;17922403805449423869,54758.544263;17646507938403848409,49533.421350;
645665911,1:15627107112512376916,47478.270260;4565244254581545118,55761.561108;17922403805449423869,54758.544263;17646507938403848409,49533.421350;
2127310111,1:15627107112512376916,47478.270260;4565244254581545118,55761.561108;17922403805449423869,54758.544263;17646507938403848409,49533.421350;
91363362,1:15627107112512376916,47478.270260;4565244254581545118,55761.561108;17922403805449423869,54758.544263;17646507938403848409,49533.421350;
1434946308,1:
87735903,1:15627107112512376916,47478.270260;4565244254581545118,55761.561108;17922403805449423869,54758.544263;17646507938403848409,49533.421350;
1355723966,1:15627107112512376916,47478.270260;4565244254581545118,55761.561108;17922403805449423869,54758.544263;17646507938403848409,49533.421350;
607752376,1:15627107112512376916,47478.270260;4565244254581545118,55761.561108;17922403805449423869,54758.544263;17646507938403848409,49533.421350;
89100420,1:15627107112512376916,47478.270260;4565244254581545118,55761.561108;17922403805449423869,54758.544263;17646507938403848409,49533.421350;
4172438039,1:16019251870190933755,41385.197632;10635819002710222542,52405.584087;16580398418232013335,nan;14747200488186132033,51707.673139;11624520679055476624,47277.895649;6027998910130031744,60488.943759;3133395692337742350,38385.248510;6077353454319284396,31587.645728;
690910594,1:15627107112512376916,47478.270260;4565244254581545118,55761.561108;17922403805449423869,54758.544263;17646507938403848409,49533.421350;
3180378444,1:
2449128040,1:16019251870190933755,41385.197632;10635819002710222542,52405.584087;16580398418232013335,nan;14747200488186132033,51707.673139;11624520679055476624,47277.895649;6027998910130031744,60488.943759;3133395692337742350,38385.248510;6077353454319284396,31587.645728;
4177035793,1:15627107112512376916,47478.270260;4565244254581545118,55761.561108;17922403805449423869,54758.544263;17646507938403848409,49533.421350;
3299418454,1:14276977175722654164,55541.093831;
1754601934,1:
645522163,1:15627107112512376916,47478.270260;4565244254581545118,55761.561108;17922403805449423869,54758.544263;17646507938403848409,49533.421350;
90177441,1:15627107112512376916,47478.270260;4565244254581545118,55761.561108;17922403805449423869,54758.544263;17646507938403848409,49533.421350;
4174923133,1:15627107112512376916,47478.270260;4565244254581545118,55761.561108;17922403805449423869,54758.544263;17646507938403848409,49533.421350;
2449233673,1:16019251870190933755,41385.197632;10635819002710222542,52405.584087;16580398418232013335,nan;14747200488186132033,51707.673139;11624520679055476624,47277.895649;6027998910130031744,60488.943759;3133395692337742350,38385.248510;6077353454319284396,31587.645728;
923993990,1:15627107112512376916,47478.270260;4565244254581545118,55761.561108;17922403805449423869,54758.544263;17646507938403848409,49533.421350;
1875636666,1:16019251870190933755,41385.197632;10635819002710222542,52405.584087;16580398418232013335,nan;14747200488186132033,51707.673139;11624520679055476624,47277.895649;6027998910130031744,60488.943759;3133395692337742350,38385.248510;6077353454319284396,31587.645728;
834833995,1:16019251870190933755,41385.197632;10635819002710222542,52405.584087;16580398418232013335,nan;14747200488186132033,51707.673139;11624520679055476624,47277.895649;6027998910130031744,60488.943759;3133395692337742350,38385.248510;6077353454319284396,31587.645728;
87805599,1:15627107112512376916,47478.270260;4565244254581545118,55761.561108;17922403805449423869,54758.544263;17646507938403848409,49533.421350;
2369746477,1:15627107112512376916,47478.270260;4565244254581545118,55761.561108;17922403805449423869,54758.544263;17646507938403848409,49533.421350;
692024641,1:15627107112512376916,47478.270260;4565244254581545118,55761.561108;17922403805449423869,54758.544263;17646507938403848409,49533.421350;
1354870190,1:15627107112512376916,47478.270260;4565244254581545118,55761.561108;17922403805449423869,54758.544263;17646507938403848409,49533.421350;
646779958,1:15627107112512376916,47478.270260;4565244254581545118,55761.561108;17922403805449423869,54758.544263;17646507938403848409,49533.421350;
655332964,1:15627107112512376916,47478.270260;4565244254581545118,55761.561108;17922403805449423869,54758.544263;17646507938403848409,49533.421350;
2404092445,1:15627107112512376916,47478.270260;4565244254581545118,55761.561108;17922403805449423869,54758.544263;17646507938403848409,49533.421350;
2861285922,1:16019251870190933755,41385.197632;10635819002710222542,52405.584087;16580398418232013335,nan;14747200488186132033,51707.673139;11624520679055476624,47277.895649;6027998910130031744,60488.943759;3133395692337742350,38385.248510;6077353454319284396,31587.645728;
693138688,1:15627107112512376916,47478.270260;4565244254581545118,55761.561108;17922403805449423869,54758.544263;17646507938403848409,49533.421350;
795624549,1:16019251870190933755,41385.197632;10635819002710222542,52405.584087;16580398418232013335,nan;14747200488186132033,51707.673139;11624520679055476624,47277.895649;6027998910130031744,60488.943759;3133395692337742350,38385.248510;6077353454319284396,31587.645728;
2373230190,1:15627107112512376916,47478.270260;4565244254581545118,55761.561108;17922403805449423869,54758.544263;17646507938403848409,49533.421350;
2414694948,1:15627107112512376916,47478.270260;4565244254581545118,55761.561108;17922403805449423869,54758.544263;17646507938403848409,49533.421350;
1751448017,1:16019251870190933755,41385.197632;10635819002710222542,52405.584087;16580398418232013335,nan;14747200488186132033,51707.673139;11624520679055476624,47277.895649;6027998910130031744,60488.943759;3133395692337742350,38385.248510;6077353454319284396,31587.645728;
3557885211,1:15627107112512376916,47478.270260;4565244254581545118,55761.561108;17922403805449423869,54758.544263;17646507938403848409,49533.421350;
3223369097,1:16019251870190933755,41385.197632;10635819002710222542,52405.584087;16580398418232013335,nan;14747200488186132033,51707.673139;11624520679055476624,47277.895649;6027998910130031744,60488.943759;3133395692337742350,38385.248510;6077353454319284396,31587.645728;
616698641,1:15627107112512376916,47478.270260;4565244254581545118,55761.561108;17922403805449423869,54758.544263;17646507938403848409,49533.421350;
1912553627,2:16019251870190933755,41385.197632;10635819002710222542,52405.584087;16580398418232013335,nan;14747200488186132033,51707.673139;11624520679055476624,47277.895649;6027998910130031744,60488.943759;3133395692337742350,38385.248510;6077353454319284396,31587.645728;
2370960708,1:15627107112512376916,47478.270260;4565244254581545118,55761.561108;17922403805449423869,54758.544263;17646507938403848409,49533.421350;
1757521370,1:16019251870190933755,41385.197632;10635819002710222542,52405.584087;16580398418232013335,nan;14747200488186132033,51707.673139;11624520679055476624,47277.895649;6027998910130031744,60488.943759;3133395692337742350,38385.248510;6077353454319284396,31587.645728;
2404136005,1:15627107112512376916,47478.270260;4565244254581545118,55761.561108;17922403805449423869,54758.544263;17646507938403848409,49533.421350;
3428001073,1:
89059038,1:15627107112512376916,47478.270260;4565244254581545118,55761.561108;17922403805449423869,54758.544263;17646507938403848409,49533.421350;
1790691218,3:15627107112512376916,47478.270260;4565244254581545118,55761.561108;17922403805449423869,54758.544263;17646507938403848409,49533.421350;
4175884720,1:15627107112512376916,47478.270260;4565244254581545118,55761.561108;17922403805449423869,54758.544263;17646507938403848409,49533.421350;
2232304231,1:16019251870190933755,41385.197632;10635819002710222542,52405.584087;16580398418232013335,nan;14747200488186132033,51707.673139;11624520679055476624,47277.895649;6027998910130031744,60488.943759;3133395692337742350,38385.248510;6077353454319284396,31587.645728;
1355726147,1:15627107112512376916,47478.270260;4565244254581545118,55761.561108;17922403805449423869,54758.544263;17646507938403848409,49533.421350;
1757197937,1:16019251870190933755,41385.197632;10635819002710222542,52405.584087;16580398418232013335,nan;14747200488186132033,51707.673139;11624520679055476624,47277.895649;6027998910130031744,60488.943759;3133395692337742350,38385.248510;6077353454319284396,31587.645728;
87947169,1:15627107112512376916,47478.270260;4565244254581545118,55761.561108;17922403805449423869,54758.544263;17646507938403848409,49533.421350;
1360579816,1:15627107112512376916,47478.270260;4565244254581545118,55761.561108;17922403805449423869,54758.544263;17646507938403848409,49533.421350;
568437298,1:15627107112512376916,47478.270260;4565244254581545118,55761.561108;17922403805449423869,54758.544263;17646507938403848409,49533.421350;
4227726501,1:15627107112512376916,47478.270260;4565244254581545118,55761.561108;17922403805449423869,54758.544263;17646507938403848409,49533.421350;
3376771361,1:16019251870190933755,41385.197632;10635819002710222542,52405.584087;16580398418232013335,nan;14747200488186132033,51707.673139;11624520679055476624,47277.895649;6027998910130031744,60488.943759;3133395692337742350,38385.248510;6077353454319284396,31587.645728;
722642926,1:15627107112512376916,47478.270260;4565244254581545118,55761.561108;17922403805449423869,54758.544263;17646507938403848409,49533.421350;
2564385854,1:3056395092711954527,38233.144707;14613767527857410704,37232.589043;283835202728824867,49842.910710;7637151034289216736,31587.645728;17360042003900222261,38233.144707;
1757413559,1:16019251870190933755,41385.197632;10635819002710222542,52405.584087;16580398418232013335,nan;14747200488186132033,51707.673139;11624520679055476624,47277.895649;6027998910130031744,60488.943759;3133395692337742350,38385.248510;6077353454319284396,31587.645728;
4174699892,2:16019251870190933755,41385.197632;10635819002710222542,52405.584087;16580398418232013335,nan;14747200488186132033,51707.673139;11624520679055476624,47277.895649;6027998910130031744,60488.943759;3133395692337742350,38385.248510;6077353454319284396,31587.645728;
4113807653,1:3056395092711954527,38233.144707;14613767527857410704,37232.589043;283835202728824867,49842.910710;7637151034289216736,31587.645728;17360042003900222261,38233.144707;
566352952,1:15627107112512376916,47478.270260;4565244254581545118,55761.561108;17922403805449423869,54758.544263;17646507938403848409,49533.421350;
2405210848,1:15627107112512376916,47478.270260;4565244254581545118,55761.561108;17922403805449423869,54758.544263;17646507938403848409,49533.421350;
2343502108,1:15627107112512376916,47478.270260;4565244254581545118,55761.561108;17922403805449423869,54758.544263;17646507938403848409,49533.421350;
2865024456,1:16019251870190933755,41385.197632;10635819002710222542,52405.584087;16580398418232013335,nan;14747200488186132033,51707.673139;11624520679055476624,47277.895649;6027998910130031744,60488.943759;3133395692337742350,38385.248510;6077353454319284396,31587.645728;
1354542404,1:15627107112512376916,47478.270260;4565244254581545118,55761.561108;17922403805449423869,54758.544263;17646507938403848409,49533.421350;
2751457645,1:
3046135726,1:3056395092711954527,38233.144707;14613767527857410704,37232.589043;283835202728824867,49842.910710;7637151034289216736,31587.645728;17360042003900222261,38233.144707;
1760791637,1:16019251870190933755,41385.197632;10635819002710222542,52405.584087;16580398418232013335,nan;14747200488186132033,51707.673139;11624520679055476624,47277.895649;6027998910130031744,60488.943759;3133395692337742350,38385.248510;6077353454319284396,31587.645728;
4172257265,1:16019251870190933755,41385.197632;10635819002710222542,52405.584087;16580398418232013335,nan;14747200488186132033,51707.673139;11624520679055476624,47277.895649;6027998910130031744,60488.943759;3133395692337742350,38385.248510;6077353454319284396,31587.645728;
683723194,1:15627107112512376916,47478.270260;4565244254581545118,55761.561108;17922403805449423869,54758.544263;17646507938403848409,49533.421350;
90287430,1:15627107112512376916,47478.270260;4565244254581545118,55761.561108;17922403805449423869,54758.544263;17646507938403848409,49533.421350;
800406354,1:3056395092711954527,38233.144707;14613767527857410704,37232.589043;283835202728824867,49842.910710;7637151034289216736,31587.645728;17360042003900222261,38233.144707;
694288664,1:15627107112512376916,47478.270260;4565244254581545118,55761.561108;17922403805449423869,54758.544263;17646507938403848409,49533.421350;
88952316,1:15627107112512376916,47478.270260;4565244254581545118,55761.561108;17922403805449423869,54758.544263;17646507938403848409,49533.421350;
2087099872,1:16019251870190933755,41385.197632;10635819002710222542,52405.584087;16580398418232013335,nan;14747200488186132033,51707.673139;11624520679055476624,47277.895649;6027998910130031744,60488.943759;3133395692337742350,38385.248510;6077353454319284396,31587.645728;
2449089925,1:16019251870190933755,41385.197632;10635819002710222542,52405.584087;16580398418232013335,nan;14747200488186132033,51707.673139;11624520679055476624,47277.895649;6027998910130031744,60488.943759;3133395692337742350,38385.248510;6077353454319284396,31587.645728;
87877473,1:15627107112512376916,47478.270260;4565244254581545118,55761.561108;17922403805449423869,54758.544263;17646507938403848409,49533.421350;
2452655548,1:
2597253272,1:15627107112512376916,47478.270260;4565244254581545118,55761.561108;17922403805449423869,54758.544263;17646507938403848409,49533.421350;
2167603107,1:3056395092711954527,38233.144707;14613767527857410704,37232.589043;283835202728824867,49842.910710;7637151034289216736,31587.645728;17360042003900222261,38233.144707;
2452589119,1:
4175817202,1:15627107112512376916,47478.270260;4565244254581545118,55761.561108;17922403805449423869,54758.544263;17646507938403848409,49533.421350;
91320891,1:15627107112512376916,47478.270260;4565244254581545118,55761.561108;17922403805449423869,54758.544263;17646507938403848409,49533.421350;
919286243,1:16019251870190933755,41385.197632;10635819002710222542,52405.584087;16580398418232013335,nan;14747200488186132033,51707.673139;11624520679055476624,47277.895649;6027998910130031744,60488.943759;3133395692337742350,38385.248510;6077353454319284396,31587.645728;
1074687222,1:15627107112512376916,47478.270260;4565244254581545118,55761.561108;17922403805449423869,54758.544263;17646507938403848409,49533.421350;
2122785312,1:3056395092711954527,38233.144707;14613767527857410704,37232.589043;283835202728824867,49842.910710;7637151034289216736,31587.645728;17360042003900222261,38233.144707;
2868511437,1:7413365781341509331,46442.422245;850187991063183094,51679.596785;10363819905758419276,60052.619977;
1952045656,1:16019251870190933755,41385.197632;10635819002710222542,52405.584087;16580398418232013335,nan;14747200488186132033,51707.673139;11624520679055476624,47277.895649;6027998910130031744,60488.943759;3133395692337742350,38385.248510;6077353454319284396,31587.645728;
644408116,1:15627107112512376916,47478.270260;4565244254581545118,55761.561108;17922403805449423869,54758.544263;17646507938403848409,49533.421350;
3223293956,1:15627107112512376916,47478.270260;4565244254581545118,55761.561108;17922403805449423869,54758.544263;17646507938403848409,49533.421350;
2751524073,1:
652961122,1:15627107112512376916,47478.270260;4565244254581545118,55761.561108;17922403805449423869,54758.544263;17646507938403848409,49533.421350;
3085129553,1:16019251870190933755,41385.197632;10635819002710222542,52405.584087;16580398418232013335,nan;14747200488186132033,51707.673139;11624520679055476624,47277.895649;6027998910130031744,60488.943759;3133395692337742350,38385.248510;6077353454319284396,31587.645728;
3311576549,1:15627107112512376916,47478.270260;4565244254581545118,55761.561108;17922403805449423869,54758.544263;17646507938403848409,49533.421350;
2083619431,1:16019251870190933755,41385.197632;10635819002710222542,52405.584087;16580398418232013335,nan;14747200488186132033,51707.673139;11624520679055476624,47277.895649;6027998910130031744,60488.943759;3133395692337742350,38385.248510;6077353454319284396,31587.645728;
3083081144,1:16019251870190933755,41385.197632;10635819002710222542,52405.584087;16580398418232013335,nan;14747200488186132033,51707.673139;11624520679055476624,47277.895649;6027998910130031744,60488.943759;3133395692337742350,38385.248510;6077353454319284396,31587.645728;
2450347719,1:15627107112512376916,47478.270260;4565244254581545118,55761.561108;17922403805449423869,54758.544263;17646507938403848409,49533.421350;
91255551,1:15627107112512376916,47478.270260;4565244254581545118,55761.561108;17922403805449423869,54758.544263;17646507938403848409,49533.421350;
687245020,1:15627107112512376916,47478.270260;4565244254581545118,55761.561108;17922403805449423869,54758.544263;17646507938403848409,49533.421350;
756423817,1:3056395092711954527,38233.144707;14613767527857410704,37232.589043;283835202728824867,49842.910710;7637151034289216736,31587.645728;17360042003900222261,38233.144707;
2836501825,1:16019251870190933755,41385.197632;10635819002710222542,52405.584087;16580398418232013335,nan;14747200488186132033,51707.673139;11624520679055476624,47277.895649;6027998910130031744,60488.943759;3133395692337742350,38385.248510;6077353454319284396,31587.645728;
27315987,1:
4225311099,1:15627107112512376916,47478.270260;4565244254581545118,55761.561108;17922403805449423869,54758.544263;17646507938403848409,49533.421350;
2526111863,1:
607896124,1:15627107112512376916,47478.270260;4565244254581545118,55761.561108;17922403805449423869,54758.544263;17646507938403848409,49533.421350;
545658724,2:15627107112512376916,47478.270260;4565244254581545118,55761.561108;17922403805449423869,54758.544263;17646507938403848409,49533.421350;
756454309,1:16019251870190933755,41385.197632;10635819002710222542,52405.584087;16580398418232013335,nan;14747200488186132033,51707.673139;11624520679055476624,47277.895649;6027998910130031744,60488.943759;3133395692337742350,38385.248510;6077353454319284396,31587.645728;
3665083281,1:
683579446,1:15627107112512376916,47478.270260;4565244254581545118,55761.561108;17922403805449423869,54758.544263;17646507938403848409,49533.421350;
1237061125,1:16019251870190933755,41385.197632;10635819002710222542,52405.584087;16580398418232013335,nan;14747200488186132033,51707.673139;11624520679055476624,47277.895649;6027998910130031744,60488.943759;3133395692337742350,38385.248510;6077353454319284396,31587.645728;
915112587,1:16019251870190933755,41385.197632;10635819002710222542,52405.584087;16580398418232013335,nan;14747200488186132033,51707.673139;11624520679055476624,47277.895649;6027998910130031744,60488.943759;3133395692337742350,38385.248510;6077353454319284396,31587.645728;
3126642231,1:16019251870190933755,41385.197632;10635819002710222542,52405.584087;16580398418232013335,nan;14747200488186132033,51707.673139;11624520679055476624,47277.895649;6027998910130031744,60488.943759;3133395692337742350,38385.248510;6077353454319284396,31587.645728;
2343609919,1:15627107112512376916,47478.270260;4565244254581545118,55761.561108;17922403805449423869,54758.544263;17646507938403848409,49533.421350;
3557993022,1:15627107112512376916,47478.270260;4565244254581545118,55761.561108;17922403805449423869,54758.544263;17646507938403848409,49533.421350;
3374291708,1:16019251870190933755,41385.197632;10635819002710222542,52405.584087;16580398418232013335,nan;14747200488186132033,51707.673139;11624520679055476624,47277.895649;6027998910130031744,60488.943759;3133395692337742350,38385.248510;6077353454319284396,31587.645728;
3677564376,1:16019251870190933755,41385.197632;10635819002710222542,52405.584087;16580398418232013335,nan;14747200488186132033,51707.673139;11624520679055476624,47277.895649;6027998910130031744,60488.943759;3133395692337742350,38385.248510;6077353454319284396,31587.645728;
2372290378,1:15627107112512376916,47478.270260;4565244254581545118,55761.561108;17922403805449423869,54758.544263;17646507938403848409,49533.421350;
3585693049,1:
2369851021,1:15627107112512376916,47478.270260;4565244254581545118,55761.561108;17922403805449423869,54758.544263;17646507938403848409,49533.421350;
2865885858,1:16019251870190933755,41385.197632;10635819002710222542,52405.584087;16580398418232013335,nan;14747200488186132033,51707.673139;11624520679055476624,47277.895649;6027998910130031744,60488.943759;3133395692337742350,38385.248510;6077353454319284396,31587.645728;
2865957732,1:16019251870190933755,41385.197632;10635819002710222542,52405.584087;16580398418232013335,nan;14747200488186132033,51707.673139;11624520679055476624,47277.895649;6027998910130031744,60488.943759;3133395692337742350,38385.248510;6077353454319284396,31587.645728;
2005204898,1:15627107112512376916,47478.270260;4565244254581545118,55761.561108;17922403805449423869,54758.544263;17646507938403848409,49533.421350;
2636280889,1:16019251870190933755,41385.197632;10635819002710222542,52405.584087;16580398418232013335,nan;14747200488186132033,51707.673139;11624520679055476624,47277.895649;6027998910130031744,60488.943759;3133395692337742350,38385.248510;6077353454319284396,31587.645728;
3125670843,1:16019251870190933755,41385.197632;10635819002710222542,52405.584087;16580398418232013335,nan;14747200488186132033,51707.673139;11624520679055476624,47277.895649;6027998910130031744,60488.943759;3133395692337742350,38385.248510;6077353454319284396,31587.645728;
3627421270,1:
1952153463,1:
3085237364,1:16019251870190933755,41385.197632;10635819002710222542,52405.584087;16580398418232013335,nan;14747200488186132033,51707.673139;11624520679055476624,47277.895649;6027998910130031744,60488.943759;3133395692337742350,38385.248510;6077353454319284396,31587.645728;
2370852901,1:15627107112512376916,47478.270260;4565244254581545118,55761.561108;17922403805449423869,54758.544263;17646507938403848409,49533.421350;
650409595,1:15627107112512376916,47478.270260;4565244254581545118,55761.561108;17922403805449423869,54758.544263;17646507938403848409,49533.421350;
3042693402,1:15627107112512376916,47478.270260;4565244254581545118,55761.561108;17922403805449423869,54758.544263;17646507938403848409,49533.421350;
613681981,1:15627107112512376916,47478.270260;4565244254581545118,55761.561108;17922403805449423869,54758.544263;17646507938403848409,49533.421350;
568581046,1:15627107112512376916,47478.270260;4565244254581545118,55761.561108;17922403805449423869,54758.544263;17646507938403848409,49533.421350;
1692009654,1:
4174812055,1:15627107112512376916,47478.270260;4565244254581545118,55761.561108;17922403805449423869,54758.544263;17646507938403848409,49533.421350;
2127560584,1:16019251870190933755,41385.197632;10635819002710222542,52405.584087;16580398418232013335,nan;14747200488186132033,51707.673139;11624520679055476624,47277.895649;6027998910130031744,60488.943759;3133395692337742350,38385.248510;6077353454319284396,31587.645728;
607608628,1:15627107112512376916,47478.270260;4565244254581545118,55761.561108;17922403805449423869,54758.544263;17646507938403848409,49533.421350;
2967864944,1:15627107112512376916,47478.270260;4565244254581545118,55761.561108;17922403805449423869,54758.544263;17646507938403848409,49533.421350;
2638616763,1:15627107112512376916,47478.270260;4565244254581545118,55761.561108;17922403805449423869,54758.544263;17646507938403848409,49533.421350;
2567463881,1:16019251870190933755,41385.197632;10635819002710222542,52405.584087;16580398418232013335,nan;14747200488186132033,51707.673139;11624520679055476624,47277.895649;6027998910130031744,60488.943759;3133395692337742350,38385.248510;6077353454319284396,31587.645728;
2366332459,1:3056395092711954527,38233.144707;14613767527857410704,37232.589043;283835202728824867,49842.910710;7637151034289216736,31587.645728;17360042003900222261,38233.144707;
1359428743,1:15627107112512376916,47478.270260;4565244254581545118,55761.561108;17922403805449423869,54758.544263;17646507938403848409,49533.421350;
2372183661,1:3056395092711954527,38233.144707;14613767527857410704,37232.589043;283835202728824867,49842.910710;7637151034289216736,31587.645728;17360042003900222261,38233.144707;
2201401675,1:16019251870190933755,41385.197632;10635819002710222542,52405.584087;16580398418232013335,nan;14747200488186132033,51707.673139;11624520679055476624,47277.895649;6027998910130031744,60488.943759;3133395692337742350,38385.248510;6077353454319284396,31587.645728;
2371972394,1:15627107112512376916,47478.270260;4565244254581545118,55761.561108;17922403805449423869,54758.544263;17646507938403848409,49533.421350;
90107745,1:15627107112512376916,47478.270260;4565244254581545118,55761.561108;17922403805449423869,54758.544263;17646507938403848409,49533.421350;
835799938,1:16019251870190933755,41385.197632;10635819002710222542,52405.584087;16580398418232013335,nan;14747200488186132033,51707.673139;11624520679055476624,47277.895649;6027998910130031744,60488.943759;3133395692337742350,38385.248510;6077353454319284396,31587.645728;
1352381825,1:
567466999,1:15627107112512376916,47478.270260;4565244254581545118,55761.561108;17922403805449423869,54758.544263;17646507938403848409,49533.421350;
922772132,1:15627107112512376916,47478.270260;4565244254581545118,55761.561108;17922403805449423869,54758.544263;17646507938403848409,49533.421350;
1887683280,1:
3222393353,1:15627107112512376916,47478.270260;4565244254581545118,55761.561108;17922403805449423869,54758.544263;17646507938403848409,49533.421350;
2374666577,1:15627107112512376916,47478.270260;4565244254581545118,55761.561108;17922403805449423869,54758.544263;17646507938403848409,49533.421350;
3931342562,1:15627107112512376916,47478.270260;4565244254581545118,55761.561108;17922403805449423869,54758.544263;17646507938403848409,49533.421350;
1793735024,1:15627107112512376916,47478.270260;4565244254581545118,55761.561108;17922403805449423869,54758.544263;17646507938403848409,49533.421350;
2491670873,1:16019251870190933755,41385.197632;10635819002710222542,52405.584087;16580398418232013335,nan;14747200488186132033,51707.673139;11624520679055476624,47277.895649;6027998910130031744,60488.943759;3133395692337742350,38385.248510;6077353454319284396,31587.645728;
2127282886,1:15627107112512376916,47478.270260;4565244254581545118,55761.561108;17922403805449423869,54758.544263;17646507938403848409,49533.421350;
3776058750,1:15627107112512376916,47478.270260;4565244254581545118,55761.561108;17922403805449423869,54758.544263;17646507938403848409,49533.421350;
1359281728,1:15627107112512376916,47478.270260;4565244254581545118,55761.561108;17922403805449423869,54758.544263;17646507938403848409,49533.421350;
609010171,1:15627107112512376916,47478.270260;4565244254581545118,55761.561108;17922403805449423869,54758.544263;17646507938403848409,49533.421350;
566209204,1:15627107112512376916,47478.270260;4565244254581545118,55761.561108;17922403805449423869,54758.544263;17646507938403848409,49533.421350;
2599481366,1:15627107112512376916,47478.270260;4565244254581545118,55761.561108;17922403805449423869,54758.544263;17646507938403848409,49533.421350;
1359613873,1:15627107112512376916,47478.270260;4565244254581545118,55761.561108;17922403805449423869,54758.544263;17646507938403848409,49533.421350;
2597109524,1:15627107112512376916,47478.270260;4565244254581545118,55761.561108;17922403805449423869,54758.544263;17646507938403848409,49533.421350;
1359426565,1:16019251870190933755,41385.197632;10635819002710222542,52405.584087;16580398418232013335,nan;14747200488186132033,51707.673139;11624520679055476624,47277.895649;6027998910130031744,60488.943759;3133395692337742350,38385.248510;6077353454319284396,31587.645728;
3378029156,1:16019251870190933755,41385.197632;10635819002710222542,52405.584087;16580398418232013335,nan;14747200488186132033,51707.673139;11624520679055476624,47277.895649;6027998910130031744,60488.943759;3133395692337742350,38385.248510;6077353454319284396,31587.645728;
1505833778,1:15627107112512376916,47478.270260;4565244254581545118,55761.561108;17922403805449423869,54758.544263;17646507938403848409,49533.421350;
610124218,1:15627107112512376916,47478.270260;4565244254581545118,55761.561108;17922403805449423869,54758.544263;17646507938403848409,49533.421350;
3804413043,1:15627107112512376916,47478.270260;4565244254581545118,55761.561108;17922403805449423869,54758.544263;17646507938403848409,49533.421350;
3768907287,1:15627107112512376916,47478.270260;4565244254581545118,55761.561108;17922403805449423869,54758.544263;17646507938403848409,49533.421350;
1360577638,1:16019251870190933755,41385.197632;10635819002710222542,52405.584087;16580398418232013335,nan;14747200488186132033,51707.673139;11624520679055476624,47277.895649;6027998910130031744,60488.943759;3133395692337742350,38385.248510;6077353454319284396,31587.645728;
1891572100,1:15627107112512376916,47478.270260;4565244254581545118,55761.561108;17922403805449423869,54758.544263;17646507938403848409,49533.421350;
3771171345,1:15627107112512376916,47478.270260;4565244254581545118,55761.561108;17922403805449423869,54758.544263;17646507938403848409,49533.421350;
3371919866,1:16019251870190933755,41385.197632;10635819002710222542,52405.584087;16580398418232013335,nan;14747200488186132033,51707.673139;11624520679055476624,47277.895649;6027998910130031744,60488.943759;3133395692337742350,38385.248510;6077353454319284396,31587.645728;
2595995477,1:15627107112512376916,47478.270260;4565244254581545118,55761.561108;17922403805449423869,54758.544263;17646507938403848409,49533.421350;
2678086763,1:16019251870190933755,41385.197632;10635819002710222542,52405.584087;16580398418232013335,nan;14747200488186132033,51707.673139;11624520679055476624,47277.895649;6027998910130031744,60488.943759;3133395692337742350,38385.248510;6077353454319284396,31587.645728;
294341343,1:15627107112512376916,47478.270260;4565244254581545118,55761.561108;17922403805449423869,54758.544263;17646507938403848409,49533.421350;
4228624926,1:15627107112512376916,47478.270260;4565244254581545118,55761.561108;17922403805449423869,54758.544263;17646507938403848409,49533.421350;
1752490190,1:16019251870190933755,41385.197632;10635819002710222542,52405.584087;16580398418232013335,nan;14747200488186132033,51707.673139;11624520679055476624,47277.895649;6027998910130031744,60488.943759;3133395692337742350,38385.248510;6077353454319284396,31587.645728;
923741341,2:15627107112512376916,47478.270260;4565244254581545118,55761.561108;17922403805449423869,54758.544263;17646507938403848409,49533.421350;
3551702496,1:16019251870190933755,41385.197632;10635819002710222542,52405.584087;16580398418232013335,nan;14747200488186132033,51707.673139;11624520679055476624,47277.895649;6027998910130031744,60488.943759;3133395692337742350,38385.248510;6077353454319284396,31587.645728;
4112728454,1:16019251870190933755,41385.197632;10635819002710222542,52405.584087;16580398418232013335,nan;14747200488186132033,51707.673139;11624520679055476624,47277.895649;6027998910130031744,60488.943759;3133395692337742350,38385.248510;6077353454319284396,31587.645728;
1793707929,1:
1358427952,1:16019251870190933755,41385.197632;10635819002710222542,52405.584087;16580398418232013335,nan;14747200488186132033,51707.673139;11624520679055476624,47277.895649;6027998910130031744,60488.943759;3133395692337742350,38385.248510;6077353454319284396,31587.645728;
692994940,1:15627107112512376916,47478.270260;4565244254581545118,55761.561108;17922403805449423869,54758.544263;17646507938403848409,49533.421350;
1758455732,1:16019251870190933755,41385.197632;10635819002710222542,52405.584087;16580398418232013335,nan;14747200488186132033,51707.673139;11624520679055476624,47277.895649;6027998910130031744,60488.943759;3133395692337742350,38385.248510;6077353454319284396,31587.645728;
921339008,1:
568724794,1:15627107112512376916,47478.270260;4565244254581545118,55761.561108;17922403805449423869,54758.544263;17646507938403848409,49533.421350;
251935228,1:16019251870190933755,41385.197632;10635819002710222542,52405.584087;16580398418232013335,nan;14747200488186132033,51707.673139;11624520679055476624,47277.895649;6027998910130031744,60488.943759;3133395692337742350,38385.248510;6077353454319284396,31587.645728;
2404064131,1:15627107112512376916,47478.270260;4565244254581545118,55761.561108;17922403805449423869,54758.544263;17646507938403848409,49533.421350;
227532957,1:
128903644,7:15627107112512376916,47478.270260;4565244254581545118,55761.561108;17922403805449423869,54758.544263;17646507938403848409,49533.421350;
647929934,1:15627107112512376916,47478.270260;4565244254581545118,55761.561108;17922403805449423869,54758.544263;17646507938403848409,49533.421350;
2229865957,1:16019251870190933755,41385.197632;10635819002710222542,52405.584087;16580398418232013335,nan;14747200488186132033,51707.673139;11624520679055476624,47277.895649;6027998910130031744,60488.943759;3133395692337742350,38385.248510;6077353454319284396,31587.645728;
2959450926,1:
4174880662,1:15627107112512376916,47478.270260;4565244254581545118,55761.561108;17922403805449423869,54758.544263;17646507938403848409,49533.421350;
690766846,1:15627107112512376916,47478.270260;4565244254581545118,55761.561108;17922403805449423869,54758.544263;17646507938403848409,49533.421350;
1753855796,1:16019251870190933755,41385.197632;10635819002710222542,52405.584087;16580398418232013335,nan;14747200488186132033,51707.673139;11624520679055476624,47277.895649;6027998910130031744,60488.943759;3133395692337742350,38385.248510;6077353454319284396,31587.645728;
1358212327,1:15627107112512376916,47478.270260;4565244254581545118,55761.561108;17922403805449423869,54758.544263;17646507938403848409,49533.421350;
1511623987,1:16019251870190933755,41385.197632;10635819002710222542,52405.584087;16580398418232013335,nan;14747200488186132033,51707.673139;11624520679055476624,47277.895649;6027998910130031744,60488.943759;3133395692337742350,38385.248510;6077353454319284396,31587.645728;
652781464,1:15627107112512376916,47478.270260;4565244254581545118,55761.561108;17922403805449423869,54758.544263;17646507938403848409,49533.421350;
2567616917,1:
6379394,1:
3082940663,1:16019251870190933755,41385.197632;10635819002710222542,52405.584087;16580398418232013335,nan;14747200488186132033,51707.673139;11624520679055476624,47277.895649;6027998910130031744,60488.943759;3133395692337742350,38385.248510;6077353454319284396,31587.645728;
2373110354,1:16019251870190933755,41385.197632;10635819002710222542,52405.584087;16580398418232013335,nan;14747200488186132033,51707.673139;11624520679055476624,47277.895649;6027998910130031744,60488.943759;3133395692337742350,38385.248510;6077353454319284396,31587.645728;
1790439666,1:
2967759311,1:15627107112512376916,47478.270260;4565244254581545118,55761.561108;17922403805449423869,54758.544263;17646507938403848409,49533.421350;
567323251,1:15627107112512376916,47478.270260;4565244254581545118,55761.561108;17922403805449423869,54758.544263;17646507938403848409,49533.421350;
2370893195,1:15627107112512376916,47478.270260;4565244254581545118,55761.561108;17922403805449423869,54758.544263;17646507938403848409,49533.421350;
2369708359,1:15627107112512376916,47478.270260;4565244254581545118,55761.561108;17922403805449423869,54758.544263;17646507938403848409,49533.421350;
1994846619,1:16019251870190933755,41385.197632;10635819002710222542,52405.584087;16580398418232013335,nan;14747200488186132033,51707.673139;11624520679055476624,47277.895649;6027998910130031744,60488.943759;3133395692337742350,38385.248510;6077353454319284396,31587.645728;
2004048380,1:15627107112512376916,47478.270260;4565244254581545118,55761.561108;17922403805449423869,54758.544263;17646507938403848409,49533.421350;
690623098,1:15627107112512376916,47478.270260;4565244254581545118,55761.561108;17922403805449423869,54758.544263;17646507938403848409,49533.421350;
1892607739,1:15627107112512376916,47478.270260;4565244254581545118,55761.561108;17922403805449423869,54758.544263;17646507938403848409,49533.421350;
2120238141,1:15627107112512376916,47478.270260;4565244254581545118,55761.561108;17922403805449423869,54758.544263;17646507938403848409,49533.421350;
576846556,1:15627107112512376916,47478.270260;4565244254581545118,55761.561108;17922403805449423869,54758.544263;17646507938403848409,49533.421350;
4175927191,1:15627107112512376916,47478.270260;4565244254581545118,55761.561108;17922403805449423869,54758.544263;17646507938403848409,49533.421350;
90359304,1:15627107112512376916,47478.270260;4565244254581545118,55761.561108;17922403805449423869,54758.544263;17646507938403848409,49533.421350;
4177079353,1:15627107112512376916,47478.270260;4565244254581545118,55761.561108;17922403805449423869,54758.544263;17646507938403848409,49533.421350;
1756263575,1:16019251870190933755,41385.197632;10635819002710222542,52405.584087;16580398418232013335,nan;14747200488186132033,51707.673139;11624520679055476624,47277.895649;6027998910130031744,60488.943759;3133395692337742350,38385.248510;6077353454319284396,31587.645728;
2368626981,2:
2865922881,1:16019251870190933755,41385.197632;10635819002710222542,52405.584087;16580398418232013335,nan;14747200488186132033,51707.673139;11624520679055476624,47277.895649;6027998910130031744,60488.943759;3133395692337742350,38385.248510;6077353454319284396,31587.645728;
2637466779,2:15627107112512376916,47478.270260;4565244254581545118,55761.561108;17922403805449423869,54758.544263;17646507938403848409,49533.421350;
1277550496,1:
1355800197,1:15627107112512376916,47478.270260;4565244254581545118,55761.561108;17922403805449423869,54758.544263;17646507938403848409,49533.421350;
2404132738,1:15627107112512376916,47478.270260;4565244254581545118,55761.561108;17922403805449423869,54758.544263;17646507938403848409,49533.421350;
3078192620,1:15627107112512376916,47478.270260;4565244254581545118,55761.561108;17922403805449423869,54758.544263;17646507938403848409,49533.421350;
616017886,1:15627107112512376916,47478.270260;4565244254581545118,55761.561108;17922403805449423869,54758.544263;17646507938403848409,49533.421350;
616161634,1:15627107112512376916,47478.270260;4565244254581545118,55761.561108;17922403805449423869,54758.544263;17646507938403848409,49533.421350;
2788249509,1:
4171185689,1:16019251870190933755,41385.197632;10635819002710222542,52405.584087;16580398418232013335,nan;14747200488186132033,51707.673139;11624520679055476624,47277.895649;6027998910130031744,60488.943759;3133395692337742350,38385.248510;6077353454319284396,31587.645728;
90065274,1:15627107112512376916,47478.270260;4565244254581545118,55761.561108;17922403805449423869,54758.544263;17646507938403848409,49533.421350;
87690165,1:15627107112512376916,47478.270260;4565244254581545118,55761.561108;17922403805449423869,54758.544263;17646507938403848409,49533.421350;
4177222012,1:15627107112512376916,47478.270260;4565244254581545118,55761.561108;17922403805449423869,54758.544263;17646507938403848409,49533.421350;
3078194798,1:15627107112512376916,47478.270260;4565244254581545118,55761.561108;17922403805449423869,54758.544263;17646507938403848409,49533.421350;
4112650046,1:15627107112512376916,47478.270260;4565244254581545118,55761.561108;17922403805449423869,54758.544263;17646507938403848409,49533.421350;
2368595404,1:15627107112512376916,47478.270260;4565244254581545118,55761.561108;17922403805449423869,54758.544263;17646507938403848409,49533.421350;
2596139225,1:15627107112512376916,47478.270260;4565244254581545118,55761.561108;17922403805449423869,54758.544263;17646507938403848409,49533.421350;
4176064405,1:15627107112512376916,47478.270260;4565244254581545118,55761.561108;17922403805449423869,54758.544263;17646507938403848409,49533.421350;
606638329,1:15627107112512376916,47478.270260;4565244254581545118,55761.561108;17922403805449423869,54758.544263;17646507938403848409,49533.421350;
691880893,1:15627107112512376916,47478.270260;4565244254581545118,55761.561108;17922403805449423869,54758.544263;17646507938403848409,49533.421350;
1505837045,1:15627107112512376916,47478.270260;4565244254581545118,55761.561108;17922403805449423869,54758.544263;17646507938403848409,49533.421350;
3805634897,1:16019251870190933755,41385.197632;10635819002710222542,52405.584087;16580398418232013335,nan;14747200488186132033,51707.673139;11624520679055476624,47277.895649;6027998910130031744,60488.943759;3133395692337742350,38385.248510;6077353454319284396,31587.645728;
3042473424,1:15627107112512376916,47478.270260;4565244254581545118,55761.561108;17922403805449423869,54758.544263;17646507938403848409,49533.421350;
2598511067,1:15627107112512376916,47478.270260;4565244254581545118,55761.561108;17922403805449423869,54758.544263;17646507938403848409,49533.421350;
2967901967,1:15627107112512376916,47478.270260;4565244254581545118,55761.561108;17922403805449423869,54758.544263;17646507938403848409,49533.421350;
2451494436,1:15627107112512376916,47478.270260;4565244254581545118,55761.561108;17922403805449423869,54758.544263;17646507938403848409,49533.421350;
917807862,1:16019251870190933755,41385.197632;10635819002710222542,52405.584087;16580398418232013335,nan;14747200488186132033,51707.673139;11624520679055476624,47277.895649;6027998910130031744,60488.943759;3133395692337742350,38385.248510;6077353454319284396,31587.645728;
3310397162,1:15627107112512376916,47478.270260;4565244254581545118,55761.561108;17922403805449423869,54758.544263;17646507938403848409,49533.421350;
2371969127,1:15627107112512376916,47478.270260;4565244254581545118,55761.561108;17922403805449423869,54758.544263;17646507938403848409,49533.421350;
2413553676,1:15627107112512376916,47478.270260;4565244254581545118,55761.561108;17922403805449423869,54758.544263;17646507938403848409,49533.421350;
3417164549,1:15627107112512376916,47478.270260;4565244254581545118,55761.561108;17922403805449423869,54758.544263;17646507938403848409,49533.421350;
689652799,1:15627107112512376916,47478.270260;4565244254581545118,55761.561108;17922403805449423869,54758.544263;17646507938403848409,49533.421350;
611274194,1:15627107112512376916,47478.270260;4565244254581545118,55761.561108;17922403805449423869,54758.544263;17646507938403848409,49533.421350;
4176109054,1:15627107112512376916,47478.270260;4565244254581545118,55761.561108;17922403805449423869,54758.544263;17646507938403848409,49533.421350;
2412613869,1:15627107112512376916,47478.270260;4565244254581545118,55761.561108;17922403805449423869,54758.544263;17646507938403848409,49533.421350;
1724843920,1:
1353358658,1:15627107112512376916,47478.270260;4565244254581545118,55761.561108;17922403805449423869,54758.544263;17646507938403848409,49533.421350;
608866423,1:15627107112512376916,47478.270260;4565244254581545118,55761.561108;17922403805449423869,54758.544263;17646507938403848409,49533.421350;
2375710928,1:15627107112512376916,47478.270260;4565244254581545118,55761.561108;17922403805449423869,54758.544263;17646507938403848409,49533.421350;
1759641653,1:16019251870190933755,41385.197632;10635819002710222542,52405.584087;16580398418232013335,nan;14747200488186132033,51707.673139;11624520679055476624,47277.895649;6027998910130031744,60488.943759;3133395692337742350,38385.248510;6077353454319284396,31587.645728;
17753476,1:16019251870190933755,41385.197632;10635819002710222542,52405.584087;16580398418232013335,nan;14747200488186132033,51707.673139;11624520679055476624,47277.895649;6027998910130031744,60488.943759;3133395692337742350,38385.248510;6077353454319284396,31587.645728;
4171077878,1:16019251870190933755,41385.197632;10635819002710222542,52405.584087;16580398418232013335,nan;14747200488186132033,51707.673139;11624520679055476624,47277.895649;6027998910130031744,60488.943759;3133395692337742350,38385.248510;6077353454319284396,31587.645728;
2405207581,1:15627107112512376916,47478.270260;4565244254581545118,55761.561108;17922403805449423869,54758.544263;17646507938403848409,49533.421350;
3311467649,1:15627107112512376916,47478.270260;4565244254581545118,55761.561108;17922403805449423869,54758.544263;17646507938403848409,49533.421350;
4177147960,1:15627107112512376916,47478.270260;4565244254581545118,55761.561108;17922403805449423869,54758.544263;17646507938403848409,49533.421350;
653931421,1:15627107112512376916,47478.270260;4565244254581545118,55761.561108;17922403805449423869,54758.544263;17646507938403848409,49533.421350;
89167938,1:15627107112512376916,47478.270260;4565244254581545118,55761.561108;17922403805449423869,54758.544263;17646507938403848409,49533.421350;
4174699892,1:16019251870190933755,41385.197632;10635819002710222542,52405.584087;16580398418232013335,nan;14747200488186132033,51707.673139;11624520679055476624,47277.895649;6027998910130031744,60488.943759;3133395692337742350,38385.248510;6077353454319284396,31587.645728;
2373338001,1:15627107112512376916,47478.270260;4565244254581545118,55761.561108;17922403805449423869,54758.544263;17646507938403848409,49533.421350;
1757305748,1:16019251870190933755,41385.197632;10635819002710222542,52405.584087;16580398418232013335,nan;14747200488186132033,51707.673139;11624520679055476624,47277.895649;6027998910130031744,60488.943759;3133395692337742350,38385.248510;6077353454319284396,31587.645728;
566065456,1:15627107112512376916,47478.270260;4565244254581545118,55761.561108;17922403805449423869,54758.544263;17646507938403848409,49533.421350;
2566649885,1:15627107112512376916,47478.270260;4565244254581545118,55761.561108;17922403805449423869,54758.544263;17646507938403848409,49533.421350;
88879353,1:15627107112512376916,47478.270260;4565244254581545118,55761.561108;17922403805449423869,54758.544263;17646507938403848409,49533.421350;
2412301563,1:
2966789012,1:15627107112512376916,47478.270260;4565244254581545118,55761.561108;17922403805449423869,54758.544263;17646507938403848409,49533.421350;
1793765513,1:15627107112512376916,47478.270260;4565244254581545118,55761.561108;17922403805449423869,54758.544263;17646507938403848409,49533.421350;
3767793240,1:15627107112512376916,47478.270260;4565244254581545118,55761.561108;17922403805449423869,54758.544263;17646507938403848409,49533.421350;
2090692482,1:15627107112512376916,47478.270260;4565244254581545118,55761.561108;17922403805449423869,54758.544263;17646507938403848409,49533.421350;
2445785898,1:16019251870190933755,41385.197632;10635819002710222542,52405.584087;16580398418232013335,nan;14747200488186132033,51707.673139;11624520679055476624,47277.895649;6027998910130031744,60488.943759;3133395692337742350,38385.248510;6077353454319284396,31587.645728;
2955919299,1:
834764299,1:16019251870190933755,41385.197632;10635819002710222542,52405.584087;16580398418232013335,nan;14747200488186132033,51707.673139;11624520679055476624,47277.895649;6027998910130031744,60488.943759;3133395692337742350,38385.248510;6077353454319284396,31587.645728;
1756155764,1:16019251870190933755,41385.197632;10635819002710222542,52405.584087;16580398418232013335,nan;14747200488186132033,51707.673139;11624520679055476624,47277.895649;6027998910130031744,60488.943759;3133395692337742350,38385.248510;6077353454319284396,31587.645728;
251645554,1:16019251870190933755,41385.197632;10635819002710222542,52405.584087;16580398418232013335,nan;14747200488186132033,51707.673139;11624520679055476624,47277.895649;6027998910130031744,60488.943759;3133395692337742350,38385.248510;6077353454319284396,31587.645728;
1359606247,1:16019251870190933755,41385.197632;10635819002710222542,52405.584087;16580398418232013335,nan;14747200488186132033,51707.673139;11624520679055476624,47277.895649;6027998910130031744,60488.943759;3133395692337742350,38385.248510;6077353454319284396,31587.645728;
1160520121,1:
90244959,1:15627107112512376916,47478.270260;4565244254581545118,55761.561108;17922403805449423869,54758.544263;17646507938403848409,49533.421350;
800441202,1:16019251870190933755,41385.197632;10635819002710222542,52405.584087;16580398418232013335,nan;14747200488186132033,51707.673139;11624520679055476624,47277.895649;6027998910130031744,60488.943759;3133395692337742350,38385.248510;6077353454319284396,31587.645728;
4175994709,1:15627107112512376916,47478.270260;4565244254581545118,55761.561108;17922403805449423869,54758.544263;17646507938403848409,49533.421350;
2459572595,1:16019251870190933755,41385.197632;10635819002710222542,52405.584087;16580398418232013335,nan;14747200488186132033,51707.673139;11624520679055476624,47277.895649;6027998910130031744,60488.943759;3133395692337742350,38385.248510;6077353454319284396,31587.645728;
2567939261,1:3056395092711954527,38233.144707;14613767527857410704,37232.589043;283835202728824867,49842.910710;7637151034289216736,31587.645728;17360042003900222261,38233.144707;
2594989241,1:15627107112512376916,47478.270260;4565244254581545118,55761.561108;17922403805449423869,54758.544263;17646507938403848409,49533.421350;
2957005032,1:
4173621782,1:16019251870190933755,41385.197632;10635819002710222542,52405.584087;16580398418232013335,nan;14747200488186132033,51707.673139;11624520679055476624,47277.895649;6027998910130031744,60488.943759;3133395692337742350,38385.248510;6077353454319284396,31587.645728;
1754897969,1:16019251870190933755,41385.197632;10635819002710222542,52405.584087;16580398418232013335,nan;14747200488186132033,51707.673139;11624520679055476624,47277.895649;6027998910130031744,60488.943759;3133395692337742350,38385.248510;6077353454319284396,31587.645728;
684873170,1:15627107112512376916,47478.270260;4565244254581545118,55761.561108;17922403805449423869,54758.544263;17646507938403848409,49533.421350;
2538139289,1:16019251870190933755,41385.197632;10635819002710222542,52405.584087;16580398418232013335,nan;14747200488186132033,51707.673139;11624520679055476624,47277.895649;6027998910130031744,60488.943759;3133395692337742350,38385.248510;6077353454319284396,31587.645728;
3770654565,1:16019251870190933755,41385.197632;10635819002710222542,52405.584087;16580398418232013335,nan;14747200488186132033,51707.673139;11624520679055476624,47277.895649;6027998910130031744,60488.943759;3133395692337742350,38385.248510;6077353454319284396,31587.645728;
919109828,1:
3583607618,1:
1721835929,1:
3488940256,1:
255384091,1:16019251870190933755,41385.197632;10635819002710222542,52405.584087;16580398418232013335,nan;14747200488186132033,51707.673139;11624520679055476624,47277.895649;6027998910130031744,60488.943759;3133395692337742350,38385.248510;6077353454319284396,31587.645728;
569874770,1:15627107112512376916,47478.270260;4565244254581545118,55761.561108;17922403805449423869,54758.544263;17646507938403848409,49533.421350;
2373148469,2:16019251870190933755,41385.197632;10635819002710222542,52405.584087;16580398418232013335,nan;14747200488186132033,51707.673139;11624520679055476624,47277.895649;6027998910130031744,60488.943759;3133395692337742350,38385.248510;6077353454319284396,31587.645728;
2229929119,1:16019251870190933755,41385.197632;10635819002710222542,52405.584087;16580398418232013335,nan;14747200488186132033,51707.673139;11624520679055476624,47277.895649;6027998910130031744,60488.943759;3133395692337742350,38385.248510;6077353454319284396,31587.645728;
3556950849,1:3056395092711954527,38233.144707;14613767527857410704,37232.589043;283835202728824867,49842.910710;7637151034289216736,31587.645728;17360042003900222261,38233.144707;
1721692185,1:
4171323992,1:16019251870190933755,41385.197632;10635819002710222542,52405.584087;16580398418232013335,nan;14747200488186132033,51707.673139;11624520679055476624,47277.895649;6027998910130031744,60488.943759;3133395692337742350,38385.248510;6077353454319284396,31587.645728;
1875645375,1:16019251870190933755,41385.197632;10635819002710222542,52405.584087;16580398418232013335,nan;14747200488186132033,51707.673139;11624520679055476624,47277.895649;6027998910130031744,60488.943759;3133395692337742350,38385.248510;6077353454319284396,31587.645728;
1796250740,1:
2566756607,1:
1758563543,1:16019251870190933755,41385.197632;10635819002710222542,52405.584087;16580398418232013335,nan;14747200488186132033,51707.673139;11624520679055476624,47277.895649;6027998910130031744,60488.943759;3133395692337742350,38385.248510;6077353454319284396,31587.645728;
2787141993,1:
1753963607,1:16019251870190933755,41385.197632;10635819002710222542,52405.584087;16580398418232013335,nan;14747200488186132033,51707.673139;11624520679055476624,47277.895649;6027998910130031744,60488.943759;3133395692337742350,38385.248510;6077353454319284396,31587.645728;
1886747829,1:
1752705812,1:16019251870190933755,41385.197632;10635819002710222542,52405.584087;16580398418232013335,nan;14747200488186132033,51707.673139;11624520679055476624,47277.895649;6027998910130031744,60488.943759;3133395692337742350,38385.248510;6077353454319284396,31587.645728;
645809659,1:15627107112512376916,47478.270260;4565244254581545118,55761.561108;17922403805449423869,54758.544263;17646507938403848409,49533.421350;
1712420432,1:15627107112512376916,47478.270260;4565244254581545118,55761.561108;17922403805449423869,54758.544263;17646507938403848409,49533.421350;
1995780981,1:
