3759659734,47437.405312,47530.514717
3759659734,47437.405312,47630.050390
3759659734,47437.405312,48437.405312
3759659734,47437.405312,inf
3295325082,44438.485400,inf
3169708814,49959.358016,inf
3293335169,48544.320516,inf
1310549807,inf,47544.320516
1312777903,47544.320516,47544.320516
2641150205,inf,45977.895003
2640245250,inf,45977.895003
2637786057,44977.895003,45488.613678
1182532299,inf,45977.895003
4245279375,inf,44977.895003
2640212580,inf,45977.895003
1108861414,inf,45977.895003
2685047787,inf,49596.787936
1639423459,inf,46796.417773
959799900,48516.653492,48796.417773
1644023392,46796.417773,inf
2417139407,46028.147479,46175.575261
4107946661,45613.109980,46110.114912
2418289427,45613.109980,46110.114912
961950673,48019.053596,48516.653492
1679601055,48019.053596,48516.653492
1680966659,47796.417773,49020.758560
890022421,46211.712545,52152.003093
957322425,48263.750295,inf
3500830918,48263.750295,47263.750295
3502196526,47263.750295,47263.750295
3504640344,47263.750295,inf
2953449447,45027.492532,45656.191713
2953449447,45027.492532,45878.584134
2953449447,45027.492532,46463.546635
2953449447,45027.492532,inf
2953584476,46019.053596,45333.596521
2953584476,45333.596521,47019.053596
2953584476,45333.596521,46019.053596
2953584476,45333.596521,45333.596521
649959325,46796.417773,46796.417773
651181213,inf,45796.417773
2604801739,47470.761519,inf
2082251647,inf,44397.259801
1386474673,47470.761519,47756.062896
1935860538,inf,46369.241365
4163839796,inf,inf
1881978228,inf,46136.934222
1920826125,inf,46136.934222
2414896330,37378.681496,inf
2410044839,37378.681496,inf
3010759527,48880.874953,inf
3628708556,48965.554427,46588.529664
3628708556,inf,46588.529664
3314131350,40723.897063,40844.324841
1545488065,37378.681496,inf
1507574534,37378.681496,inf
2496377531,44106.165023,45605.550472
141321633,inf,inf
1513324450,37378.681496,inf
562891223,inf,37070.721090
1245254757,inf,inf
1202741286,inf,inf
2855053331,43547.170172,44226.515472
3882719792,50544.320516,inf
2036957429,inf,53281.286110
4226539494,54281.286110,53281.286110
169117176,55111.361109,inf
740774171,55866.248611,55866.248611
2778970642,inf,52843.880798
2810990509,51843.880798,inf
2936280665,52637.429921,52186.768512
1151662356,49355.326087,inf
640480634,inf,inf
3759659734,47437.405312,47852.442812
3277744782,51843.880798,inf
2338685968,inf,54843.880798
2953449447,45027.492532,inf
1926897976,inf,inf
2976509936,inf,inf
849557265,53456.857675,51970.673329
888728686,inf,52843.880798
890130202,51843.880798,52152.003093
970664985,52258.918297,52456.857675
971886806,51843.880798,52544.320516
1548848052,48136.906561,52456.857675
1547662139,48136.906561,inf
922186000,inf,50041.089000
2641185056,inf,52843.880798
3300248451,46250.098696,46250.098696
3300032826,46839.476298,48852.803254
3300032896,46839.476298,48852.803254
1744348749,48666.758961,inf
1885211091,inf,54843.880798
1366866222,57067.882472,58067.882472
1366866290,57067.882472,inf
2373150691,59067.882472,inf
71876428,58067.882472,57482.919972
505553,56745.954377,inf
1208096589,55067.882472,inf
1587655135,58067.882472,58067.882472
3041579350,58067.882472,58067.882472
238703798,35378.681496,inf
59049450,36378.677533,inf
4282042923,nan,inf
1205585122,-nan,inf
3548893145,-nan,nan
2302454364,-nan,inf
3664969650,inf,nan
2751310631,nan,-nan
598937463,nan,inf
222937375,nan,-nan
222963511,nan,inf
2448117454,36378.681496,36378.681496
1156287741,inf,-nan
1152813166,inf,-nan
588632364,33808.818837,inf
1471697873,-nan,inf
2069589058,-nan,inf
1545296847,-nan,inf
25910086,inf,35378.681496
1702958105,nan,inf
2046803225,-nan,inf
2411261568,nan,inf
2260890639,inf,nan
2411255030,nan,inf
289651578,inf,inf
325157337,inf,inf
4222869557,inf,inf
1251652234,inf,inf
1886522872,inf,37378.681496
2248790388,inf,inf
861106241,37378.681496,inf
27021957,34793.715032,35378.681496
892946359,34378.677533,35378.677533
894060408,34378.677533,inf
2005043033,36378.681496,inf
841734991,35378.681496,35378.681496
4150645138,36378.681496,inf
3013398957,inf,inf
3475222389,inf,inf
3470550579,inf,inf
4259803552,-nan,inf
4253838010,-nan,inf
4283034637,38708.512238,41700.609591
4283034637,38708.512238,inf
39549248,inf,nan
1843367416,-nan,inf
2435188007,35793.713711,inf
2394687071,35793.713711,inf
236080396,34378.677533,35378.681496
236116333,34378.677533,34378.677533
3622497905,nan,-nan
3622497905,nan,inf
4274626467,nan,inf
2442447247,inf,36378.681496
1896120893,inf,36378.681496
3889298613,36378.681496,36378.681496
2397346413,36378.681496,36378.681496
2440003632,36378.681496,36378.681496
2472993827,36378.681496,inf
3886783117,inf,36378.681496
3895048560,36378.681496,36378.681496
2459578041,34378.677533,inf
2787136548,inf,nan
2452661910,inf,inf
2442096408,inf,inf
3583994582,inf,inf
704816678,inf,inf
1285610592,36378.681496,inf
1147366094,36378.681496,36378.681496
1205833719,36378.681496,inf
3432744862,nan,inf
1353568838,nan,-nan
2788147143,nan,inf
2334083856,inf,35793.713711
281111329,inf,inf
2603489475,inf,inf
1145732776,inf,45977.895003
2083654276,inf,nan
3132981131,-nan,nan
3132981172,-nan,nan
4254109420,inf,nan
3857063124,36378.681496,36378.681496
3903921102,inf,35378.681496
3901549258,inf,35378.681496
1673545259,inf,58067.882472
1673545259,58067.882472,58067.882472
2063876376,inf,inf
2126161215,58067.882472,58067.882472
2127246945,57067.882472,57067.882472
2127246945,57067.882472,57067.882472
923856779,55067.882472,55067.882472
1618632830,inf,58067.882472
1618632830,58067.882472,58067.882472
1618632830,58067.882472,58067.882472
1618632829,58067.882472,58067.882472
1834055248,50919.157746,inf
2451645814,inf,55360.366972
2452645516,inf,55360.366972
2374446602,inf,55360.366972
2413581997,inf,55360.366972
2412617143,inf,55360.366972
1790403758,57067.882472,57067.882472
1790403796,57067.882472,57067.882472
2063732559,inf,58067.882472
2375781716,58067.882472,58067.882472
2413733368,inf,55360.366972
2189583940,inf,58482.919972
2452761804,56482.919972,inf
1537783853,inf,55482.919972
697324256,inf,inf
1238139295,inf,inf
27509222,inf,inf
26215490,inf,inf
3077076399,57067.882472,57067.882472
2745525857,51959.358016,51959.358016
3617001622,51959.358016,inf
2417139481,46028.147479,46175.575261
2873760605,53544.320516,53544.320516
2529882568,inf,52959.358016
125804752,55544.320516,inf
4150525777,53544.320516,53544.320516
4149411793,53544.320516,53544.320516
2644994381,47756.062896,53544.320516
26031333,33939.518848,inf
879792277,44768.940232,inf
3295181331,43768.940232,44438.485400
3169852495,inf,48959.358016
3629576486,46289.899448,46289.899448
1310585811,47544.320516,47544.320516
2641176341,inf,44977.895003
2640246339,inf,44977.895003
475822010,inf,44977.895003
2637812193,44977.895003,44977.895003
1182568135,inf,44977.895003
2637693722,inf,44977.895003
4246213700,44977.895003,44977.895003
2640213669,inf,44977.895003
2685047787,inf,48596.787936
959799900,47796.417773,48796.417773
1599102107,46624.420382,45075.676760
1599102214,45075.676760,47209.382883
1599102214,45075.676760,inf
2418109706,45613.109980,46613.109980
2418109777,45613.109980,inf
961985520,48282.428833,47796.417773
1680894722,47796.417773,49020.758560
1683338443,45646.354362,46796.417773
891316089,46211.712545,46211.712545
892394230,45650.113441,45650.113441
3508233940,47263.750295,47263.750295
3502088713,47263.750295,47263.750295
2975701009,45333.596521,45333.596521
649707800,48020.758560,46796.417773
3374925534,42460.831919,42340.251677
573686347,45537.918865,inf
620009068,46472.003168,46472.003168
2194180522,47470.761519,inf
3967074713,45470.761519,45394.011120
3967074781,45470.761519,45321.138370
2942252545,47470.761519,47470.761519
3441736824,47019.053596,46333.596521
3434655943,nan,inf
2596257876,46200.377184,inf
1882840713,45136.934222,inf
1920862059,45136.934222,inf
3197825810,36378.681496,inf
3196678004,36378.681496,inf
570322902,45724.031714,46357.773567
2599635701,47030.717779,48056.679036
1277442686,47263.750295,47263.750295
3013311024,46990.207453,inf
3010831309,46990.207453,inf
3629650538,inf,45632.584398
3628709642,46965.554427,45632.584398
3781144860,inf,45632.584398
3778701142,45047.621897,45420.308539
3701164613,45301.672924,inf
625323971,43106.165023,34378.681496
956771509,36378.681496,inf
2496405845,inf,43106.165023
2032293636,43106.165023,inf
956945749,36378.681496,inf
797961548,36624.949647,37719.188277
562927232,36624.949647,inf
2168925156,inf,42547.170172
2868471146,54111.361109,inf
85180445,51843.880798,52456.857675
1397268267,inf,inf
2810954636,51843.880798,53544.320516
2937430618,51843.880798,51628.887703
2937466560,51843.880798,51073.252917
2148676147,52843.880798,inf
2638769657,48355.326087,inf
3349828215,51991.408826,inf
1104405226,53843.880798,inf
4042307098,inf,52843.880798
3279865098,inf,50843.880798
4163235141,inf,53843.880798
1834054162,50919.157746,53152.003093
888764590,47978.513332,51843.880798
891136408,51843.880798,51843.880798
893616057,53544.320516,51843.880798
971814933,51843.880798,52843.880798
971815003,51843.880798,inf
3414259906,51843.880798,inf
1003762927,51843.880798,51628.887703
1249815162,36378.681496,inf
1003798869,51843.880798,51073.252917
1578424238,51843.880798,51843.880798
924342253,50041.089000,50041.089000
1260659243,52843.880798,52843.880798
3300212511,47852.803254,45522.272914
1885211091,inf,53843.880798
1087719612,56067.882472,56067.882472
1682520852,51760.750539,51995.847911
1682520951,51760.750539,52276.859338
1352491816,51760.750539,53088.060492
587734084,-nan,inf
71876492,58067.882472,57067.882472
721201,55482.919972,inf
3414828676,58090.602549,inf
2375810030,inf,57067.882472
2414698222,inf,57067.882472
2119087071,55067.882472,55067.882472
2119088161,55067.882472,55067.882472
2119089250,55067.882472,55067.882472
2119116475,55067.882472,55067.882472
2119117563,55067.882472,55067.882472
2119118652,55067.882472,55067.882472
1616189181,inf,57067.882472
1234725254,36378.727148,inf
916514128,36378.727148,36378.727148
914142284,36378.727148,36378.727148
59076671,36378.673570,36378.681496
1693303382,nan,inf
4184120231,nan,inf
3549000956,nan,nan
3177829039,inf,inf
2330736722,nan,inf
1000456729,52435.796059,53456.857675
3665005589,-nan,nan
1001319217,51843.880798,53456.857675
3665005660,inf,nan
4213588570,inf,nan
1456515926,52264.243347,inf
222964599,-nan,inf
3172384249,-nan,inf
2247599026,nan,inf
1152815343,inf,nan
617238146,33793.711730,33824.085814
618280358,33793.711730,33855.113164
618316253,33793.711730,33919.244473
3748235784,-nan,inf
774318288,nan,-nan
741184442,nan,-nan
1606433690,nan,inf
1608668318,inf,nan
858446807,36378.673570,36378.681496
2049139156,inf,inf
2263190598,-nan,inf
2411256123,-nan,inf
257452055,-nan,inf
2135580011,-nan,inf
1886558808,inf,36378.673570
3926098100,36378.681496,36378.681496
3550444764,35793.713711,inf
3142572719,-nan,inf
862076480,35378.675551,inf
26983841,35378.673570,35378.681496
891940156,34378.673570,inf
894204117,34378.673570,34378.681496
841667476,35378.673570,inf
954573903,35378.673570,inf
4151687273,35378.673570,inf
1552196750,nan,inf
1993373241,36378.673570,inf
3054942133,-nan,inf
1794926522,-nan,inf
1606509920,nan,inf
3554541837,nan,inf
3552062184,nan,inf
3548720044,nan,inf
3518964207,nan,inf
3516484554,nan,inf
1726175774,nan,inf
4261097281,nan,inf
4262139487,nan,inf
2457953666,inf,nan
4255131739,nan,inf
4256173945,nan,inf
38543015,-nan,-nan
2713817,nan,-nan
701618470,nan,inf
3105705962,43484.127306,inf
2084587550,57482.919972,57067.882472
587734185,nan,inf
1287919007,inf,inf
1255719455,inf,inf
3852571032,34793.713711,inf
2435188070,34793.713711,inf
2394974504,34793.713711,inf
3622605718,-nan,inf
4274628646,-nan,nan
3623863546,-nan,inf
4274665671,-nan,inf
2443309804,35378.673570,inf
3889298613,inf,35378.673570
3897528212,inf,35378.673570
1894783603,35378.673570,inf
3928434135,inf,35378.673570
1896076246,35378.673570,inf
2473065631,inf,35378.673570
3886819055,inf,35378.673570
226350302,nan,-nan
3857063124,inf,35378.673570
226351391,nan,inf
3857063124,inf,35378.673570
3895048560,inf,35378.673570
3895048560,inf,35378.673570
3856663913,33378.673570,inf
1796071061,-nan,inf
2327133936,-nan,nan
734644390,34571.319780,inf
3770695253,35378.673570,inf
43910930,35378.673570,inf
1148408296,35378.673570,inf
1718242228,-nan,inf
2788181991,-nan,nan
2334084945,inf,34793.713711
1145768651,inf,44977.895003
41114426,-nan,inf
3133017068,-nan,-nan
2567802054,inf,nan
2101100678,inf,nan
2081171362,-nan,inf
3091705684,-nan,inf
3901764846,inf,34378.673570
3217285746,inf,nan
3215956173,-nan,nan
1120019121,inf,nan
2002971357,57067.882472,inf
2371103374,55745.954377,55745.954377
1050992065,57804.848066,inf
1015306554,56067.882472,56067.882472
2126164484,58067.882472,57067.882472
2005159156,56745.954377,56745.954377
3042647666,58067.882472,inf
3594936324,inf,inf
3627926490,inf,inf
1047362399,inf,inf
2126160126,58067.882472,58067.882472
2373258501,inf,inf
2338830363,inf,inf
2062654518,inf,inf
2344652187,inf,inf
2409061556,inf,57482.919972
1991712780,59067.882472,inf
3436921336,55897.957471,55897.957471
3300360440,55482.919972,inf
1504542124,57067.882472,57482.919972
1505440579,57067.882472,58067.882472
3299383606,57067.882472,inf
1005855123,56067.882472,56067.882472
2326728847,inf,58482.919972
3773686967,36963.628639,inf
2758374787,57067.882472,58067.882472
2759237275,57067.882472,57067.882472
3417236456,58067.882472,inf
3904136689,inf,34378.673570
3617037518,50959.358016,inf
2873760605,53544.320516,53544.320516
2873760605,53544.320516,53544.320516
2873760605,53544.320516,53544.320516
125912565,54544.320516,inf
2343503711,32939.518848,inf
3761133151,42733.122329,47437.405312
3761133189,42733.122329,47437.405312
3265533373,43768.940232,inf
880757124,42768.940232,inf
1306920136,45877.582367,48544.320516
2293955576,45316.090842,inf
2713889,nan,-nan
857946089,inf,48672.734796
2089171548,44793.310305,44793.310305
143729449,43002.972214,inf
1639279747,45402.503620,49020.758560
960843159,45402.503620,inf
4107976065,inf,44352.143003
1431495873,45038.853706,inf
2636581853,inf,44977.895003
954285318,45038.853706,inf
1548746798,-nan,inf
1428980281,45038.853706,inf
1684452524,45014.649769,46796.417773
892214514,45796.803700,46796.417773
1364566254,57067.882472,57067.882472
892394199,44796.803700,46516.653492
223114311,43002.972214,inf
2975701009,44994.768951,45333.596521
1009016031,34378.673570,34378.681496
654436714,44920.375426,45167.217885
540333774,45207.313467,48020.758560
3374925573,42460.831919,42228.976773
3375823965,42228.976773,42737.219286
2101223771,46207.313467,46796.417773
2194209925,46185.584998,inf
2082394307,45600.622498,45321.138370
2606023556,inf,46185.584998
4292238516,44288.246336,44515.188854
3927867505,46790.829064,inf
4294502607,45600.622498,44788.140700
1745786228,45156.567142,45470.761519
1935932348,inf,47207.313467
2597228174,45018.058173,inf
2405326514,44749.155893,45027.304059
511916077,inf,inf
2375343893,45615.221882,46392.112432
920369801,34378.681496,34378.681496
3197827984,35378.673570,inf
3196680178,35378.673570,inf
3380052239,44035.247070,44266.088048
2872691211,inf,53959.358016
536847884,45440.091462,46046.061996
570538585,44444.585835,inf
1990608457,43034.760621,inf
4183563428,48056.679036,47030.717779
3014209387,45990.207453,inf
3010831373,45990.207453,inf
3815213175,inf,44632.584398
3629608067,inf,44632.584398
2570029059,48959.358016,48959.358016
3629569949,inf,44632.584398
3782151229,inf,44632.584398
3628638857,47289.899448,44632.584398
3628571339,45632.584398,44632.584398
3628571339,inf,44632.584398
3702278523,44886.635425,45886.635425
3702278563,44886.635425,inf
956773683,35378.673570,inf
797964814,35624.872414,inf
2855125209,41883.998495,43810.990173
2856203349,41883.998495,inf
2106989261,50503.293656,inf
2868474413,inf,51302.262263
133359860,53400.597994,inf
2810918600,50528.345125,52118.055762
1876678447,45977.895003,inf
2938796230,49762.056857,49528.345125
2939730590,50041.089000,49528.345125
2939874338,50843.880798,49528.345125
2937502497,51843.880798,50360.186456
2407855686,50528.345125,inf
1181310340,48198.213561,48531.663432
1181310446,48198.213561,48966.110760
2638808855,48198.213561,48452.763150
3350906267,50269.633235,inf
1104441137,51528.345125,inf
4042379003,inf,50528.345125
3759659870,47437.405312,inf
2725417031,51528.345125,inf
2338719732,inf,51528.345125
3042650931,58067.882472,58067.882472
1834089010,50360.186456,51843.880798
1835021193,49583.320284,49528.345125
426157078,49528.345125,49640.473593
426157142,49528.345125,49762.056857
1835022280,49528.345125,50041.089000
426193013,49528.345125,50843.880798
1005128539,49762.056857,49528.345125
1006062899,50041.089000,49528.345125
1006206647,50843.880798,49528.345125
1003834806,51843.880798,50360.186456
1577382033,50528.345125,51989.731665
1577561689,50528.345125,51843.880798
3440766560,47019.053596,inf
1744492498,46347.638765,45814.046862
573499265,46347.638765,45425.397293
2200105771,49544.320516,inf
1885211091,inf,51528.345125
892466139,45650.113441,45796.417773
1364566293,54969.611849,57067.882472
2126165572,57067.882472,57067.882472
2373304243,inf,55969.611849
1352490724,51081.336300,53088.060492
3106855914,39712.319770,inf
71948304,54334.244425,inf
757139,54132.176101,56067.882472
793076,54132.176101,inf
3414828809,54978.791970,inf
1092355549,inf,inf
2375739246,inf,inf
2375665791,inf,inf
1616260987,54969.611849,54969.611849
3413499044,56569.297691,inf
1235947040,35378.727148,inf
916621937,35378.727148,inf
914214158,inf,35378.727148
1870183862,55969.611849,inf
239817839,inf,inf
1950895740,35378.673570,inf
45514857,inf,inf
1206627388,inf,inf
4212402750,inf,inf
3591586335,inf,inf
2330880405,inf,inf
1001355152,inf,52258.918297
3665041629,inf,inf
4213624609,inf,inf
338525993,inf,inf
3062972264,nan,-nan
3172420145,nan,inf
3175598823,nan,-nan
3175598863,nan,inf
2247600116,-nan,inf
1152816433,inf,-nan
2491627313,33793.711730,33793.711730
3497559695,nan,nan
3262574186,nan,inf
3417200549,59067.882472,inf
1968359474,35378.673570,36378.673570
1968359474,35378.673570,inf
2933801081,51843.880798,inf
900026012,nan,inf
26013542,inf,35378.673570
3495160628,nan,inf
617061278,nan,inf
286021838,nan,inf
1886826244,inf,nan
1886594751,inf,35378.673570
3927032462,36378.681496,35378.673570
3550552575,34571.319780,inf
3171034922,inf,inf
2985815563,-nan,inf
26126798,35378.673570,35378.677533
2007594633,inf,inf
1469481312,45038.853706,inf
1548794271,45038.853706,inf
1509910437,45038.853706,inf
4151795086,45387.720611,47030.717779
2412380740,inf,inf
2450330212,inf,inf
1553346698,inf,inf
60411785,35378.673570,inf
3098445682,inf,nan
4283120935,nan,nan
3054942196,nan,inf
3399257957,nan,nan
3549798118,inf,inf
3520042282,inf,inf
3430372914,inf,-nan
4262103517,-nan,-nan
2458816155,-nan,nan
1078015035,45392.112432,46007.939251
2493459421,-nan,inf
4255311424,-nan,-nan
2450730329,inf,-nan
2411558964,inf,-nan
2787137637,inf,-nan
3427713574,-nan,inf
584499154,34056.746932,inf
3499896563,nan,47678.787795
2975736952,49959.358016,49959.358016
1037549982,34378.673570,34378.673570
1243026693,inf,inf
3098733206,inf,nan
1215362236,33793.711069,inf
3852571095,33793.711069,inf
1895931411,inf,33793.711069
2394974567,33793.711069,inf
237302281,35378.673570,33793.711069
3623683827,nan,-nan
3623683893,nan,-nan
4274667850,nan,-nan
3625983828,nan,inf
226377526,-nan,inf
3856735752,33378.673570,33378.673570
2787138726,inf,nan
3437027744,nan,nan
3437027846,-nan,nan
1796110264,nan,nan
3437063781,-nan,nan
736692798,inf,inf
2119115386,55067.882472,55067.882472
1043731178,inf,inf
1249855451,inf,inf
1286477432,inf,inf
43943596,inf,inf
1288989755,inf,inf
561813111,33571.318648,33571.318648
561849048,33571.318648,33571.318648
3488006987,nan,inf
1719428147,nan,-nan
1719428188,nan,-nan
2788183080,nan,inf
2255906806,inf,nan
616953469,-nan,inf
3091777517,nan,inf
3588681766,inf,inf
3586202088,inf,inf
957922582,36378.681496,inf
1015270592,53898.135735,56067.882472
957949803,35378.673570,inf
1443915153,55569.297691,59067.882472
1443951122,55569.297691,57067.882472
1745958348,53969.611849,53969.611849
888484950,47217.509020,inf
2217758580,inf,54810.281033
2953587747,43407.651663,43534.373884
1538862029,inf,inf
2327591369,inf,57482.919972
3773830690,35963.628639,inf
3077049172,54569.297691,inf
3549438568,36793.713711,inf
2745526946,49028.557245,49028.557245
1703065812,-nan,inf
3617037589,48028.557245,inf
960699411,47796.417773,inf
3558172774,55360.366972,inf
1036958739,47112.049408,inf
2606828198,inf,52078.669899
4144452453,45145.801537,inf
764753584,41733.122329,inf
3266791108,42543.720307,44065.215033
1307099892,44877.582367,inf
1310513869,45091.482941,45091.482941
2687275813,45316.090842,45316.090842
2749757,nan,-nan
2368712161,47126.904615,inf
844216825,44194.625676,44194.625676
915441781,42877.320016,43002.972214
1718916065,inf,45960.115053
3514149983,34963.636071,inf
2968405802,44108.722075,43896.090016
2969699534,inf,42896.090016
962062839,44699.358676,46109.699212
892286423,44467.488963,46395.085153
1278669982,44810.981440,inf
1278665626,44810.981440,inf
3340390081,42783.567073,inf
2953484291,43828.889286,49959.358016
654185189,44871.318671,44952.500250
654400844,44871.318671,45038.523796
651073337,44960.115053,46796.417773
2954521023,inf,45960.115053
3689630327,inf,45003.725506
3967002833,45003.725506,45302.315659
3967038770,45003.725506,45431.875996
31591053,45003.725506,46185.584998
2083366784,45003.725506,inf
2574035926,35378.673570,inf
4294538480,44418.727912,45003.620229
573503627,44785.211781,45305.127908
2378109502,45018.058173,inf
2597300021,44871.318671,45018.058173
2405327603,44258.776862,44749.155893
2375373296,44919.982374,46392.112432
1321189671,41538.257456,inf
3380054417,43821.199073,44035.247070
536038997,45256.848777,45569.419303
536039069,45256.848777,45711.492408
536074934,45256.848777,46046.061996
539740515,46357.773567,46144.468605
571724480,44444.585835,44155.716414
3887427608,43553.395117,43532.487991
3732071921,44136.980590,inf
3975069255,47658.955689,inf
4153987243,44639.423060,47030.717779
3014317164,44639.423060,inf
2564100543,44639.423060,inf
3702386335,44254.599334,46037.839266
2454904050,45037.839266,inf
3695595806,44344.122553,44344.122553
797965903,35624.872414,35624.872414
564292765,35624.872414,35624.872414
564328702,35624.872414,35624.872414
565191197,35624.872414,35624.872414
74248308,54132.176101,55482.919972
2856490809,41833.136540,41886.824539
2856490809,41833.136540,41892.493290
2856490809,41833.136540,41903.898053
2856490809,41833.136540,41926.981666
3510728047,inf,nan
2856490809,41833.136540,41974.287381
3510763989,-nan,nan
2856490809,41833.136540,42073.823054
3510764083,inf,nan
2856490809,41833.136540,42296.215476
3042650931,58067.882472,58067.882472
3119299584,45964.267841,inf
2406595713,49503.293656,inf
2867360366,52400.597994,inf
4221723936,44197.385069,inf
2940018087,47286.377170,47286.377170
3863412012,49640.473593,47286.377170
2937538434,51843.880798,47286.377170
2179330377,inf,49528.345125
2753877591,50528.345125,inf
2638809944,48198.213561,48762.056857
3350906330,49269.633235,inf
1105519207,50528.345125,inf
2301767800,48528.345125,inf
2814956873,52206.450877,inf
2647187627,48815.303931,inf
2725418120,48286.377170,inf
2338721910,inf,50528.345125
1884240785,inf,48286.377170
1006350396,47286.377170,47286.377170
2589446063,35378.673570,inf
3414364449,49640.473593,47286.377170
1003870743,51843.880798,47286.377170
1578711672,inf,49528.345125
925564054,49528.345125,49528.345125
1260874859,inf,50528.345125
3302368732,45321.138370,45321.138370
573570056,45575.691841,45488.613678
1885211091,inf,48286.377170
2123758878,inf,53969.611849
2126165572,57067.882472,57067.882472
2375672816,52898.135735,inf
1682628661,50521.399432,50521.399432
3087614650,39577.465682,39712.319770
2084723680,52969.611849,53569.297691
2084724769,52969.611849,53569.297691
3109263655,39548.650326,39548.650326
75398253,52969.611849,53569.297691
1360578727,50969.611849,52416.668190
1360578727,50969.611849,50969.611849
3414900515,60067.882472,53991.997714
2033042468,53969.611849,inf
2372117229,59067.882472,37550.062940
973763385,52969.611849,52969.611849
973835230,52969.611849,52969.611849
974050881,52969.611849,52969.611849
1721656277,33437.575142,33437.575142
1721656315,33437.575142,33437.575142
1721907803,33436.073118,33437.575142
1721907903,33434.572656,33437.575142
1353685358,33431.576405,33437.575142
1721943810,33425.602508,33437.575142
1354538045,33413.728415,33437.575142
3413678657,inf,54855.791685
1236090956,57260.527550,34378.727148
914250100,inf,34378.727148
1358429041,50969.611849,50969.611849
1871046350,54969.611849,inf
4048614977,34378.673570,inf
557732,-nan,-nan
1456587760,50479.870865,inf
3399258059,-nan,nan
972577464,52969.611849,33217.542972
3172420247,-nan,inf
3175670702,-nan,nan
3175670765,-nan,inf
1157365885,inf,inf
2491631669,33793.711069,33793.712390
290837396,-nan,inf
2063767264,-nan,inf
3508126128,47263.750295,48263.750295
1968359474,34378.673570,inf
819347349,inf,34378.673570
2450341145,inf,34378.673570
2784770151,-nan,inf
3223364741,34378.673516,inf
2371951615,inf,inf
2411327997,-nan,inf
3672085178,-nan,inf
3516736078,inf,inf
617097254,-nan,inf
289471796,-nan,inf
3062972304,nan,inf
2449230412,inf,33963.636071
1886827331,inf,-nan
3927140273,36378.681496,36378.681496
2450306297,35378.673570,34056.747060
2571807965,inf,34208.749449
580006960,33217.542972,inf
27020871,34378.673570,35056.751023
349945814,inf,-nan
1789433525,54969.611849,-nan
1836868231,34378.673570,inf
1048726697,-nan,inf
2374594708,54473.728204,inf
620580351,34378.673570,34378.673570
569433151,-nan,nan
2751269248,-nan,inf
3098517589,inf,-nan
3055049903,-nan,nan
2127280706,49917.782239,inf
800258249,39779.585920,39757.398405
2082357280,44428.070432,43834.527200
85259943,52544.320516,52152.003093
4294322896,45454.123155,43834.527200
873682987,47211.632960,47673.246364
2337500053,25848.234004,25846.329049
916666903,43700.848289,43871.318671
2412393707,41313.302985,41249.514828
2337529455,25779.939765,25844.426606
2374551712,50912.712488,inf
397659002,49555.570861,50861.325933
3042692314,inf,49917.782239
1398326023,46369.241365,inf
3415834883,54159.251807,53969.611849
4164528832,24134.744193,24134.899980
3446704765,inf,50917.782239
4165571006,24134.744193,24137.238809
3297075878,42002.932331,42643.165658
849629166,51843.880798,52109.692289
4168158469,23970.612759,24005.019419
3516264543,51482.879720,53661.677467
4198704919,23219.952287,24111.123825
882727150,51843.880798,51843.880798
2339831601,23744.108380,23744.108380
2488256714,41134.560113,41639.297037
882942802,51843.880798,52152.003093
4200214273,23744.108380,22223.135855
3370805854,inf,35378.681317
3370841819,35378.681317,35378.681317
3741629539,42533.387354,43947.871424
3371057448,inf,33378.681317
3744037357,43465.396755,inf
2522468738,41017.277418,41494.064033
2337530544,25835.035835,25853.878904
213662812,42463.791062,inf
2966785748,59090.602549,52875.076205
2286807382,41588.558923,41390.686657
3415942694,60067.882472,53969.611849
3219462073,42942.823578,33996.640066
2451465040,50912.712488,inf
853186969,inf,51843.880798
2456128091,41703.039034,41853.404810
3128986,inf,51875.076205
2378995269,46914.362832,inf
2338822092,23987.713522,24291.662544
2892371434,40206.615319,inf
1190977430,44977.895003,44977.895003
2296352831,inf,41858.100835
3930311156,45003.725506,45302.315659
882132534,42617.807627,42783.567073
722894520,inf,41307.211746
3971367676,39982.366163,inf
1156418529,39471.667564,39887.357233
1682157304,39899.527370,39947.452767
1682157304,39899.527370,39997.025081
1157820039,inf,inf
1682157304,39899.527370,39899.527370
362942272,inf,49917.782239
2965641209,35712.105501,37379.595086
2529702300,inf,43862.640332
2403996850,40901.169189,40984.388146
3377849537,35708.714778,35708.714778
3377885444,35708.714778,35708.714778
2491123521,inf,inf
2375337359,45951.992659,40866.390069
3122000916,38701.874483,39413.910523
3132135374,14660.149997,14660.149997
1723516043,41307.211746,inf
4090247373,45575.267001,inf
2281376353,57067.882472,inf
4197590911,23970.612759,inf
3492717733,40901.169189,41054.039206
3078339637,39262.421531,inf
3707094156,44153.556957,inf
1707652,-nan,nan
2369600786,45377.670428,inf
1125800235,39400.677180,39579.015782
849772950,51843.880798,51843.880798
2338895057,23970.612759,24653.465876
1430327826,42774.241950,42774.241950
1126662621,39400.677180,39782.550950
4169128774,24386.987067,24974.626908
1126662720,39400.677180,40303.388973
1156346650,39303.388973,39564.907379
1682122457,41101.253729,inf
3112713608,39064.933924,39002.726624
80177877,55067.882472,inf
3087787803,38943.091118,39064.933924
756275719,39779.585920,39757.398405
3661913255,39763.946878,39685.929322
3085236276,inf,34378.681317
2144076174,55544.320516,45471.507167
1003158265,33793.711069,33378.673570
3667922883,41866.390069,40866.390069
3188664102,38244.812871,38102.384331
3417308297,53887.748002,inf
3668138472,inf,40866.390069
3188735943,38102.384331,38244.812871
2436517638,inf,inf
3085340822,39775.719890,39812.204311
1761007289,49917.782239,49917.782239
3085340822,39775.719890,39849.635381
3080634164,40377.697299,40681.793311
2305768353,52875.076205,inf
885386488,51843.880798,51843.880798
4202334556,inf,22660.149997
2753451424,inf,inf
4242820045,inf,inf
1085130634,44639.302637,inf
271183102,52875.076205,inf
2337501142,25848.234004,25844.426606
3496311465,41837.039396,41921.528240
1916219163,33378.673570,33378.673570
4236646501,inf,-nan
1125800133,39400.677180,39443.237952
849665103,51843.880798,52435.796059
4168158537,23970.612759,24040.266729
878500723,42659.320302,42659.320302
4197734620,23597.793981,24464.487124
2287954101,41568.813604,40816.281007
3741521727,43128.754755,44170.239964
3370877758,35378.681317,35378.681317
3741629579,41833.075381,43947.871424
3890014978,41788.072393,41204.870009
2405278213,41373.676189,40816.281007
2336524307,24141.245622,25145.263594
3042440750,inf,52875.076205
1277369724,-nan,-nan
3042543119,54969.611849,inf
2337494606,25779.939765,25850.682732
3414684898,59090.602549,50915.284745
4160791384,28145.902779,28166.349842
3415978628,52875.076205,inf
2452607304,41840.651571,40816.281007
3219462142,42942.823578,32998.103238
3368649634,38387.749464,37380.874705
2456129179,41914.483534,41794.807259
955543113,36378.681496,inf
3746373328,41866.390069,40866.390069
3861265734,40816.281007,40984.388146
2375702219,52875.076205,52921.569834
2404182873,inf,inf
3164618929,40174.488194,40174.488194
3496275458,41816.281007,41878.665414
1916147321,50549.894871,33378.674065
3930347093,45003.725506,45431.875996
1916362907,33378.673570,33378.673570
1682154038,39882.063653,39882.063653
3158657745,39471.667564,inf
3377921381,35708.714778,35708.714778
3132135444,14660.149997,14660.149997
1723551941,inf,inf
2281376422,53969.611849,inf
1384138805,42705.144621,inf
2799738342,41293.672601,inf
2406464165,41373.676189,40816.281007
3891236836,39802.293892,39700.400613
2453911719,54810.281033,54810.281033
2289108441,41143.554397,40816.281007
4169164711,23970.612759,24974.626908
3851349209,35793.713711,inf
3157754966,39303.388973,inf
80141936,52969.611849,56067.882472
3112713673,39064.933924,38768.231326
1687155815,42084.656374,42108.470845
3661915433,39772.122178,39685.929322
2144076242,55544.320516,44471.507167
368800005,inf,49917.782239
2290329210,41768.977225,42676.507748
1003373888,34378.673570,33378.673570
625216193,35375.281891,35375.281891
1054549726,inf,49917.782239
3855327105,inf,46185.584998
1102711752,52587.211205,inf
800265872,39705.467375,39705.467375
3040138609,41321.001006,41200.672741
2936316602,52637.429921,51843.880798
4240212226,30620.916287,inf
3057136927,40781.914903,40781.914903
2337502230,25852.051477,25844.426606
2337493516,24958.143528,27885.291267
3497245824,41837.039396,41921.528240
1750082481,33390.269456,33437.575142
1916255195,33378.673570,33378.673570
3042685775,inf,52875.076205
3196825019,36378.681496,inf
2338608650,28233.709028,25055.275586
3414936488,54014.736416,53969.611849
3188484414,38244.812871,38244.812871
2338786157,24134.744193,24135.367443
1125800170,39400.677180,39487.092570
849701076,52334.867151,51843.880798
4168194406,23970.612759,24113.454981
1430255952,42306.676384,43082.803222
4197734692,23597.793981,26880.404469
2456093238,42833.075381,inf
2456195609,inf,42403.073147
3270889918,57067.882472,56067.882472
3151391328,47198.561908,inf
2603409744,43471.507167,inf
1963292358,35793.711069,inf
2563122621,43474.852977,43223.526065
1617303197,50917.782239,inf
3498638765,nan,inf
4122841915,25779.939765,25863.750845
4122913790,25856.966105,25844.426606
2337532722,25779.939765,25853.878904
3863483888,inf,44977.895003
3496275566,41816.281007,41921.528240
1359571403,33378.673570,33378.673570
3414720896,59090.602549,49917.782239
2338644587,28145.902779,28166.349842
878386378,38029.674764,38029.674764
878463692,42942.823578,31998.835380
2338898327,24974.626908,24974.626908
2281376353,58067.882472,59067.882472
3971547367,39685.929322,39923.291071
1798548402,51482.879720,52661.677467
2339802194,23190.786116,23310.912227
2928393424,inf,47877.401857
3040138609,41259.582737,41200.672741
291699884,nan,inf
3860151682,40816.281007,41009.773686
3164617840,40174.488194,40230.031065
3164618929,40174.488194,40174.488194
3497353568,41816.281007,41816.281007
3930383036,45470.761519,45394.011120
3497353640,41816.281007,41816.281007
1354541315,33390.261482,33390.261482
3930383104,45470.761519,45321.138370
3930418999,45470.761519,45185.584998
1682157304,39816.281007,39822.736261
4172228719,33378.673570,inf
2445780460,34369.099890,inf
3492681796,40816.281007,41029.098302
3294514552,41816.281007,41816.281007
139692861,28605.537447,28605.537447
2127419010,38455.120798,38455.120798
2166630633,38313.207949,38381.651818
764689331,47437.405312,inf
4283145824,39612.622127,39572.506295
762161887,41901.169189,inf
2637606372,25584.257401,inf
2084870694,55067.882472,55067.882472
3087785623,38484.258405,39122.148255
3483340143,39705.467375,39705.467375
2144938698,inf,43471.507167
2290331385,42676.507748,42676.507748
565220749,inf,56067.882472
3151535040,45964.267841,inf
2873760605,53544.320516,53544.320516
1716546836,41084.656374,inf
2975701009,44994.768951,45130.367320
1005530173,inf,33378.673570
956658249,45038.853706,inf
872538179,40295.556535,inf
281145359,inf,40295.556535
3217126170,38026.297077,38026.297077
2338722999,inf,45488.613678
3183704758,39317.196769,inf
3415870820,54377.647115,53969.611849
2409770337,41373.676189,40816.281007
2645885176,46470.761519,46470.761519
2831578488,40405.701209,inf
4090893919,25137.238809,25145.263594
2871037288,37170.251450,37069.034621
2127281797,49917.782239,49917.782239
3122003093,38701.874483,38701.874483
3132171320,14660.149997,14660.149997
3032286602,38501.247108,39114.977411
1355729414,54969.611849,nan
1182460333,inf,48286.377170
2876966888,38997.283137,39771.933224
911889231,40748.348415,inf
2375708753,inf,50907.660491
1005262341,52959.358016,inf
884164596,44989.393639,inf
1799515435,47286.377170,50843.880798
4201220509,23660.149997,23832.687489
3164620018,40163.385914,40185.676575
3497425442,inf,40748.348415
3810342650,inf,33001.733283
3971691143,39816.281007,39748.348415
3401451456,40609.361198,33378.673570
1353391327,49917.782239,51725.344977
3492645824,40748.348415,40974.167187
4225786197,38646.547680,inf
2405062594,41373.676189,40816.281007
3889979041,41279.020010,41788.072393
969515067,48528.345125,47929.735977
3294518912,40748.348415,inf
1485386447,37453.944183,inf
2779370006,37281.469803,inf
2126165572,57067.882472,57067.882472
2373332557,inf,54875.076205
250495435,33378.673570,inf
3315027597,40185.676575,40221.903344
564034967,57482.919972,inf
2527248359,40816.281007,41054.039206
685915350,52012.579729,49917.782239
578660312,42076.132902,inf
2877865375,40681.793311,inf
1005819161,53898.135735,56067.882472
1042570050,39484.758971,39517.882214
791953726,33571.318648,34571.318648
2496448426,35378.673570,36378.673570
4159569526,28233.709028,26642.360497
2559463232,inf,39748.348415
796661473,33763.963807,34179.001306
3508407750,inf,nan
1359427654,35378.677533,51518.842404
1111980216,28618.986078,inf
1310424153,44106.165023,inf
2971891754,42637.620949,42463.791062
520486995,46708.577393,inf
3032286664,38501.247108,39868.427500
3967110676,45470.761519,45185.584998
539417075,44554.538783,43962.966456
3032322574,39849.635381,39887.467634
539417115,45574.551928,43962.966456
1789505304,57067.882472,nan
603717045,-nan,-nan
3113971399,38507.910978,38460.987363
4240499651,29475.996789,29430.946003
2649588751,44808.133541,34378.727148
3087825914,38507.910978,38328.732761
4240535627,29442.705253,29430.946003
1796114619,-nan,nan
2144974636,inf,42436.592437
95849787,26871.460054,inf
1424496060,inf,42436.592437
97215328,28605.537447,28605.537447
2954451327,42599.157771,42446.000753
2873760605,53544.320516,53544.320516
1716549014,40295.556535,42436.592437
2975701009,44994.768951,45280.045302
872753767,inf,inf
1847687577,inf,inf
778158258,inf,35217.424594
2456158579,43880.434254,40866.390069
3040138609,41259.582737,41229.827073
3854473641,40816.281007,40984.388146
144508485,29229.038542,inf
651451761,inf,34378.673570
2800780483,40293.672601,inf
3493688032,40984.388146,41127.224248
3061806453,46796.595460,47796.595460
3079308851,37378.727148,inf
3217090230,38026.297077,37992.355255
2338724089,inf,43535.488666
4285589513,39647.440704,38121.351564
2341087220,29454.561139,29430.946003
803931447,33763.963726,35650.314817
95777855,27936.587730,27968.782944
1546076029,inf,39022.968328
2450569578,inf,54810.281033
2878152807,40643.576613,38233.449404
800298542,38698.427715,inf
3130985489,14660.149997,inf
4130532781,39685.929322,inf
2289219511,inf,39685.929322
3126907819,inf,-nan
2577620696,inf,39685.929322
2403960913,40816.281007,41018.793386
2099717684,inf,41307.211746
912895427,inf,39685.929322
134833244,inf,45776.941770
2330429454,inf,39685.929322
1089013309,57067.882472,49917.782239
780600778,39685.929322,inf
3662781188,47965.554427,39685.929322
70042980,39471.507167,39471.507167
3497425514,inf,39685.929322
1359612784,49917.782239,51622.436667
2286550378,41621.704646,40816.281007
3223474726,39685.929322,inf
2879015296,38383.596776,38204.887424
817436173,39685.929322,inf
2500118015,40186.090850,inf
2445788083,42942.178711,39685.929322
3493939556,inf,39685.929322
2645028140,47470.761519,47470.761519
2829530051,39284.915686,39319.076742
2407434430,41273.377171,41389.710040
2291007472,56151.800109,56151.800109
3662777921,40748.348415,39685.929322
1345049297,inf,39685.929322
4112820242,22568.964784,inf
1678633301,inf,47470.761519
3551728500,47687.071653,inf
1010670684,inf,50917.782239
4229164234,37685.929322,37748.348415
3315028686,40185.676575,40185.676575
3065312705,39913.348296,39409.982628
3123154163,39583.152635,39583.152635
2910028994,40343.051090,40681.793311
3124260587,39522.180920,39522.180920
1765497385,inf,34056.747060
3124406517,39414.902808,39414.902808
803927091,33763.963726,33831.544663
27601417,39464.434851,39456.891004
1769044753,inf,47479.003124
1040162303,39550.025491,39507.315680
3008727116,42446.000753,42599.157771
3624977552,-nan,nan
739244291,35571.319780,inf
3081644754,40012.520084,40541.872665
3541439767,inf,43643.019546
791989601,33571.318648,inf
2418360477,35378.673570,inf
2338607561,28233.709028,25904.121082
805045494,33763.963807,34763.963807
2449028089,inf,-nan
1359427654,50969.611849,52416.668190
2971963592,41307.211746,inf
10223634,inf,29999.294901
1113166105,26587.328172,26587.328172
2370945311,35378.673570,inf
1359433103,inf,34378.673570
508466153,49335.107968,inf
922375440,40185.676575,40221.903344
2028083091,55360.366972,55360.366972
2639099622,inf,44977.895003
922376529,40185.676575,40185.676575
2488273473,45136.934222,49335.107968
2372288203,60067.882472,50917.782239
976135191,inf,49917.782239
2488306141,45136.934222,inf
922379796,40748.348415,39685.929322
1260874927,inf,48929.735977
509759857,45136.934222,inf
922518103,inf,39685.929322
2366327017,inf,33217.424128
4131521612,34378.673570,inf
3122034673,38627.191486,38627.191486
963314095,inf,42463.791062
2751456557,nan,nan
4241613766,29527.818392,inf
3081681777,39688.459231,39572.061492
2911250818,39688.459231,39192.789508
81471606,53238.517573,53238.517573
3113971438,38507.910978,38415.541984
3676306586,40384.720383,inf
1390006480,43722.419836,43317.333631
3081682866,39688.459231,38644.501765
756343237,38698.427715,inf
3437207528,-nan,nan
956656075,43106.165023,inf
1054513797,52969.611849,50917.782239
244529921,33378.673570,inf
3040311761,inf,40051.457235
2873760605,53544.320516,53544.320516
2405358102,43690.587240,44152.224754
4119356023,24137.238809,24141.245622
3808150554,33862.660985,inf
2200285456,40913.844782,41769.147993
1616260987,inf,53969.611849
1309435795,44019.055570,43083.108546
99587175,28671.555419,28750.645048
1309507631,43083.108546,47544.320516
1682264027,46061.171070,inf
2343532025,31527.818392,inf
1682264027,45061.171070,inf
4001127570,43054.039206,42050.073159
3188190781,41307.211746,43054.039206
1342533708,42011.669818,42472.869872
3455913064,-nan,inf
3550877532,52875.076205,52875.076205
4039344051,53843.880798,inf
4001129748,inf,41942.178711
1342569641,42688.518912,42130.456920
3339383842,44109.188635,44109.188635
4111361766,inf,44352.143003
40431575,inf,41307.211746
2327627273,inf,inf
1005926965,52898.135735,inf
3892350878,42054.039206,38243.828906
2645885176,46470.761519,46470.761519
2831614425,39387.629865,inf
4241434119,29478.569266,29430.946003
423544823,inf,51875.076205
3123077938,39471.507167,37366.625920
2373866836,-nan,inf
2935022838,45977.895003,45977.895003
4122949727,25869.615550,25844.426606
28751369,39400.584413,39514.529024
759969732,36235.277318,35230.260004
28751408,39400.584413,39452.484080
760005737,35230.260004,inf
2645030318,46185.584998,49112.049408
3079205396,39223.999292,39319.076742
2285518002,41373.676189,40816.281007
3892171198,39259.974792,39341.055507
1546255778,38022.968328,inf
1775154110,41901.169189,41816.281007
1044870115,37780.279054,39471.507167
2879015296,38291.476734,38177.666053
937287296,inf,52609.123010
1386474747,47470.761519,47756.062896
3079199947,39223.999292,39301.895105
4159857190,28166.349842,28233.709028
3415906757,54948.706291,53969.611849
3048685082,37143.366616,inf
2992001324,40758.184401,inf
800300720,37698.224841,inf
878568241,42463.791062,42618.954328
3197832619,13982.078092,inf
2570031235,48959.358016,48959.358016
2126163393,53969.611849,inf
2373336912,inf,49917.782239
23434791,-nan,inf
2491797274,inf,inf
805116278,33571.318648,33571.318648
2937895957,10567.040593,inf
2445311999,41370.658546,41847.588749
1001391117,51843.880798,52843.880798
3446740763,inf,49917.782239
1260875030,inf,47775.767401
779416053,32217.542972,45784.896146
2291007510,56151.800109,56151.800109
1832159858,-nan,inf
779272345,inf,34217.424594
2103539306,inf,inf
2166661125,36246.026746,36268.415114
2127425544,36389.220821,36389.220821
3315029775,40748.348415,39685.929322
3065312773,39913.348296,39037.542072
3034694385,38435.960878,38435.960878
1080243162,43639.302637,43807.806332
2375477837,inf,42329.998100
3080634164,40377.697299,40681.793311
3071278284,40510.540161,40510.540161
3123219507,39613.288309,39519.847795
3503490256,nan,-nan
2452585849,-nan,-nan
4284367618,39433.708566,39471.507167
740358406,34571.319780,inf
2910064870,40012.520084,40681.793311
1764275569,35378.673570,36378.681496
803784433,33859.137967,34958.634944
24942079,39471.507167,39544.035651
757382270,33766.028562,33958.673640
1875635579,35378.673570,33378.673570
757382332,33766.028562,34181.066062
3081891959,40681.793311,40681.793311
4155245042,47030.717779,47454.357227
803928180,33763.963726,33902.447402
27637290,39442.421436,39471.507167
29937260,39401.115101,39400.053921
103464394,39467.222217,39421.911008
2953548544,inf,46756.223400
3624977617,-nan,nan
2954522109,inf,44787.672175
1043720092,39283.478454,39106.122079
3032070979,38775.719890,inf
454246423,inf,inf
3033185089,39849.635381,39900.302107
1724630090,41307.211746,inf
3396886156,nan,inf
603753022,inf,-nan
3028549216,inf,33378.681317
796661411,33763.963807,33956.608885
65550823,39436.592437,39471.507167
426024379,inf,49917.782239
3999049758,44790.187854,inf
3086464665,39436.675412,39639.146961
1685785853,44471.507167,44471.507167
3069086122,39436.675412,39874.746332
2912544554,39598.724994,39849.566459
3081747117,39598.724994,40096.863426
2559426202,39864.746474,39927.902173
573574412,44977.895003,44977.895003
3125486807,38838.113900,39436.592437
2939943793,42722.137184,inf
51603189,39251.974368,inf
3055085841,-nan,nan
2329317588,40853.566452,41111.091560
3553956595,43471.507167,inf
1540254236,41319.927151,41319.927151
1451138524,inf,57067.882472
1043840500,inf,50884.984241
1105519248,48929.735977,inf
3218240214,42659.320302,36976.986432
956981682,45038.853706,inf
99443427,28750.645048,28605.537447
1309363852,42512.228830,43266.427239
22642047,39442.421436,39471.507167
3114007371,38507.910978,38169.369591
3676414400,39384.720383,inf
2337497874,25847.757529,25844.426606
2127459303,36381.327638,36380.883893
2166697062,36231.851483,36231.851483
1566115643,inf,27986.114894
2337498964,25848.234004,25847.281212
1035952535,47112.049408,53544.320516
916665817,43700.848289,43871.318671
1564708651,27872.497867,28003.657598
3889298613,inf,35378.673570
411672842,inf,49917.782239
3450370334,inf,37147.007727
3702847252,nan,inf
2873157566,36988.759388,37022.968328
1546291681,36988.759388,inf
4221753336,41705.144621,inf
3034442856,39639.822478,37535.123236
1791661518,49917.782239,50875.076205
1485386486,36453.944183,inf
2779370045,36281.469803,inf
2126165572,55569.297691,57067.882472
2993043435,39758.184401,inf
641413604,37698.224841,37698.224841
642276089,37698.224841,37698.224841
3198761540,inf,10567.040593
2973113543,42446.000753,43599.157771
1920896464,43618.954328,44960.115053
1563492238,21984.839552,22004.843815
2577585848,40185.676575,40221.903344
3122213272,39434.766223,39434.871603
4190048781,12570.545404,12568.937775
3065348671,38387.749464,39913.348296
573808792,44144.468605,43962.966456
3123189015,39565.811689,39396.875056
2638811033,48198.213561,47929.735977
4282031712,39396.875056,39613.288309
2638814306,47929.735977,48528.345125
4283217767,39471.507167,39396.875056
2908950818,40354.874036,40865.969035
2495298328,inf,inf
2911214846,39688.459231,39940.750430
2913407038,39598.724994,40772.541766
803855217,33766.028562,34766.028562
3124411962,39433.158686,39396.875056
3081891959,40681.793311,40681.793311
3124440276,39431.529227,39396.875056
3124440276,39467.036337,39396.875056
3124444632,39463.962203,39396.875056
2326441354,inf,52875.076205
803929269,33763.963726,34054.854132
27637423,39471.507167,39396.875056
31159153,39396.875056,39413.910523
2451618819,nan,inf
1040198332,39471.507167,39396.875056
1128219342,-nan,inf
1042498301,39501.225534,39396.875056
98257501,28576.995784,28576.995784
3358501115,53881.351714,52875.076205
3134722840,14660.149997,14660.149997
1724665988,inf,inf
603753086,inf,nan
2007538545,nan,nan
625359945,34378.673570,34378.673570
2861249987,inf,37611.710143
4241721512,29430.946003,29430.946003
99515301,28750.645048,28671.555419
1082975925,52969.611849,52969.611849
4227008017,37568.371393,37601.824567
3661919789,39812.160348,39685.929322
620239391,45274.706007,47282.428833
2601889217,inf,22958.082210
1715287952,40295.556535,42436.592437
3070164202,39204.032960,39714.183317
620131617,44787.672175,45076.172632
2489408813,43197.385069,43977.895003
3070164264,39204.032960,40510.540161
1685790209,inf,42436.592437
620167516,45437.163019,44787.672175
803782253,34306.584631,inf
2913658567,39295.693925,39982.807303
1764239661,inf,35793.713711
24942017,39471.507167,39507.315680
2913658629,39295.693925,41100.110764
2306990181,inf,inf
3484705753,37698.224841,37698.224841
3485855771,37698.224841,37698.224841
3485855837,37698.224841,37698.224841
756385708,37698.224841,37698.224841
3485891705,37698.224841,37698.224841
2337712407,24134.744193,24136.502072
2559426202,39864.746474,39864.746474
27317929,22001.792486,inf
3125521653,38416.365574,39436.592437
2603211392,24570.268012,inf
3048687260,36137.544364,inf
2948086248,39833.187037,inf
2329351344,40748.348415,40909.785896
3040138609,40993.345718,41200.672741
4225284964,inf,50917.782239
2636735172,27602.106299,inf
963441648,53544.320516,51637.429921
2603283270,31000.317765,31005.988191
950767852,43106.165023,inf
3513115495,inf,-nan
3125668668,39436.592437,34357.697284
964771349,inf,50843.880798
2636738435,26590.044209,26590.044209
2973113543,42446.000753,42940.086461
62715877,18914.197230,18914.197230
3034694377,38387.749464,38435.960878
99942533,39471.507167,34357.697284
957352917,47263.750295,inf
2451495245,44088.068071,44088.068071
1541619845,36988.759388,inf
2412489381,47929.735977,47929.735977
2560680734,inf,43834.527200
1563706771,18914.197230,18914.760795
3164591704,40201.992350,40247.336125
1843992921,46348.229713,inf
3380047883,40621.829174,40686.704804
4239542137,21958.177413,21958.516212
3295880162,44173.835622,42722.419836
2911214885,39688.459231,39807.108469
2410920324,41373.676189,40816.281007
3893429019,42054.039206,37296.190679
2451493354,58067.882472,49917.782239
2951536198,36785.282754,36786.183601
3123079027,39471.507167,35626.294008
2496801563,inf,-nan
2375415765,43482.333340,43673.555240
53939025,38072.805021,38501.576844
643569786,32217.335685,inf
1038940441,39556.277081,38084.194855
3377993289,35708.714778,33378.681317
32201324,39229.888056,39396.875056
22250753,19963.495510,19963.495510
4159857022,28166.349842,28233.709028
213660038,33378.673570,inf
3380045705,40686.704804,40750.038652
2605760745,29999.294901,29999.294901
108136172,39517.953284,39396.875056
3376735494,35111.624574,33378.681317
573180947,23007.647190,33378.673570
4108983390,42928.718164,inf
4277216189,39471.507167,39329.844540
3857995464,inf,40976.590499
3067720481,39460.484019,39394.851807
2022592383,inf,39685.929322
764798233,41262.900579,39062.428212
1983528869,41422.522425,42165.363801
2938794316,9567.040593,9567.040593
3555657180,35636.091368,35636.091368
2836465958,inf,33378.681317
3610209489,inf,48028.557245
2599831135,12567.040593,12570.545404
3086387349,39443.120555,39789.778503
963693209,53544.320516,50843.880798
9037711,31005.988191,31005.988191
2436147740,19958.028576,inf
2338673885,35378.673570,inf
4248933739,39434.766223,39434.766223
2191836992,47028.557245,inf
3066534629,39709.537760,39874.746332
1394696345,44787.672175,44787.672175
62751745,18914.197230,18914.197230
2105382308,40816.281007,inf
3511965412,inf,-nan
3125667580,37841.493990,36085.491516
2636736261,26590.044209,inf
1311574072,inf,inf
2973113543,42446.000753,42677.137735
2436181134,21958.076154,21958.177413
1624562471,50917.782239,inf
2436253040,21958.076154,21958.177413
1798547313,51482.879720,52661.677467
853258840,51843.880798,51843.880798
4198992415,23190.786116,23249.639589
2329468959,40853.566452,41111.091560
2191872930,45410.394430,45756.223400
2436145134,21958.177413,21958.076154
3081683955,39688.459231,37109.935854
613700940,inf,44632.584398
2291151221,53107.480524,54107.480524
2879051268,40643.576613,38045.895158
2371968038,49917.782239,49917.782239
3897528249,inf,35378.673570
1936004220,inf,44787.672175
3929125234,inf,43834.527200
1342641546,42130.456920,42626.699132
4202334724,inf,21660.149997
3550764067,inf,44977.895003
18836738,21925.189250,21925.189250
2032527795,2567.040593,inf
2404127868,18958.021089,inf
2524730881,inf,33378.673570
3744037317,43465.396755,44465.396755
2611630517,inf,32217.335685
39784784,-nan,inf
3046134639,32217.335685,inf
1793728489,inf,53292.202509
2973113543,43014.195270,43599.157771
2127458252,58482.919972,inf
3067720520,39460.484019,39302.904672
3377993220,35708.714778,34116.994647
28787274,39433.708566,39471.507167
2465721285,21958.908473,21958.076154
1755759548,40816.281007,40816.281007
1798550580,51482.879720,52661.677467
4199890882,23190.786116,23744.108380
2467194702,21958.076154,21958.076154
854444761,51843.880798,52152.003093
2339829423,23744.108380,23744.108380
1141096903,53843.880798,inf
2468236875,21958.076154,21958.076154
882906794,45989.393639,52152.003093
1799479501,50740.672032,50264.243347
4200178343,23744.108380,22791.832815
2469314985,21958.076154,21958.076154
1764383380,35378.681496,35378.681496
3106799580,41975.178127,41975.178127
574546553,27373.094138,20913.625163
2638807624,34378.673570,inf
3450514115,inf,50917.782239
3853000221,inf,40976.590499
1540218361,41194.391047,41501.587426
2126382284,58067.882472,54569.297691
2633980988,inf,29281.286090
289615544,nan,nan
2471902449,21958.076154,21958.076154
4280777989,17913.623409,inf
103284743,39494.721197,39494.721197
25880388,inf,23007.647190
2933944767,49528.345125,inf
4111608969,inf,34378.673570
24658532,25082.096682,25102.010163
2470572780,21958.076154,21958.076154
259913767,43700.848289,inf
1288924419,36378.681496,inf
3115965676,38384.720383,38505.636997
1798549491,51482.879720,52661.677467
2339828330,23190.786116,23441.219255
1459011760,36378.681496,inf
3124267125,39633.605781,39396.875056
85958989,37378.727148,36473.236197
3082829588,38798.038451,inf
3518780168,50482.879720,inf
2339830512,23744.108380,23744.108380
22570207,39598.000631,39573.007273
86102669,37379.595086,34378.673570
4042619420,38505.636997,38500.037045
3677528478,inf,33378.673570
3196827193,35378.673570,inf
2450055683,41295.191835,41813.952611
570881013,inf,26632.431362
3548428160,50264.243347,51456.857675
4201076761,23744.108380,21499.316033
3549470327,50843.880798,50843.880798
2339869712,23660.149997,24025.505969
3369763711,37380.874705,inf
1800955092,inf,26571.506841
396473086,49528.345125,inf
3042655286,53969.611849,inf
918932026,43618.954328,43787.672175
3880878095,35378.673570,inf
4043841340,inf,37379.595086
1005783249,57067.882472,inf
2326441390,inf,50917.782239
574654391,inf,19913.625163
3451448514,inf,49917.782239
2965428854,36378.692774,inf
1451138586,inf,54569.297691
2374342059,55360.366972,49917.782239
3859073580,40853.566452,41103.886920
3613515729,inf,inf
4191378453,inf,inf
2836465889,inf,34378.681317
1353392419,50564.451448,51725.344977
3105469911,41975.178127,41975.178127
2452427525,41353.790533,41767.546492
4108984479,41878.828561,inf
3314170554,40367.793930,40441.963387
2127458252,58067.882472,59067.882472
3086424372,39460.484019,39134.918870
2977975785,inf,49917.782239
569856661,52921.569834,inf
2469530607,21958.076154,21958.076154
4286991083,39687.071653,39534.689030
85142324,53544.320516,50528.345125
2162117095,21958.052881,inf
2636544830,47775.767401,inf
2741135306,39685.929322,inf
3291893076,57745.954377,33378.673570
102170626,39480.195845,36988.759388
4261494823,inf,40837.039396
800403088,inf,34217.542972
1716516344,42096.514472,inf
3854186140,40816.281007,41009.773686
3040138609,41244.628192,41376.974236
1995450256,inf,49917.782239
3450478153,inf,35115.495994
574510748,21897.332630,51517.590193
2127458252,58067.882472,inf
3067756453,39460.484019,38848.237568
1358427952,35378.673570,51517.675232
1141556401,26587.328172,26587.328172
1920932432,43787.672175,inf
2908950886,40354.874036,41450.931536
2630459061,inf,20958.039203
4284331713,39609.701507,39615.548672
53939126,39114.406576,38072.805021
3892171262,39259.974792,39341.055507
1386690330,46679.276430,inf
2982365577,-nan,-nan
3417128682,inf,49917.782239
3048693790,36137.544364,36137.544364
3195710972,43893.131255,inf
2127458323,53969.611849,inf
3067792390,39460.484019,37785.709041
3419046945,42367.635510,inf
3541296019,inf,43643.019546
2908986784,inf,40354.874036
843105806,42390.800238,41390.800238
2959447655,inf,nan
2608200105,30999.294901,30999.294901
55636226,21995.961446,21998.747598
800366060,37698.224841,37698.224841
2151486277,21958.052881,21958.056547
3455774562,40221.903344,inf
40388015,42546.613201,42678.203310
4111290981,40537.673106,39748.348415
3379875620,42339.464029,inf
3315024330,40306.614656,40306.614656
4277324003,39471.507167,36544.891521
3086426550,39460.484019,37031.432908
1358429041,50969.611849,52416.668190
4281891970,16913.623409,inf
3125453046,39150.695827,39313.681061
1562480557,19958.958710,19968.046622
2120230519,50833.317196,inf
1038976378,39556.277081,36538.910949
874977808,42573.870513,44260.243509
2286843321,42017.066913,40816.281007
572318493,24015.115171,23312.370129
3449292230,inf,50917.782239
1766683311,inf,34378.673570
803856306,33766.028562,inf
2280720278,inf,19958.028576
1459263350,35378.673570,inf
3124269305,39598.000631,39621.127013
86066732,37379.595086,35209.419186
3082833944,38790.175503,38798.038451
919291691,nan,-nan
2603241888,23569.276127,inf
1561411162,15913.622650,inf
2472944622,21958.076154,21958.076154
2452571306,41683.345358,41353.174099
574402839,inf,22312.370129
2603208123,25985.718336,inf
22322685,18958.489823,inf
2441898048,41291.014971,40816.281007
3155097802,39556.277081,35626.294008
2280648404,21958.039203,21958.052881
4128843395,24135.183462,24135.183462
2559425113,39895.978762,39936.903736
22394533,17958.489823,inf
469964246,27571.506841,27573.264411
470036188,27571.506841,27573.264411
883311925,41307.211746,41463.791062
2599833318,12567.040593,12567.040593
3066570505,39443.120555,39874.746332
872502211,inf,41390.800238
67814890,37841.493990,35316.623242
964699474,inf,51843.880798
2973113543,42446.000753,42759.574694
3122071697,39480.416833,39489.334229
339308397,inf,nan
3085414871,38317.051090,37535.123236
2280720173,inf,20958.039203
54118811,38901.616061,37875.323070
800439025,inf,34378.681317
2645884087,46679.276430,48112.049408
3079233710,39223.999292,39223.999292
2408656359,41373.676189,40816.281007
2200352974,39144.483415,39385.522409
3402493657,inf,41858.100835
1252300260,35378.673570,inf
3553992531,42436.592437,inf
1540254298,41194.391047,41319.927151
2476325306,18373.056073,18373.056073
2337676470,24135.183462,24135.183462
2200107949,48544.320516,inf
2603211392,24985.718336,inf
2952369155,44108.722075,43722.137184
22394601,16958.489823,inf
1566187513,29024.245660,29261.994543
2329395993,inf,39685.929322
3040168010,41200.672741,41200.672741
2528400359,40141.836189,40186.090850
1046199748,39471.507167,39471.507167
2279606130,21958.060214,21958.052881
540603005,inf,44962.966456
3135872890,14660.149997,14660.149997
3164731100,inf,39685.929322
2974371979,7567.040593,7567.040593
2942567735,7567.040593,7567.040593
2974336007,7567.040593,7567.040593
347191286,inf,48725.735531
3126747868,39467.222217,39460.504770
3156099073,45964.267841,inf
4283217634,39442.421436,39471.507167
52968762,38319.377336,inf
56490549,inf,33378.673570
3270885562,57482.919972,52921.569834
1538996541,41744.998291,42613.433533
2865884769,inf,33378.673570
2069147530,2000.000000,2000.000000
2756231817,-nan,inf
1044870075,38391.083197,39471.507167
834694603,41816.281007,41901.169189
3315023241,40306.614656,40367.793930
2127458252,54969.611849,inf
3086425461,39460.484019,38404.176289
1394804191,43618.954328,inf
798925442,33571.318648,inf
2973365176,inf,42446.000753
2337531633,25816.435707,25853.878904
214633143,41307.211746,inf
2414693866,58067.882472,49917.782239
2449189506,14397.115591,14982.078092
1720542263,55067.882472,55067.882472
3182590714,39317.196769,40317.196769
2453758420,inf,40866.390069
2378145412,43828.717688,inf
565148874,inf,56482.919972
2937715704,43998.492231,inf
2289179226,40816.281007,40816.281007
2603409679,44471.507167,inf
2867388680,inf,51045.442497
2996493385,36747.141539,36747.141539
1237025188,inf,33378.727148
573534116,46616.060448,43834.527200
60771203,39396.875056,39150.695827
6450247,27988.301910,inf
1619675006,55969.611849,58067.882472
4272021149,28988.301910,inf
134581652,inf,50045.442497
3155096713,39556.277081,37370.905227
3204764111,5567.040593,inf
2687275850,45316.090842,45316.090842
2936710070,11567.040593,inf
3164623285,40748.348415,39685.929322
3315025419,40279.693701,40334.047528
1484416218,38455.120798,38455.120798
4279419423,44977.895003,44977.895003
2151517854,21958.039203,21958.052881
791953664,33571.318648,33986.356147
914038057,43828.889286,44018.058173
165435608,31600.738444,inf
3034406884,37789.722546,37734.255787
1790583407,inf,53875.076205
4277431846,35235.603958,39396.875056
2973113543,42446.000753,43387.358517
2452534391,inf,42986.393638
258799718,44700.848289,inf
2405450080,1000.000000,1000.000000
2285624730,41403.650502,40816.281007
3925448893,34906.260047,35471.559150
3417272393,54887.748002,inf
2072212424,46708.577393,inf
1078183676,39471.507167,39396.875056
3965150357,inf,inf
86030795,37379.595086,35920.888570
2968441775,42722.137184,inf
2939980268,inf,7567.040593
2405486018,inf,0.000000
1007005075,52875.076205,52875.076205
1342749431,42471.125611,43229.647530
2339907832,inf,18660.149997
2060774216,1567.040593,inf
39202090,42463.791062,inf
583385074,34056.746932,35056.746932
2561921961,8567.040593,inf
756422730,32217.335685,inf
1342677456,42801.099630,42471.125611
3550800032,inf,inf
4202370496,inf,20660.149997
3867043829,inf,39685.929322
886464594,44467.488963,44796.803700
2285284241,13958.015923,inf
803930358,33763.963726,34419.601421
3040138609,40993.345718,41321.001006
2597526812,22153.927285,23153.927285
2564258952,inf,3567.040593
834721833,41816.281007,41901.169189
1044870178,36988.759388,39471.507167
2562890082,7567.040593,7567.040593
4286991021,39687.071653,39608.869376
2067961641,1000.000000,1000.000000
3084191927,38751.621373,inf
2970993932,7567.040593,7567.040593
2405377118,1000.000000,1000.000000
2954449142,42828.889286,43090.711191
2575315283,inf,43549.774116
2561955713,7567.040593,7567.040593
800374772,35691.657698,35692.517104
1922154326,42463.791062,inf
3488083895,inf,34378.681317
2290971535,56151.800109,56151.800109
1832088083,nan,inf
3662775743,40185.676575,39685.929322
2065733514,1000.000000,1000.000000
2577617429,40748.348415,39685.929322
1087683643,53898.135735,56067.882472
144580301,29161.231856,29196.818584
3040138609,40993.345718,41200.672741
2597526812,22153.927285,inf
3591406616,nan,-nan
3017029164,inf,inf
882277140,inf,42436.592437
1213702801,inf,inf
3016130738,inf,6567.040593
842853397,44046.592340,44374.890446
2417196298,inf,inf
2286807382,41588.558923,41576.745021
570952887,inf,25623.232279
2339870801,23660.149997,24515.961000
3597050955,inf,25570.268012
2286434193,inf,17958.017316
3034406884,37789.722546,37535.123236
1790583506,inf,52875.076205
642527650,inf,35692.087337
4243076038,39420.560974,37379.595086
3596727519,27571.506841,27573.264411
616662704,inf,49917.782239
2995343403,36747.141539,inf
3164590615,40201.992350,40308.023347
1006070713,52875.076205,52921.569834
893372350,52921.569834,inf
3124297618,39598.000631,39548.439539
86138574,inf,33378.673570
2950314369,37785.733107,inf
143502252,30300.189993,inf
3040138609,41244.628192,41200.672741
1253563267,34793.713711,inf
756453222,33378.681317,inf
2290971570,56151.800109,56151.800109
2374418288,58067.882472,58067.882472
1685788031,43471.507167,inf
620131577,44787.672175,44924.722840
2567852651,14660.149997,14660.149997
3016130772,inf,5567.040593
1836382440,inf,26571.506841
3965330144,inf,17660.149997
3391820372,48932.199582,48241.018464
3297661050,42510.540161,42510.540161
2748359477,35378.673570,inf
104542470,39471.507167,39687.071653
29973197,39401.115101,39396.875056
790659996,41901.169189,41816.281007
2358847212,inf,16958.016904
2635130905,33378.673570,24958.621771
3765697216,42901.169189,42984.388146
1985828840,40748.348415,41650.836767
2561994924,7567.040593,7567.040593
733713776,inf,inf
88350738,31999.550549,inf
2066775688,2000.000000,2000.000000
2286506030,inf,16958.016904
103500297,39500.159403,39253.181378
2489516591,43197.385069,43197.385069
539396143,46281.099134,44787.672175
926398456,52698.327426,inf
3371057379,inf,34378.681317
3741701412,41833.075381,inf
2954449142,43018.058173,42828.889286
4122841987,25779.939765,25814.877679
3772619638,52959.358016,52959.358016
170410841,inf,50290.554995
104686218,39471.507167,39687.071653
2029520601,inf,inf
2971029809,7567.040593,7567.040593
2458888124,inf,inf
2605756389,29999.294901,29999.294901
2405378206,1000.000000,1000.000000
2954449142,42828.889286,43018.058173
588128795,51875.076205,32217.542972
3855363039,inf,45003.725506
3084196283,38747.141539,38751.621373
2598701630,inf,41307.211746
3373177732,36378.727148,inf
3164591704,40247.336125,40247.336125
2941202096,7567.040593,7567.040593
28823280,39471.507167,39396.875056
803967383,42911.312802,inf
2357697300,17373.054541,inf
1359612784,50969.611849,52416.668190
2954449142,42828.889286,42828.889286
170446775,49290.554995,inf
2995271556,37747.141539,inf
2069291286,1000.000000,inf
2559424024,39975.480926,40139.946860
2337636178,24137.836812,24138.658908
3510412506,inf,33700.601665
2911286755,39688.459231,37937.562386
1390078355,44347.606109,42722.419836
1044834138,38967.653158,39471.507167
1486716186,36380.440285,36378.921164
2066919444,1000.000000,inf
1394732282,44787.672175,44787.672175
1878161915,33378.673570,33378.673570
3867041651,40748.348415,40816.281007
886392720,44796.803700,45211.712545
4202478309,inf,19660.149997
1562377102,21914.760795,21931.225102
1685782586,44471.507167,inf
3069050150,39436.675412,39484.692139
471222077,inf,23569.276127
4243147946,39420.560974,39484.868641
1079200959,43698.898093,43745.201763
1794965725,nan,nan
1456587800,49479.870865,inf
2751522985,nan,nan
3034406884,37880.882488,37535.123236
1355767523,inf,49917.782239
334447034,inf,35370.147352
2102339992,42463.791062,inf
925743771,inf,inf
3517414564,51482.879720,inf
4198704991,23219.952287,26880.404469
3124440276,39431.529227,39414.098093
2952758083,inf,33378.681317
922346037,40323.181985,40425.171731
3928398068,inf,36378.681496
3156283727,39433.708566,39471.507167
277803278,43420.302333,inf
764865750,42984.388146,42901.169189
2402887159,40913.986755,42267.927508
2562021060,7567.040593,7567.040593
2953587747,43407.651663,43673.308314
585792788,35217.537738,34378.673250
2082396486,43834.527200,45003.620229
2334081680,19660.149997,inf
890928564,inf,49917.782239
3415697387,42463.791062,42618.954328
2291365938,inf,40837.039396
644719770,33378.681317,inf
2193238537,17913.623409,inf
3809228635,32862.660985,inf
895354103,inf,33378.673570
1394696385,44787.672175,44787.672175
1877299388,33378.673570,33378.673570
1498396931,52875.076205,52969.611849
2286506104,inf,15958.016904
3122040120,39420.560974,38065.767638
920435141,nan,-nan
2375408144,44721.864170,44919.982374
103536272,39500.159403,39042.368203
2347129181,6567.040593,6567.040593
2754021312,47775.767401,inf
2405301979,1000.000000,1000.000000
2953584476,45333.596521,46434.091095
2441789845,14958.016124,14958.016400
1014372192,57067.882472,inf
4128951209,24134.744193,24135.622865
2559426202,39864.746474,39864.746474
2200110127,46774.825617,48544.320516
1475040013,-nan,inf
539453087,46739.588510,43962.966456
3967218454,inf,43834.527200
932535891,48130.751311,inf
2603211392,24570.268012,25571.506841
2066739751,2000.000000,2000.000000
2953587747,43407.651663,43469.621855
2597528994,21153.402796,inf
2528400433,40141.836189,40186.090850
2291331082,41921.528240,40866.390069
1254671009,inf,inf
2069111593,2000.000000,2000.000000
4243111977,39420.560974,39452.356526
310882262,-nan,nan
2375411411,inf,43721.864170
104434730,38091.840559,39575.267001
3126776182,39436.592437,38687.318149
2865883677,inf,34378.673570
3693116220,44477.258674,49917.782239
2064511659,1000.000000,inf
641413670,37698.224841,37698.224841
3126943715,inf,nan
2610408662,inf,33217.335685
3761133289,47437.405312,42733.122329
3020138991,inf,34217.542972
1884240785,inf,51528.345125
2450447296,13567.040593,inf
2063217924,2000.000000,3000.000000
1716544658,42084.656374,42108.470845
2873730111,52078.669899,52838.616825
1836386800,inf,24570.268012
3595577499,27571.506841,27573.264411
105692488,39471.507167,39471.507167
63865792,18914.197230,18914.197230
1358420331,33378.673570,33378.673570
2972179925,7567.040593,7567.040593
2456123735,41776.263812,41892.216154
4188826995,12567.040593,12568.402497
3122179512,39434.818912,39646.751348
4188826923,12567.040593,12567.964580
3122179512,39536.897005,39646.751348
844004237,40295.556535,inf
4190048781,12568.937775,12568.937775
1393654243,44808.133541,44988.795736
62679871,18914.760795,18914.197230
1541583972,38022.968328,44731.092448
341261674,53959.358016,inf
2478733080,17958.017316,17958.021089
2337429261,25821.236781,inf
1048679400,39734.953057,38597.589379
3158653389,39303.388973,39428.230567
1682122457,42223.243604,inf
2856490809,41833.136540,inf
1884204786,inf,54843.880798
2610633047,35378.673570,inf
3223055779,inf,41307.211746
3204733619,7567.040593,inf
3155094535,39556.277081,39267.295496
17718631,34737.975396,33378.673570
2979079087,42599.157771,43438.304048
1906803706,inf,33378.673570
2972215793,7567.040593,7567.040593
4189905032,12567.040593,12568.864853
3594535363,27573.264411,inf
3657646334,14958.016124,19958.028576
921549192,inf,49917.782239
1443638678,inf,40837.039396
875013742,41788.703838,42110.681403
574510651,21897.332630,22897.332629
3450442283,inf,36129.908433
3853143975,40853.566452,41103.886920
1331798115,42678.203310,inf
4283181761,39612.622127,39456.891004
52932824,39319.377336,38271.320234
85115107,52843.880798,inf
2161260052,22958.082210,22958.082210
2372182572,inf,32217.542972
2070333483,1000.000000,1000.000000
2195538505,42885.623549,42885.623549
4189940970,12567.040593,12570.691422
1310513837,43083.108546,48544.320516
2965670608,inf,34703.643590
468778364,27573.264411,inf
3886529084,43640.516243,42846.506607
2332752012,15660.149997,15660.149997
2195510191,42885.623549,43052.718773
23756126,39649.961336,39547.846487
87216689,inf,35378.673570
3966372256,15660.149997,15660.149997
3890985276,39947.748225,45341.954069
2406284477,41373.676189,40816.281007
2872079457,37215.643590,37126.244045
4091001730,24137.238809,inf
2979997422,43388.580876,43388.580876
2427915622,17958.017316,inf
104470595,37811.928905,39575.267001
3657574454,15913.622650,inf
165651157,31183.024224,32191.069331
2989449762,38384.720383,38384.720383
3966336277,inf,16660.149997
3732323455,43052.718773,inf
2329532118,40748.348415,40909.785896
3657538517,16913.623409,inf
2290441374,41921.528240,40866.390069
104470595,37811.928905,38439.460595
2063325742,2000.000000,inf
17578937,inf,14958.016124
2451279660,44088.068071,44257.931721
2257431059,nan,nan
2989306078,38384.720383,38384.720383
3124549176,39396.875056,39405.367645
800339924,37698.224841,37698.224841
2498239139,inf,inf
1479492783,57067.882472,57067.882472
2635238777,inf,23958.603144
2486855234,41625.918715,41358.676546
2122784225,32217.335685,inf
3123327319,39647.440704,39346.096923
2087098784,inf,-nan
2429101481,inf,15958.016904
957358362,44897.754606,inf
3892207135,39341.055507,39178.572718
2450235460,41790.401676,40816.281007
571060698,34378.666210,24624.881355
3122110906,39307.958564,39413.910523
3373429290,inf,33378.681317
3590400480,-nan,inf
3016130809,inf,4567.040593
471186143,inf,25570.268012
883949001,51843.880798,51843.880798
4201076833,23744.108380,20660.149997
2444233565,15958.016904,15958.016904
804863632,41816.281007,41901.169189
2358883151,inf,15958.016904
1359612784,50969.611849,50969.611849
4190048781,12568.937775,12568.937775
1766719251,inf,33378.673570
3124414142,39422.787334,39396.875056
2029376787,59067.882472,58067.882472
2984809393,nan,inf
2405163678,1567.040593,1567.040593
1561374133,18913.623875,18913.910524
4244154148,39480.416833,39498.307088
16393022,16958.253344,16958.253551
4285517666,39647.440704,39490.786898
308474549,33378.673570,-nan
2087097695,inf,nan
2429065537,16958.016904,inf
1332366770,inf,33217.335685
885314614,51843.880798,52152.003093
2764482725,52959.358016,52959.358016
4201292424,23660.149997,26880.404469
917771926,inf,34378.727148
1801811050,inf,24570.268012
968185363,inf,49762.056857
2264117338,inf,41858.100835
3034406884,37880.882488,37703.982009
1790619344,inf,50917.782239
55708158,20984.839552,inf
238488203,36378.681496,inf
917849560,42877.320016,43002.972214
2372153170,52875.076205,36539.463086
4283013187,-nan,inf
3966336349,inf,15660.149997
2029484598,inf,58067.882472
3373429221,inf,34378.681317
16464954,15958.016851,inf
3553812877,44471.507167,inf
1540218299,41367.778869,41501.587426
3445698559,52969.611849,inf
329772394,inf,49917.782239
1043732689,52875.076205,52875.076205
3661921967,39914.271322,39685.929322
2449225473,13982.078092,14982.078092
696658953,34378.673570,inf
1562303050,16958.016904,16958.253551
167987136,32001.733283,32001.733283
1715285774,41084.656374,inf
3661917611,39796.294276,39685.929322
3299175608,51875.076205,inf
4280706057,18913.910524,18913.910524
2291297328,inf,40837.039396
1254630720,36378.681496,inf
104470595,36988.759388,39575.267001
168957364,30999.550549,inf
2453828119,41309.189061,40866.390069
1008722335,50843.880798,inf
1040126334,39550.025491,39562.555879
887758326,51989.731665,53544.320516
1343791503,41816.281007,41997.025081
1156310652,39303.388973,39505.003497
1704989539,35233.234585,35237.977229
3970181829,43223.243604,inf
3510800052,inf,inf
2856490809,41833.136540,42881.177976
2288806000,inf,14958.016124
110651798,39556.277081,39404.562732
1359286088,inf,34378.673570
3065420585,39849.635381,39849.635381
1541404223,44731.092448,39009.235520
532589120,45517.065193,inf
2560649153,45003.725506,41705.144621
29937322,39401.115101,39398.993521
804861449,41816.281007,41901.169189
2358775379,17958.017316,16958.016904
2645885176,46470.761519,46923.103889
2830715965,38381.623544,41405.701209
2950386216,36785.733107,inf
22606174,39598.000631,39456.891004
108100232,39456.144356,39471.507167
3376735425,35111.624574,34002.821394
3204735797,6567.040593,inf
3155095624,39556.277081,38640.098542
800404177,inf,33217.335685
3449220351,38176.013923,35115.495994
2873760605,52078.669899,54544.320516
2879015296,38383.596776,38045.895158
965461911,inf,51875.076205
4284403624,39471.507167,39396.875056
2493351613,nan,inf
1077979101,44948.648118,46007.939251
761300831,nan,inf
1044834138,38832.433671,39471.507167
1044834138,38967.653158,39259.305981
1486716117,36380.440285,36380.440285
2465972837,21958.627184,21958.405248
278917325,41390.800238,inf
878464781,42942.823578,29999.294901
4167871046,23991.792482,inf
171401144,inf,29999.294901
2952686182,37937.147529,35378.681317
803749579,48360.589715,48360.589715
23792031,39433.708566,39471.507167
2865956643,inf,33378.673570
922344948,40323.181985,40398.990426
3491603755,inf,40908.277715
3156281547,39452.484080,39396.875056
2481276066,44420.302333,inf
2405448992,1000.000000,1000.000000
3966551904,inf,inf
2836430050,inf,35378.681317
2811353936,inf,34217.542972
1015378396,52898.135735,inf
3028513254,inf,35378.681317
3488083826,inf,35378.681317
4244297863,39373.804612,39396.875056
3373393350,inf,35378.681317
919251398,34378.681496,34378.681496
2603207034,26988.301910,inf
97226998,43920.375426,inf
2865882588,inf,35378.673570
3164588437,40277.360657,40420.855631
89428784,29999.294901,inf
3314133528,40666.744867,40783.407061
2972773985,44169.484975,inf
800437936,inf,35378.681317
107956515,39516.826750,39468.247009
2965634671,36332.910033,34453.222671
2529667452,44862.640332,46686.646778
1038904504,39556.277081,39026.650993
2485884872,41165.541556,41624.937552
1331252690,inf,34217.542972
3487077590,inf,34217.542972
3086638910,39849.635381,39849.635381
1738159291,inf,34217.542972
3313837081,inf,inf
53974999,38072.805021,inf
4284331752,39609.701507,39452.484080
2879015296,38291.476734,38045.895158
2371964772,52875.076205,52290.113704
838073775,inf,34378.673570
3136538932,34217.542972,inf
761300790,-nan,inf
834689156,41901.169189,inf
1044834138,38832.433671,39116.869552
3171306232,nan,inf
2752409276,35115.495994,35129.908433
760366534,nan,inf
1043720130,39106.122079,39396.875056
2166697062,36231.851483,36231.851483
1486716117,36381.327638,36380.440285
2465757285,21958.614807,21958.614807
2466044751,21958.405248,21958.405248
84808905,inf,36378.673570
3219498046,42942.823578,30999.141711
3552313708,inf,inf
3040170188,43858.643728,40008.768171
2836394016,inf,36378.681317
3062848731,44052.232531,inf
3926634814,57652.844973,32464.394599
756420553,36378.681317,35228.131623
3086638910,39849.635381,39849.635381
2443125478,42436.592437,inf
4092828314,inf,42986.393638
643461976,36378.681317,35228.131623
109178347,39471.507167,39396.875056
3126855680,39508.443674,39468.247009
1358429041,53067.882472,35378.677533
2403101690,41151.479944,41303.075812
3126853500,39541.176195,39396.875056
1991722504,41303.075812,41396.019286
109358066,39471.507167,39436.592437
3377849471,35708.714778,35715.504211
743880204,35571.319780,inf
3028513213,inf,36378.681317
3661880585,39724.410789,39756.126565
2530852284,44810.981440,44990.082777
3027363232,38387.749464,38401.115101
64185284,38196.779132,39396.875056
1910253617,33378.673570,33378.673570
1489123964,inf,34378.681317
2167564999,35228.131623,35228.154764
1142210884,50528.345125,inf
3046101974,35228.131623,35228.131623
1141132814,51528.345125,inf
3083947988,38387.749464,38387.749464
849737013,51843.880798,51843.880798
2338893968,23970.612759,24272.010094
1430291862,42306.676384,42774.241950
878536660,42618.954328,42700.848289
912964302,inf,inf
3123330586,39647.440704,35626.294008
56310964,37378.727148,36473.236197
4285625450,39647.440704,36556.069790
2398018578,15958.016904,inf
2985927869,38401.115101,38387.749464
3123329497,39647.440704,37396.454531
56274929,36858.845479,36858.845479
278773578,42390.800238,inf
103212837,39494.721197,39494.721197
2608170702,30999.294901,30999.806242
3417092707,inf,50917.782239
3048688345,36137.544364,36137.544364
1109644344,28618.986078,29618.986078
3477717554,inf,nan
65407140,37513.928488,39471.507167
2413543723,41291.014971,40816.281007
2835244133,37378.727148,37378.727148
873687343,45255.900732,inf
3925664515,35378.681496,33464.394561
2834165956,37378.727148,37378.727148
587050650,33217.541227,51875.076205
2954449142,42644.027693,42953.868905
2605694316,30999.550549,inf
3411859548,42280.068719,inf
3314132439,40723.897063,40723.897063
2972702181,45340.490489,inf
1924274605,inf,41307.211746
3621923498,44629.361797,inf
2676922274,8567.040593,inf
110651759,39556.277081,39478.426532
3688156913,inf,48470.761519
1359281728,35378.673570,35378.673570
4115020015,inf,53544.320516
109322124,39471.507167,39471.507167
2021334594,40984.388146,41054.039206
2529705567,inf,42536.883931
2287883316,41485.524753,40816.281007
2349716773,inf,3567.040593
1329994896,35228.131623,35228.131623
1910289593,33378.673570,33378.673570
1885500155,44990.082777,inf
2127534443,33378.681317,inf
2810203955,35228.131623,35228.154764
4090384640,46360.108002,inf
3125556503,38675.480754,38196.779132
1909139607,33378.673570,33378.673570
1489123895,inf,35378.681317
1487973914,36378.727148,36378.727148
3046032274,35228.131623,35238.344008
144652233,27986.114894,inf
2928285617,50222.392421,51544.320516
3746229548,41281.427568,inf
849593261,51970.673329,inf
3123328408,39647.440704,38692.984115
55304669,36864.948588,inf
2482290872,18373.056073,18373.056073
2957393956,inf,33378.681317
2957357994,38403.572878,35378.681317
2957357953,38403.572878,36211.500931
2559425113,39936.903736,39936.903736
166693433,30999.550549,32423.935286
2608061796,30999.550549,31546.017692
166657393,30999.550549,31393.278103
605945242,inf,nan
1794995127,-nan,nan
1249789883,34793.713711,inf
4158419576,24137.238809,24145.263594
2788222284,inf,nan
4130244941,24137.238809,24145.263594
2559456698,39981.223699,39748.348415
1750422174,45003.241293,44977.895003
3887427515,43553.395117,43621.422308
2448131842,-nan,inf
1359426565,35378.673570,51622.436667
3125597884,36711.350776,39471.507167
2877829411,40681.793311,42681.793311
3377780585,44153.556957,44153.556957
3218240254,42659.320302,35991.102526
1385226929,44003.188086,inf
1120840861,inf,inf
1738103036,52544.320516,inf
1358429041,35378.677533,35378.677533
3380050061,44146.055461,39685.929322
4287026958,39687.071653,39396.875056
1078255491,39471.507167,39471.507167
2349716645,inf,4567.040593
4124207584,26853.878904,inf
3062992375,43915.269582,44203.575196
3926742584,57067.882472,33378.673570
54154684,37901.616061,inf
4285517604,39647.440704,39568.964477
2291151258,53107.480524,inf
1287667510,34793.713711,inf
2879087269,37045.895158,inf
2166704682,35228.368607,35229.097388
2127497422,36378.681317,36378.727148
2781670044,35228.732951,35228.368607
2781669975,35228.368607,35228.550767
3046098707,35228.143193,35235.082822
2872151331,37126.244045,37126.244045
2935058776,inf,44977.895003
2396940499,16958.016904,inf
1352351333,inf,nan
3927784798,inf,30641.227741
3083080056,inf,34378.681317
878460430,42763.448779,34994.076136
1821353487,38143.366616,inf
3123228221,39612.622127,39592.709459
51854716,38251.974368,inf
2496304684,35378.673570,35793.711069
2559424024,39975.480926,40055.099362
23828037,39471.507167,39396.875056
3590120772,inf,inf
3082938488,inf,34378.681317
166657468,31247.063335,31546.017692
165651231,31183.024224,inf
2861320766,37671.868177,37671.868177
4130209001,24134.744193,24141.245622
1816914232,-nan,nan
2788216839,-nan,nan
3893572738,45341.954069,35161.396904
3893500893,42054.039206,36160.154295
1738102997,52544.320516,53544.320516
1608772862,inf,nan
3677492537,inf,35378.673570
425808788,50917.782239,51875.076205
3084012242,inf,37379.595086
2374426963,inf,inf
2916102282,41194.833137,37379.595086
2876966950,38997.283137,41432.001569
4091678271,44153.556957,44153.556957
3073578216,40554.952128,37379.595086
1120804929,inf,37379.595086
3084085205,inf,37379.595086
2292301201,inf,49917.782239
23756165,39649.961336,39452.484080
87252626,inf,34378.673570
3590012956,57067.882472,inf
2952686143,37937.147529,36153.054697
3064090912,39822.216633,35115.495994
3024991453,inf,33378.681317
2781669975,35228.459684,35228.550767
2127488703,36378.921164,36380.440285
2781669975,35228.505225,35228.550767
1737009314,35235.082822,35235.082822
4119463834,24137.238809,24137.238809
2981219215,inf,inf
2200324660,39382.029722,40109.528860
485770526,inf,33378.673570
3069050189,39436.675412,39534.362175
20130465,inf,18914.197230
2404164322,57067.882472,55360.366972
2488266939,46060.404777,48099.530657
922375440,40221.903344,40221.903344
2676850461,9567.040593,inf
922374351,40185.676575,40290.120613
4000189941,44790.187854,inf
777116125,36228.051832,36228.051832
1793763338,inf,52875.076205
3125019345,45362.686287,inf
3450226652,inf,49917.782239
2946936295,40833.187037,inf
3592528548,34378.673570,34378.673570
3082971158,inf,36937.147529
1820131661,39167.190274,inf
2419215345,inf,34378.673570
2338609740,28233.709028,24134.744193
372537450,inf,49917.782239
3415798946,54061.318085,53969.611849
2559461054,40816.281007,39748.348415
2559428384,39878.130212,39748.348415
2337715674,24134.744193,24141.788598
2337714585,24134.744193,24138.262096
397659042,49555.570861,50861.325933
3413750565,53855.791685,inf
2126381190,56745.954377,57067.882472
2411594974,inf,inf
2337645978,24135.183462,24137.836812
1962250249,36793.713711,inf
1754677082,nan,inf
1309399887,43476.477531,43083.108546
1364638161,57482.919972,inf
1507025147,inf,39685.929322
1479492850,57067.882472,54569.297691
1414936777,inf,45003.725506
1507022969,40748.348415,40816.281007
1054512555,-nan,inf
3486969817,inf,35692.087337
844141684,46110.114912,inf
568670802,52921.569834,53921.569834
3929186341,52012.579729,27639.486761
2281376353,58067.882472,inf
1884240785,inf,53843.880798
3197867474,13567.040593,14567.040593
4112650046,inf,inf
2987077921,38384.720383,38384.720383
2573429486,inf,49917.782239
2987077852,38384.720383,38384.720383
2915850723,38280.583617,38597.589379
4091534587,44153.556957,inf
3072500106,38259.506116,38597.589379
2575765392,inf,34378.681317
800373684,inf,36693.431871
4111292066,42417.402350,39748.348415
40391282,42465.798488,42546.613201
3157575273,inf,38384.720383
3064054906,39822.216633,36082.499267
2337528366,25859.716860,25844.426606
3061806493,46796.595460,inf
3925556704,45474.750438,34124.911619
213483101,43618.954328,43787.672175
2166700329,35228.505225,35228.527996
485770460,34378.673570,33378.673570
3086427639,39460.484019,35235.603958
4277395840,36163.760675,35235.603958
2907729025,40646.900849,35115.495994
2865021193,37379.595086,35209.419186
4285733293,35235.603958,39396.875056
2292265268,53875.076205,52571.566153
2907693019,40643.576613,36106.602204
2865020104,37379.595086,35920.888570
4285697287,36163.760675,35235.603958
1039048215,36163.760675,35235.603958
2040990524,51544.320516,50222.392421
3745079528,42309.189061,42403.073147
886608376,51843.880798,51843.880798
1562414132,inf,19914.760795
136386657,28549.007840,28605.537447
209994465,33378.673570,inf
3293404863,43141.704053,43141.704053
98401250,28605.537447,28549.007840
3552842553,45471.507167,inf
3445590748,54569.297691,inf
2126379011,56745.954377,56897.957471
1015522144,52875.076205,52921.569834
1246980464,54251.199005,inf
4260344875,42485.337236,inf
1479456950,57067.882472,58067.882472
2831650332,38381.623544,inf
2487009760,40781.914903,inf
2103467430,47775.767401,inf
2374346412,inf,inf
2162231440,inf,28281.286090
4285553576,39647.440704,39092.680174
3123255445,39612.622127,39532.929417
2864914472,37864.948588,38763.099003
923892716,51875.076205,51875.076205
2341089398,29430.946003,29430.946003
2563055100,49335.107968,40866.390069
2985891933,38384.720383,38394.416805
2914736676,38518.576609,41100.110764
3034370946,39639.822478,37761.722619
536985099,inf,43962.966456
900061889,-nan,inf
1434826510,-nan,inf
3625885702,-nan,nan
2954491612,41307.211746,47207.313467
1874862699,45514.917107,45514.917107
3376663616,35106.415975,35111.624574
2528774468,46348.229713,46348.229713
1358429041,50969.611849,36378.670706
2337672114,24135.183462,24137.836812
2559425113,39895.978762,40015.118065
2865022282,37379.595086,34378.673570
913064272,36378.727148,36378.727148
2414909488,inf,55897.957471
2292265305,53875.076205,50917.782239
3080706035,38825.312880,38045.895158
965497839,inf,49917.782239
3897528249,36378.681496,36378.681496
3555619913,inf,inf
3137581067,inf,32217.335685
54118710,37875.323070,38301.671934
3611251662,45756.223400,inf
2876751265,39333.227816,inf
3071242311,38461.021063,40510.540161
3503454359,47263.750295,-nan
2498203106,inf,-nan
1081393113,inf,41329.998100
3035628839,39849.635381,39849.635381
2127458214,36381.105749,36386.557167
3315031953,inf,39685.929322
2166663307,36234.110836,36234.110836
1486464628,36381.105749,36386.557167
2577589115,40185.676575,40185.676575
1002152129,33571.318648,inf
1087647708,57067.882472,inf
3034478857,36978.354421,38453.704550
843026545,41463.791062,41653.212827
2869743585,inf,inf
834725095,inf,inf
1045157606,39471.507167,39471.507167
1547477604,inf,inf
1542805798,48544.320516,48544.320516
2873265373,inf,inf
1047493410,39690.930801,39514.332526
1486716117,36378.921164,36380.440285
2166698155,35229.337584,inf
22642180,39471.507167,39396.875056
484800191,33793.711069,33378.673570
138506974,28605.537447,28605.537447
1343827436,41942.178711,42054.039206
2373229101,55360.366972,49917.782239
18908670,20914.760795,inf
136314783,28576.995784,28576.995784
1007112886,inf,50884.984241
1048607495,39725.735531,39214.690511
956947923,35378.673570,inf
3359651095,inf,50917.782239
99371548,28710.558332,28605.537447
1793733936,inf,50917.782239
1822683181,35129.908433,44354.496581
572138808,inf,23624.881355
2559458876,40185.676575,39748.348415
3040133161,41488.004248,41744.998291
3445554779,52875.076205,57067.882472
325100617,inf,33378.673570
3042472336,inf,49917.782239
3809408319,34009.091209,32612.550794
166729268,32005.407556,33015.903682
166801180,32005.407556,inf
3809264532,33165.417285,32612.550794
3889835293,43493.532211,42672.335151
2257090746,41515.937449,inf
841847984,41815.604889,41815.604889
3040133161,41488.004248,41744.998291
2450369157,46687.071653,inf
2873695266,53959.358016,inf
1716514166,43096.514472,inf
2603265955,45664.006806,inf
841915764,35378.673570,35378.681496
3476056728,45687.071653,45687.071653
134725400,inf,47999.762971
2473160244,21958.076154,21958.076154
2575288058,44549.774116,41307.211746
4282862275,14958.016124,19958.028576
2407641153,46687.071653,inf
2564119850,42020.061147,inf
1673581194,53921.569834,inf
4136246737,43096.514472,inf
3482333910,39757.398405,39757.398405
756244138,39768.449509,39835.713332
1835053860,inf,44977.895003
2341056728,29453.295554,34965.965947
3112677733,39064.933924,39047.282055
77770098,56067.882472,inf
3112677671,39064.933924,39056.080993
3126779450,39575.267001,39575.267001
3158656657,39471.667564,40471.667564
1156382586,39471.667564,39664.592107
1125620489,39421.800624,inf
3123076849,39471.507167,38603.289894
802596332,38458.321528,38330.016915
4165535068,24134.744193,24135.990962
3195600979,inf,inf
922346037,40425.171731,40373.275789
3551882215,inf,33378.673570
2025747219,inf,inf
922343859,40435.439814,40435.439814
3709177942,35378.673570,35378.673570
3927248084,inf,35378.673570
2455015130,35378.681496,35378.681496
2577401807,42383.256701,41368.264389
3662783366,inf,46289.899448
1891535077,53522.518023,inf
963280336,inf,42463.791062
2374480316,41824.516710,42064.372245
2976367784,48155.189605,41862.323537
3187442274,38272.733139,38272.733139
2453822678,41070.867577,41212.058830
2451684159,inf,-nan
1041312317,39487.761434,39608.869376
1770302621,inf,44001.488207
2290439191,inf,41299.573816
276653265,45581.797974,inf
3664436865,41866.390069,42064.372245
1989350696,41029.098302,42084.271033
764798233,41262.900579,39886.247070
2599641139,inf,45388.580876
2120229431,52836.161506,inf
3734515574,41942.178711,41307.211746
1247231949,52836.161506,53836.161506
2958156105,inf,41942.178711
2873586371,inf,54959.358016
3777443355,45296.208627,inf
566448987,34624.499261,inf
3164589526,40342.292894,40342.292894
3164587348,40347.324822,40454.099371
2450766362,inf,inf
1952505511,inf,inf
3164586259,40347.324822,40426.655787
2263075236,42942.178711,inf
1086280545,inf,41329.998100
1165701315,-nan,41329.998100
1677849139,inf,-nan
840518316,42481.440502,inf
2329501627,41046.067356,41164.120843
765765258,43659.320302,43828.889286
2858718904,inf,40453.285153
4145638405,45003.725506,45185.584998
890856723,44093.001881,50917.782239
2813577972,52544.320516,51843.880798
2576257268,44153.556957,41307.211746
3157464581,inf,43623.499279
651957159,44978.240491,inf
764869015,41816.281007,inf
2452607401,inf,33378.673570
1252156512,36378.681496,inf
1987050693,41285.665694,42267.927508
3625189623,inf,23569.276127
917772018,inf,33378.727148
4235089218,6567.040593,6567.040593
4256425478,inf,inf
2286623343,42077.691942,40816.281007
1861028588,inf,45784.896146
612944184,42054.039206,42377.670428
4212379891,inf,35378.673570
1648767041,45075.676760,44540.796276
2560643708,42565.502942,41705.144621
1216548086,33793.711069,inf
2336495989,24567.133713,24567.133713
1989350660,41029.098302,41462.293277
3164589526,40277.360657,40342.292894
3310396080,inf,49917.782239
1358429041,35378.677533,52705.839362
3368577792,37378.944084,37798.200152
3449004802,35967.184322,inf
1041384189,39687.071653,39396.875056
877457457,38272.733139,38272.733139
3270884473,53861.724193,52921.569834
686059130,49917.782239,50207.288856
564142679,57482.919972,53316.381695
4127621533,24137.836812,24134.744193
2559424024,40055.099362,40055.099362
2337610041,24137.836812,24138.247801
3063044206,-nan,inf
2337570837,24986.891461,24848.538028
2559353243,40055.371540,40257.920230
1040189880,inf,41921.528240
1442488663,41921.528240,inf
1252332926,inf,inf
3040135339,41116.620500,41276.593996
2329321942,41046.067356,41164.120843
1875572415,35378.673570,35378.681496
24977954,39471.507167,39396.875056
755154238,33859.137967,inf
638790168,39757.398405,39757.398405
800223402,41406.430328,39768.449509
3080670097,41681.793311,inf
1388712748,43272.818945,44003.188086
3085377846,39849.635381,39952.813193
3085376755,39874.746332,39900.302107
2935282603,inf,49917.782239
536949159,46739.588510,44766.443775
3358644924,inf,49917.782239
1480750643,inf,51875.076205
1423274202,43004.595676,42436.592437
3040279090,41474.547766,41884.340925
3040138609,41259.582737,41200.672741
3040138609,41259.582737,41229.827073
1983313249,41261.781783,41925.553267
764798233,41262.900579,40587.688768
3124448989,39464.434851,39460.657997
803926002,33763.963726,33797.358514
1847581951,41887.188717,43102.451247
346328791,inf,49725.735531
2343569051,inf,30430.946003
4229092360,37748.348415,37781.914903
969055702,38550.062460,inf
2489334885,41453.191208,40816.281007
2127273088,57067.882472,57067.882472
2088093473,44793.310305,inf
1995414290,inf,52875.076205
1359613873,inf,inf
1476524964,44106.165023,inf
2520061021,41686.465820,40816.281007
3628384031,inf,40866.390069
2484483329,41284.043737,41454.761837
2347416673,5567.040593,inf
1423130422,inf,43222.602274
2336522129,24586.137830,24648.746527
2870749821,36988.759388,37143.237373
3270782110,55897.957471,54897.957471
2522612551,41205.501725,41243.788746
890001933,inf,40748.348415
4209864332,inf,inf
2288033598,41291.653864,41413.134661
2868509261,47999.762971,46784.896146
1685746247,45201.103297,44327.802276
798889567,33571.318648,34571.319214
1359427654,35378.677533,35378.677533
3125706783,39471.507167,37095.684648
3185178178,inf,41307.211746
1041312255,39487.761434,39569.374663
1138884995,35378.673570,inf
810248741,44191.837711,inf
922342770,40435.439814,40530.649918
3187220553,42466.431463,inf
2375705486,51907.660491,52875.076205
3126241102,49028.557245,44213.021095
2188362114,inf,54810.281033
2646109517,inf,44222.602274
1544890108,42166.145349,42166.145349
2122673148,35228.472647,35229.033938
3270783199,inf,54897.957471
2523618754,41528.921452,40816.281007
2957003943,inf,nan
4131737197,inf,33378.673570
3297534364,inf,44977.895003
2978883281,43566.614062,43223.526065
71300743,39436.592437,39471.507167
1359428743,35378.673570,35378.673570
2484627140,41699.296606,40816.281007
961023928,44566.718002,45201.103297
2598488636,inf,43834.527200
2290325943,42261.429850,42513.603402
507388043,51544.320516,inf
922373262,40255.608813,40318.672262
2489227075,41313.599856,41383.853699
2489263043,41313.599856,41317.696368
3750547662,-nan,nan
2537887802,35378.673570,34056.747060
2061504531,55360.366972,49917.782239
3778701142,45047.621897,45359.805014
954543411,36378.681496,inf
2267854723,45369.390951,45579.370782
2122675326,35228.148978,35228.796388
2286770358,41582.888181,40816.281007
561591148,inf,55312.994970
756345415,37698.224841,inf
1360579816,inf,inf
2083613987,inf,nan
3647988264,41396.875056,inf
1738159360,inf,33217.335685
2637656699,47775.767401,inf
2975701009,44994.768951,45060.975617
3592608047,nan,nan
3155132650,39550.025491,39600.813570
3628382945,inf,41866.390069
1510548056,42471.507167,inf
1757204960,nan,-nan
2938876304,28573.264411,28573.264411
891008194,inf,39685.929322
171453086,inf,47683.098668
2575285880,42339.464029,42339.464029
1505803289,36378.635468,inf
171417074,48830.185946,47683.098668
2290258425,41855.300985,43020.061147
2141596591,47687.071653,47708.577393
220523067,nan,nan
571096601,50959.358016,33378.673570
2701635219,inf,48929.735977
3452793692,39835.713332,inf
3451607845,39835.713332,40861.574437
77734229,inf,57067.882472
1854721191,43462.381731,inf
3122179512,39536.897005,39590.778818
1529132775,43810.981440,inf
1125548644,40427.217178,inf
4277252129,39471.507167,38973.049043
4248790021,39434.766223,39434.976990
802561485,40194.512523,38551.901986
2953587747,43407.651663,43407.651663
922343859,40435.439814,40435.439814
3705656186,inf,35378.681496
2450307379,35378.673570,33378.673570
2024669040,49917.782239,49917.782239
922341681,40482.259589,40572.406784
99886302,41307.211746,inf
3704901963,35378.681496,35378.681496
3492789607,41054.039206,41054.039206
1043684096,39852.333706,39192.076588
3448874621,41788.282034,inf
2447827682,41736.728784,40816.281007
3744309505,42951.330475,41307.211746
2286733330,41736.728784,41355.644318
3744309434,42052.642410,42951.330475
2374481404,42064.372245,41840.743657
2374475960,41948.229268,42031.897922
2570201117,inf,inf
2453823766,41212.058830,41109.918402
3625706016,nan,nan
1041348183,39534.689030,39687.071653
1770338486,inf,43001.488207
3185106342,38319.817017,42463.791062
2453793275,41160.084883,41216.902211
3311466567,inf,49917.782239
2568791560,42513.603402,41388.506933
2568611939,42287.194995,41388.506933
2565161960,42382.013842,41388.506933
2290221395,42381.982196,41388.506933
2141668398,47691.620922,47725.735531
3181584480,39784.519944,40737.718119
3664472801,42064.372245,41951.330475
877279954,40761.354444,41453.675648
1871226040,49917.782239,inf
2453748623,42006.744475,42043.403474
1990320963,41151.479944,42381.220334
764825451,42984.388146,43996.831870
764798233,41262.900579,35230.260004
2402882803,41533.615624,41840.651571
764789517,41732.856444,41732.856444
2195574442,inf,41683.246317
44328999,-nan,inf
1509178027,56482.919972,56482.919972
1247196052,53251.199005,inf
2200217938,43942.891354,42054.039206
3129727125,43054.039206,inf
3451102683,inf,43001.723731
2560609949,40521.189863,39748.348415
4168763163,43787.672175,43001.723731
2405174917,52855.487651,inf
3164587348,40454.099371,40399.724517
3164585170,40465.114011,40465.114011
40950856,inf,nan
3163727038,40465.114011,40582.325935
2065321581,44258.776862,44881.537045
2261889250,44054.039206,inf
1086208677,inf,42329.998100
756419467,35691.657698,35692.517104
1165629447,nan,42639.302637
2405397306,inf,42536.883931
191851869,inf,inf
539110828,42633.579476,41942.178711
1044192084,41868.252732,41307.211746
539177256,42377.670428,42213.021095
1047570198,42618.954328,41307.211746
2369702920,36378.237578,45080.331129
2571317931,41307.211746,41307.211746
3384377004,41307.211746,inf
2576255090,42119.383215,42280.068719
2643844391,inf,41307.211746
2643842213,42463.791062,41307.211746
1347375217,41878.828561,41307.211746
2337716289,50912.712488,inf
2046424469,inf,41307.211746
2140518453,47700.074245,47738.261039
2570275765,41463.791062,41307.211746
1986799137,42267.927508,42267.927508
540510188,inf,41307.211746
2577403985,45307.385854,41307.211746
4235083773,6567.040593,inf
875157493,41307.211746,41463.791062
2576472890,45322.698657,41307.211746
873823465,41307.211746,41463.791062
3105433971,41975.178127,42975.178127
658856966,inf,41307.211746
579827275,34217.543434,34217.543434
2977821299,inf,45410.394430
2572315442,inf,50917.782239
1001417080,49528.345125,49528.345125
882203320,41307.211746,41463.791062
4144668112,45091.791601,45321.138370
889706715,44617.154237,inf
539148943,41942.178711,42244.016250
4144668038,45091.791601,45201.912339
4169733502,inf,41307.211746
2576016950,inf,33378.681317
2870785758,inf,inf
2385296904,44471.507167,inf
387787445,inf,49917.782239
918747985,inf,41307.211746
4261315134,41307.211746,43018.793386
3798831069,inf,41307.211746
3415730057,inf,41307.211746
961880978,45201.103297,45201.103297
1395774458,inf,41307.211746
1512914455,41307.211746,inf
1294854881,inf,41307.211746
2479879730,inf,11567.040593
3963696697,46437.877067,inf
855458782,41307.211746,41547.099313
2451669151,inf,12567.040593
1884240785,inf,44977.895003
2368632427,41307.211746,41504.843943
1884240785,inf,45977.895003
855422883,41307.211746,41484.171484
855386939,41307.211746,41473.945285
1687152548,42096.514472,inf
2432659239,inf,18958.021089
2167602020,32217.335685,inf
261099684,41307.211746,inf
764828722,42996.831870,inf
4126651238,24137.836812,24138.042292
3063044143,-nan,nan
2337573015,24986.891461,24498.795174
2855356295,40185.980741,40322.306501
2337569750,24977.798443,24916.056880
2854170442,40250.330887,40250.330887
2854170368,40250.330887,40250.330887
3054870354,nan,inf
100948801,39436.592437,39471.507167
1040186613,43018.793386,43018.793386
3059580581,43018.793386,inf
1891530720,inf,55151.800109
800189644,40417.101248,inf
1459031580,47775.767401,inf
3313621461,43471.507167,inf
3314134617,40568.179027,40666.744867
2973995980,inf,inf
3103441897,inf,39874.746332
1915033304,50549.894871,34378.669737
1424388249,43471.507167,42436.592437
3656352638,inf,18913.623875
1480750574,inf,52969.611849
1424352271,inf,42886.544667
3040282355,41474.547766,41849.277138
1146264118,inf,inf
3040282355,41474.547766,41849.277138
1423238224,43886.544667,42739.188251
2637708738,24571.506841,24571.506841
2413694164,58067.882472,34217.532968
3040138609,41309.284146,41244.628192
764798233,41262.900579,41129.442206
27565480,39464.434851,39462.545188
803924913,33763.963726,33780.564619
4160899228,27145.902779,inf
2779226328,38313.207949,38347.024035
840698093,42102.451247,inf
3487077659,inf,33217.335685
2378039168,nan,inf
838398061,42481.440502,43742.909302
2371076149,55745.954377,inf
2452493009,45153.556957,44153.556957
2598608193,inf,15152.691981
2120237059,53969.611849,49917.782239
2725419209,45977.895003,inf
2834733029,48122.381055,inf
2899812816,58482.919972,49917.782239
3259729428,52875.076205,49917.782239
2796072697,49917.782239,49917.782239
2981749172,inf,49917.782239
2288923309,41369.145529,41397.190859
2979413265,inf,49917.782239
856321238,41307.211746,41635.514600
2973447732,inf,49917.782239
1251047645,inf,inf
1995342416,inf,53881.351714
3804377174,inf,49917.782239
1354865837,49917.782239,49917.782239
3768871418,inf,49917.782239
2105633098,inf,49917.782239
2902148721,inf,49917.782239
1749236213,45575.691841,45575.691841
3885055730,45186.626942,inf
3012690899,inf,49917.782239
1906765696,inf,49917.782239
2414802766,55866.248611,42659.320302
1040198199,39544.035651,39471.507167
1769224503,46479.003124,inf
364343812,inf,49917.782239
2188218329,inf,57482.919972
2343466201,49917.782239,49917.782239
1143928209,24573.264411,24573.264411
1544890108,42166.145349,42166.145349
3011289385,inf,49917.782239
2370851812,inf,49917.782239
2370959626,inf,49917.782239
922771050,51875.076205,49917.782239
4089923622,24567.133713,24648.746527
3080454477,37063.931757,36988.759388
2369679193,inf,41816.281007
3557849304,49917.782239,49917.782239
2369849932,inf,49917.782239
2452532213,44153.556957,inf
171489047,inf,47268.061169
1505807642,34378.658420,49917.782239
2369745388,43972.732661,44224.216637
798889505,33571.318648,33986.356336
2897476905,inf,49917.782239
402293285,inf,49917.782239
1760935385,49917.782239,49917.782239
537045268,44228.641160,inf
333437993,inf,49917.782239
2895176913,inf,49917.782239
2090691400,inf,49917.782239
2368594315,inf,49917.782239
2005203810,inf,49917.782239
3014918996,inf,49917.782239
2051186139,41618.954328,41787.672175
2943907516,inf,49917.782239
1353353212,49917.782239,50440.435358
2975711757,inf,49917.782239
507316137,48588.900314,51544.320516
922373262,40318.672262,40318.672262
2026933071,49917.782239,49917.782239
2075985073,inf,49917.782239
2296173210,42942.178711,inf
3776022880,inf,49917.782239
3026141376,38394.416805,38394.416805
3261023126,inf,49917.782239
3297498463,inf,45977.895003
2450346637,inf,49917.782239
2288923309,41369.145529,41534.590132
649331551,49917.782239,50169.137085
2486891201,41725.858267,40816.281007
612532028,49917.782239,50207.288856
332036425,inf,49917.782239
650553370,49917.782239,-nan
2370892106,inf,49917.782239
366571911,inf,49917.782239
1047529483,39514.332526,39396.875056
98628449,43700.848289,43700.848289
1205874008,inf,inf
404593226,inf,49917.782239
3770201048,inf,49917.782239
2979997329,43388.580876,43566.614062
370237482,48286.377170,49917.782239
409229100,60067.882472,49917.782239
3750439791,nan,nan
1685782187,45201.103297,43787.672175
2940241909,inf,49917.782239
2061468562,51855.487651,inf
2942470004,inf,49917.782239
2814954695,53206.450877,53906.890596
1457701847,49815.303931,47775.767401
2413552594,58067.882472,49917.782239
3598242531,34378.673570,34378.673570
2062402890,49917.782239,49917.782239
2338678346,24134.822084,inf
3095031659,inf,49917.782239
3930156672,49917.782239,50207.288856
2412612787,58067.882472,49917.782239
1360577638,49917.782239,51517.675232
2287812531,41461.655410,40816.281007
294197666,inf,49917.782239
2451576348,-nan,nan
1768901005,48687.062458,inf
1040126396,39550.025491,39575.196052
1074683951,inf,49917.782239
2146232433,53843.880798,inf
406857289,inf,49917.782239
2932946700,inf,49917.782239
3767757370,inf,49917.782239
1419896122,46470.230501,inf
134617586,49002.897789,inf
171381140,inf,48245.223445
3359651164,inf,49917.782239
3448948502,41606.781095,inf
3122178425,39589.332413,39646.751348
3123075760,39471.507167,39200.856874
4164600706,24134.744193,24135.055784
3195598805,43893.131255,inf
2369564847,46126.904615,inf
802559306,39151.061981,inf
2953587747,43407.651663,43407.651663
745066153,34571.319780,inf
585828721,35217.538533,33378.673570
2257610679,-nan,nan
1048643463,39447.701951,39734.953057
99742522,42463.791062,inf
1048607526,39447.701951,39584.190058
2454978107,inf,35378.681496
2369813998,52921.569834,52921.569834
2488787681,inf,inf
2447719771,41533.640144,41736.728784
3627494321,42471.579267,42909.476957
2374445468,42031.897922,42103.611175
134761334,inf,46784.896146
3211359769,42942.717780,inf
2453791097,41216.902211,inf
1875823966,50917.782239,inf
2290397817,41928.640901,42513.603402
2434024915,12958.015761,inf
2560597963,41801.366240,inf
1871190165,50917.782239,inf
2453722490,42281.541636,42043.403474
3797752992,43618.954328,43787.672175
2402960123,41603.424608,41285.665694
764798233,41262.900579,36222.134748
764798233,41262.900579,37210.296389
3981089290,inf,33378.673570
1751428372,55544.320516,43834.527200
2099894095,46207.313467,43787.672175
3164585170,40465.114011,40465.114011
1165120057,nan,inf
40950785,inf,-nan
2375595448,inf,43482.333340
2022369176,53831.705689,inf
2378002138,-nan,43985.783761
627731821,34378.681496,inf
2036108426,inf,nan
2405363547,43536.883931,43862.640332
4227043955,35961.790209,37621.663925
1084018074,52969.611849,52969.611849
2681754661,inf,42463.791062
610752025,42246.850915,41942.178711
2857604892,41740.027136,inf
1046384275,41928.718164,41618.954328
2858754846,40259.319795,40590.507692
2598453788,45145.801537,45145.801537
856644699,41463.791062,41871.318671
2567724234,41501.045594,inf
757501933,38458.321528,38330.016915
581968606,39756.126565,inf
916340206,inf,41307.211746
1990428801,41847.148667,43167.345799
2643835685,41656.436140,inf
3434513586,53969.611849,53969.611849
1333990306,42618.954328,41307.211746
4111355232,45613.109980,41705.144621
542888338,42463.791062,inf
3085135001,38394.416805,37378.727148
3222426023,50917.782239,inf
28474953,29430.946003,inf
2868377949,37215.643590,37126.244045
3377225603,41463.791062,41617.807627
2014638219,45201.423078,inf
2868342012,37170.251450,37069.034621
3377225502,41463.791062,41696.736865
2045238551,42463.791062,inf
656931133,inf,42463.791062
605380592,inf,19913.625163
875155315,41463.791062,41539.287704
3929006656,inf,28639.486695
3066298620,inf,41463.791062
3342833835,inf,41463.791062
2858790810,39590.507692,inf
4283036815,37708.512238,inf
2369638669,46217.509020,inf
2560613212,42077.726956,42077.726956
4169733428,inf,42463.791062
184050792,43783.567073,inf
4089708068,24617.102576,inf
4166355482,40750.038652,inf
2050108031,41463.791062,41700.848289
918745807,42463.791062,42618.954328
1291505349,35378.681496,35378.681496
2754021271,48929.735977,inf
99942602,39471.507167,33378.681317
1040184435,43018.793386,42059.486427
2569053899,41463.791062,41307.211746
2450397879,inf,inf
2073721045,55984.335190,inf
3798795127,inf,42463.791062
64045477,18914.197230,18914.197230
1394840160,42463.791062,inf
3115967856,38505.636997,38505.636997
2680638325,42463.791062,42618.954328
2955893163,inf,nan
4042655422,38505.636997,38461.434448
2680638250,42463.791062,42618.954328
2894707378,40136.241673,40180.322411
2099861428,45960.115053,44540.470600
3380085998,43618.954328,43497.376362
2811354005,inf,33217.335685
2530854462,inf,43643.019546
2368625899,41468.859240,41469.992083
3356057459,inf,58067.882472
844321366,41463.791062,41653.212827
3356057525,inf,56040.850918
2092837124,41463.791062,41700.848289
260991815,42463.791062,inf
2337607863,24137.836812,24137.939548
2337606776,27228.916857,24137.888179
2559391353,40185.980741,40322.306501
2559390264,40185.980741,40322.306501
2855464101,40185.980741,40322.306501
2337574104,24986.891461,24134.744193
2855392229,40185.980741,40322.306501
2337571926,24986.891461,24722.299270
536841353,45503.306697,45517.065193
3965780974,inf,43834.527200
2337566480,25853.878904,inf
2559347798,40250.330887,40291.157978
637748092,39887.907591,inf
637676190,39887.907591,inf
636382422,41616.201394,inf
635340251,41616.201394,42616.201394
1436383335,45038.853706,inf
1458780021,48344.773476,inf
2194242592,inf,43834.527200
4092612761,inf,42986.393638
3393042228,inf,inf
1146228145,45488.613678,23569.276127
1423382013,43954.882219,42436.592437
3040281266,41849.277138,41994.955188
3040281266,41849.277138,41920.278189
1983313281,41661.176493,41941.004126
764798233,41262.900579,41502.527221
27529476,39464.434851,39463.489710
759682300,33763.963726,33772.240376
4277288066,39471.507167,38065.072957
126954731,inf,48725.735531
2764591625,45003.725506,45185.584998
3617181269,45410.394430,45410.394430
409261947,45410.394430,inf
4262391048,inf,inf
1001524957,47775.767401,inf
4148577554,16152.691981,inf
3127534836,45410.394430,inf
3085127378,inf,34378.681317
3259657560,50743.049214,inf
564070768,57482.919972,56482.919972
685951253,37378.681496,inf
1995306448,inf,54881.351714
2296137138,inf,44054.039206
1359427654,50969.611849,50969.611849
67886798,39436.592437,33378.681317
3513187342,inf,nan
4228623838,inf,50917.782239
1499654688,inf,inf
2188146461,59482.919972,58482.919972
2342531875,49917.782239,32217.542972
1142706320,24573.264411,inf
1544854171,42166.145349,42358.767785
2342531810,49917.782239,33217.536197
1422124177,45412.457673,45426.204199
1543991689,42166.145349,42358.767785
4172058578,inf,inf
927799999,52176.844290,50917.782239
928913974,50917.782239,52558.895441
922739469,50587.211205,33378.673570
3556914978,49917.782239,32217.542972
2369672658,42901.169189,42901.169189
3556914913,49917.782239,33217.536197
2459572595,inf,inf
4293208911,44256.966342,44288.246336
2369848846,inf,50917.782239
2288027064,41413.134661,40816.281007
2868508172,48268.061169,47268.061169
1505806556,inf,35378.635468
922341681,40572.406784,40572.406784
2024597232,55360.366972,49917.782239
854129181,41469.992083,50917.782239
1747180207,50917.782239,inf
922372173,40255.608813,40394.076356
2026861263,57067.882472,49917.782239
2795138335,52969.611849,inf
2375595499,inf,50917.782239
4227725413,inf,50917.782239
2450343370,50917.782239,inf
649115855,37378.681496,50979.189374
612316341,37378.681496,inf
1877011927,33378.673570,33378.673570
929992089,51969.611849,50917.782239
5265351,nan,nan
2369639990,43127.224248,43127.224248
3556771161,35217.532872,36228.121747
1709015113,50917.782239,inf
1868600629,50917.782239,inf
2338651121,25134.822084,inf
3094995763,inf,50917.782239
3929222244,37378.681496,inf
1712240785,50564.451448,50564.451448
1712240750,50564.451448,50564.451448
2306702658,50912.712488,inf
1142210925,48929.735977,inf
1360578727,49917.782239,52705.839362
1948275064,33378.673570,33378.673570
3420232800,inf,43001.723731
1948275004,33378.673570,33378.673570
1947196921,33378.673570,33378.674065
3258435766,54887.748002,inf
3677420636,inf,37378.727148
3114079245,38507.910978,36099.848163
1353354304,50440.435358,50440.435358
1710983018,50440.435358,50440.435358
1710982956,50440.435358,50440.435358
1740654523,51544.320516,inf
2679401988,inf,3567.040593
1074651279,50917.782239,inf
1074650191,50917.782239,52875.076205
2090659815,50917.782239,inf
1543919810,41664.942935,42358.767785
1142670383,25573.264411,25573.264411
1422052303,45426.204199,45515.359651
3091633905,nan,inf
1144438987,inf,45977.895003
3303734346,inf,43834.527200
1249567926,nan,inf
1460109595,inf,inf
2302881845,inf,inf
3339312002,43874.316223,44109.188635
2338831896,23987.713522,24991.792482
2377131353,inf,-nan
755274928,39590.507692,inf
2338853638,inf,inf
3122220896,39471.507167,39398.937766
714904831,38590.507692,inf
2374467206,46914.362832,inf
4248897832,39434.766223,39434.766223
714832929,38590.507692,inf
914072908,43618.954328,43787.672175
3704650405,36789.382241,inf
3704650365,36789.382241,44210.373862
1993265981,40441.963387,40530.773772
1993230044,40441.963387,40485.685306
2576259446,inf,42986.393638
1991578754,41303.075812,41396.019286
1046456113,41463.791062,41463.791062
2941940114,55866.248611,45807.806332
3622893693,inf,42986.393638
2374441112,42103.688479,42103.688479
3707237936,inf,42986.393638
3696638015,inf,42986.393638
3341432290,42617.807627,42617.807627
2454939988,43625.411361,42986.393638
3744237559,42574.067262,42574.067262
2286697395,42071.107430,40816.281007
3627489965,42838.769145,42838.769145
2374471603,42103.611175,42103.611175
2292670257,nan,inf
877275598,41066.378583,41066.378583
1358205794,52875.076205,inf
3663322915,42157.564595,inf
3797752954,43618.954328,43700.848289
765760909,40314.561356,43659.320302
764798233,41262.900579,38159.304365
1984391358,41910.610303,41910.610303
914250192,inf,33378.727148
929956188,51969.611849,51349.890218
2832836286,38380.874705,38380.874705
2577435566,inf,44147.566702
2576475068,inf,44147.566702
3163688923,40665.669857,40665.669857
2267854851,45369.390951,46039.176288
2267854786,45369.390951,45825.205045
3486969778,inf,36693.431871
2377998875,45915.233906,inf
626653674,35378.681496,inf
2861252158,inf,36568.371393
1987949121,41603.424608,43536.820885
765759816,41193.526222,41262.900579
765759816,41193.526222,41262.900579
2035856867,nan,nan
2598378157,inf,43618.954328
2928429361,inf,44742.608732
2169002475,41740.027136,42740.027136
1041676560,41721.179117,inf
3521541245,38551.901986,inf
916338028,42463.791062,42618.954328
883453492,42618.954328,42787.672175
2337608535,52875.076205,inf
1990464776,45544.320516,42313.360263
3383011431,42577.456120,inf
2646073580,45266.775822,45440.987704
2342388123,36228.121747,inf
40422863,42463.791062,42263.732722
4111324740,42612.102366,41705.144621
2044178459,44201.423078,inf
2868413886,37126.244045,37126.244045
883278166,41539.287704,41700.848289
3377225543,41614.837277,41617.807627
2839987716,37143.237373,inf
3115849605,43618.954328,inf
3487971050,-nan,inf
2043154138,43618.954328,44960.115053
2110690701,47719.041300,inf
656931065,inf,43618.954328
2482255327,41875.374806,40816.281007
605308692,inf,20913.625163
2287777681,41673.215148,41307.557216
2317660910,7567.040593,inf
3110213659,41539.287704,41659.320302
2287777681,41673.215148,41707.267903
3110213592,41539.287704,41598.056020
873758124,42539.287704,42783.567073
2976815094,48028.557245,48028.557245
656736685,43618.954328,43787.672175
2953518052,48028.557245,48028.557245
2374188464,inf,33378.673570
882196789,42539.287704,42700.848289
2099930032,inf,43787.672175
2869671713,37053.876444,36988.759388
2336457881,26880.404469,25658.628257
2049964322,inf,41720.841796
100629348,28605.537447,28605.537447
2877427,52969.611849,53569.297691
1952009720,33378.673570,inf
3752811666,inf,nan
3752631948,nan,nan
4042655357,38505.636997,38483.366440
2955890979,-nan,inf
4042619482,38505.636997,38494.458746
2680386889,42618.954328,42659.320302
1291225239,43618.954328,inf
3751446022,nan,inf
3409703227,inf,43508.814974
883452406,42463.791062,42700.848289
2894707304,40136.241673,40180.322411
844289784,inf,41720.841796
25801191,inf,35378.681496
1793660971,55334.244425,inf
3021305454,41618.954328,41787.672175
2004015706,53969.611849,53969.611849
2369601875,44213.021095,inf
1468292881,42650.154256,inf
637604245,40887.907591,41959.051005
637676124,40887.907591,inf
4110176931,inf,44352.143003
3377780585,44153.556957,44153.556957
3392107836,inf,47241.018464
880866031,inf,41510.540161
2188182391,60067.882472,58482.919972
1421944494,45412.457673,45470.093333
2342388189,35217.532872,inf
1983313250,41661.176493,41794.316437
3584654150,nan,inf
764797140,41732.856444,41732.856444
3763253442,41732.856444,41732.856444
759682238,33763.963726,33768.096115
3889943167,41279.020010,41788.072393
969479068,47775.767401,48198.213561
2404056323,41080.277728,41284.331152
3889943104,41279.020010,41788.072393
969443130,52456.857675,47971.582962
77734165,58067.882472,57067.882472
6343529,inf,nan
1469301559,35378.673570,inf
2041850834,inf,43207.213331
126918763,inf,49725.735531
1037030713,inf,45185.584998
2644985669,inf,41705.144621
3617145331,inf,45756.223400
409010451,46756.223400,inf
3127498899,46756.223400,inf
3024919552,37803.282244,35378.681317
3259657518,52571.566153,inf
1359612784,50875.076205,50875.076205
1359612784,53067.882472,50875.076205
2411432307,45054.039206,45544.793058
2196796300,34963.628268,inf
1359427654,53067.882472,35378.677533
796697442,33763.963807,inf
66664906,36711.350776,36711.350776
1359427654,50969.611849,51589.702916
2449101053,nan,nan
1359612784,50969.611849,51589.702916
3766499569,51875.076205,inf
2105597132,inf,52875.076205
2459610710,inf,inf
4170908556,34793.713711,inf
2370821323,51414.112423,52268.190372
2370888841,51875.076205,51788.007172
3122180601,39485.958953,39485.958953
384409339,34378.667842,inf
2459543195,35378.677533,33378.673570
4293172909,44256.966342,44288.246336
2572885974,36378.681496,33378.673570
2374443934,52875.076205,inf
2369844486,52875.076205,52875.076205
2491778540,41101.242069,41736.107842
649259606,37378.681496,50979.189374
955694484,45038.853706,inf
922310100,40482.259589,40690.725241
2024561263,51855.487651,52875.076205
852979192,35377.967278,inf
2005202721,inf,52875.076205
507280163,48588.900314,inf
2026825294,51875.076205,inf
1728850738,-nan,inf
921520878,51875.076205,51875.076205
1054405979,52875.076205,53423.024340
2075949107,inf,52875.076205
3683311717,inf,inf
2288060823,41496.319516,40816.281007
2868510349,inf,45776.941770
648145529,50979.189374,inf
1331144883,35228.131623,35228.131623
611453886,52012.579729,51141.033586
2127246945,57067.882472,57067.882472
893508340,52456.857675,53544.320516
4208606477,33793.711069,inf
1988128807,42678.066286,inf
2105489321,inf,53881.351714
3857706116,33378.673570,33378.673570
1951937878,inf,34378.673570
3195713146,inf,inf
3067828327,39460.484019,36168.717037
2369574651,46553.395117,44213.021095
2450493652,58067.882472,34217.532968
1948310900,33378.673570,33378.673570
1042498238,39501.225534,39448.107038
3740407816,43585.277463,inf
7923735,31020.792395,31038.742159
3020318636,inf,32217.335685
1359393897,33378.673570,33378.673570
64328968,38196.779132,38196.779132
2593839296,51027.079299,50069.785332
3081685044,39688.459231,35235.603958
3137545130,inf,33217.335685
1108897289,inf,44977.895003
1393402654,44787.672175,44988.795736
2577406163,45307.385854,45307.385854
1390186166,44347.606109,44347.606109
2911322692,39688.459231,36193.261799
1757205034,nan,inf
2127273088,57067.882472,57067.882472
2288958159,41456.697945,40816.281007
4228193935,37765.034039,37765.034039
2796036826,inf,49917.782239
1562553520,25035.861094,25129.863231
2912544515,39598.724994,39740.188109
3295957481,inf,42722.419836
965426067,52875.076205,51875.076205
99906633,39471.507167,35316.623242
856429083,41699.870900,41307.211746
2913458,52969.611849,53569.297691
252834110,42700.848289,42700.848289
2447850559,37378.681496,inf
4011652837,inf,18660.149997
2701635291,inf,47775.767401
2004046203,inf,52875.076205
1720721882,33390.261786,-nan
3588683286,52875.076205,52875.076205
2338648943,26137.488909,inf
3094852044,inf,52875.076205
1360578727,50875.076205,50875.076205
1360578727,53067.882472,50875.076205
1948346909,33378.673570,33378.673570
2750231430,nan,inf
3111599557,39060.500668,39176.807553
2084760704,inf,51875.076205
3087828092,38507.910978,36868.299018
3676558209,inf,38378.727148
2085736448,inf,51875.076205
87180782,inf,36378.673570
3979939374,34378.673570,33378.673570
527349602,33571.318648,inf
2679114396,4567.040593,inf
1039084221,35235.603958,39396.875056
1074649101,51587.211205,inf
1885354833,inf,44977.895003
3303554654,44977.895003,44977.895003
999009299,47775.767401,inf
3414436325,inf,44977.895003
3400264292,-nan,nan
1457701807,48699.054465,47775.767401
2725420298,44977.895003,inf
1249316295,52875.076205,inf
3765493332,53969.611849,inf
3195424561,36378.681496,inf
1459031476,47775.767401,48929.735977
4166972549,24408.172844,24991.792482
848407276,inf,44977.895003
2335058516,inf,43535.488666
2377131316,inf,nan
2816991954,inf,44977.895003
2139080931,47719.041300,inf
2109576654,47719.041300,inf
2108462607,47719.041300,inf
2200140615,44186.626942,inf
3152756834,inf,43623.499279
929956147,51969.611849,51626.727945
2832800381,38378.944084,38380.874705
2645888444,inf,43834.527200
590213811,inf,inf
3108221480,39189.291499,42069.089807
3108185542,39189.291499,40110.157133
3449092222,40590.507692,inf
714760984,39590.507692,40606.781095
3194449906,36378.681496,inf
3122216539,39434.766223,39434.766223
714832863,39590.507692,inf
2024489364,52810.281033,52810.281033
3211180142,44223.526065,inf
3314161842,40463.658725,40463.658725
1047001476,42103.688479,inf
2454905139,43481.050402,inf
2454934547,43392.742104,43575.118590
2446749479,41340.702959,41746.853225
3627485609,42838.769145,42956.413862
2326477288,inf,49917.782239
2977589618,43343.723579,inf
2336450258,26163.236355,inf
3887463518,43553.395117,43377.670428
2577408341,45322.698657,45292.233876
3380083820,43681.305905,43681.305905
3116029291,41307.211746,inf
2606059493,inf,43834.527200
1322411526,41053.839774,42272.871120
2267890722,45976.387753,45544.793058
1164371749,46915.233906,inf
2745526946,50959.358016,49028.557245
2405359184,43690.587240,44152.224754
1082904027,52969.611849,52969.611849
3747415468,inf,40866.390069
2928393463,inf,45742.608732
2681721995,44787.672175,44787.672175
2857568921,41740.027136,41932.672213
1041963997,41900.108969,inf
3415478498,43157.163627,42900.108969
2451607699,inf,33378.673570
1885247021,inf,45977.895003
857543126,41960.115053,41787.672175
1359612784,49917.782239,51518.842404
1566112368,29024.245660,27986.114894
2012338244,36378.681496,inf
3376075518,41947.782400,41741.179099
841947346,35378.681496,35378.681496
3079521206,37020.950559,38143.237373
576990335,21913.651865,inf
2482075550,41315.754850,41831.476304
3109135550,41568.372641,41568.372641
875119378,41568.372641,41568.372641
2286590671,41621.704646,40816.281007
3065328282,42700.848289,42700.848289
2286558001,41621.704646,40816.281007
3063998619,42717.284944,inf
656521158,43700.848289,inf
2976635406,48028.557245,49959.358016
2873587460,inf,53959.358016
2560611034,42077.726956,39748.348415
2099903903,inf,44787.672175
3080390225,inf,inf
2336421940,27163.236355,inf
2047736188,42720.841796,43194.625676
842925267,42720.841796,43056.673254
252654457,42871.318671,42700.848289
4108989918,inf,41307.211746
3752811629,inf,-nan
963099568,43787.672175,47796.417773
963099568,43787.672175,44700.722315
963099568,43787.672175,44173.140283
3752667885,-nan,nan
1716544258,43787.672175,43967.570375
1687938374,43874.819018,43787.672175
3677528440,inf,34378.673570
2679344591,42638.996142,inf
1718988012,inf,43787.672175
1678451107,43787.672175,44787.672175
1678486949,48516.653492,43787.672175
4212415824,inf,inf
4145638337,45003.725506,45185.584998
1648767081,45075.676760,43787.672175
574944070,45537.918865,45537.918865
2560576190,40180.322411,40206.615319
145921567,42871.318671,42700.848289
844246224,42720.841796,inf
3356093331,57482.919972,55334.244425
3376663550,35106.415975,35111.624574
834543237,45322.253767,inf
2715702020,inf,inf
2101227035,inf,43787.672175
2971516228,45340.490489,46503.376706
4110175839,inf,45613.109980
3377780585,44153.556957,44153.556957
4091426746,45164.757575,inf
4110135552,inf,41705.144621
1142670383,25584.257401,25584.257401
3040246414,43337.831671,43337.831671
2751151586,inf,42613.433533
2751151483,44638.635698,42613.433533
1799513256,45977.895003,50209.597988
3076830285,43296.510774,42613.433533
2751115642,42914.916889,42613.433533
2751115551,42756.314289,42613.433533
2751115551,42683.105816,42613.433533
2751115551,42687.323397,42613.433533
2491780556,inf,46613.109980
3377780585,44153.556957,44153.556957
540329417,44787.672175,46015.428256
3584618207,-nan,inf
1982307044,41726.211148,41726.211148
3584617118,-nan,nan
1982271072,41726.211148,41981.370378
764789517,41732.856444,41732.856444
3111599695,39176.807553,39060.500668
2369639990,43127.224248,43127.224248
3556771203,35217.532872,inf
2004047292,inf,49917.782239
5301317,inf,-nan
2873761698,50849.852072,inf
2745526946,48028.557245,inf
3127462964,inf,48028.557245
3024919513,37803.282244,36136.129885
3259621689,53571.566153,inf
3774729142,35963.628268,35963.628268
3766499501,52875.076205,inf
2370818056,52268.190372,52298.549190
931249878,51875.076205,51875.076205
4000047282,44790.187854,inf
745317678,inf,inf
586942801,34217.537738,inf
2445754058,37378.658583,inf
955692310,43106.165023,inf
370096604,40956.270673,40956.270673
2023591029,52307.572449,54482.919972
1745922408,53969.611849,56067.882472
1745886444,53969.611849,54666.809660
3138172857,14660.149997,14660.149997
3138136854,14660.149997,14660.149997
345309875,51921.569834,51875.076205
3496095874,41857.702281,inf
2075841296,inf,53881.351714
206292925,33378.673570,inf
107545784,-nan,nan
4111575203,35378.673570,33378.673570
1721799992,34437.574253,nan
3437272822,nan,inf
1987985126,43678.066286,41603.424608
2335399353,nan,inf
1346153400,42677.606504,inf
1781336598,inf,nan
2105453353,inf,54881.351714
1042570112,39484.758971,39436.592437
2452653370,inf,nan
4017924783,inf,33378.673570
109666033,inf,nan
2004010265,56067.882472,56067.882472
2965451,inf,nan
697737024,inf,33378.673570
2953587747,43407.651663,43407.651663
2257610743,inf,nan
1042498176,39501.225534,39474.421829
2452586941,inf,nan
4136193385,inf,33378.673570
2603249511,31020.792395,31038.742159
302401098,inf,nan
3098553485,inf,nan
2374597975,53473.728204,inf
3020282740,inf,33217.335685
2491669784,inf,33378.673570
3310282824,inf,33378.673570
271567250,33378.673570,-nan
322549088,33378.673570,inf
289523015,33378.673570,inf
921663537,inf,nan
581049171,inf,32217.542972
4086365929,28209.762614,inf
254951617,33378.673570,inf
838099910,inf,33378.673570
2135759697,inf,nan
617995637,-nan,nan
2266856175,nan,inf
2232273742,nan,35378.673570
2861287011,37671.868177,37765.034039
2796000828,inf,51875.076205
2375596585,inf,49917.782239
657271964,inf,33378.673570
1720757823,33437.575142,nan
651523604,inf,33378.673570
819383290,inf,33378.673570
618103455,inf,nan
2608117421,inf,inf
4111610058,inf,33378.673570
1277662663,inf,47263.750295
1968359474,33378.673570,inf
247836100,33378.673570,inf
3126640057,39471.507167,36241.821884
1911655201,inf,33378.673570
2491633847,34378.673570,33378.673570
292002637,33378.673570,inf
1043443715,34571.319780,inf
1511622905,55866.248611,33378.673570
1358174219,59067.882472,inf
286971520,33378.673570,inf
4049657155,inf,33378.673570
1358204705,53875.076205,inf
887737932,43127.224248,inf
1721871872,33390.269456,33436.823935
1720578135,55067.882472,55067.882472
1720506264,55067.882472,55067.882472
3339168254,44070.516345,inf
1333990204,42618.954328,41928.718164
1360578727,50969.611849,51589.702916
563287922,inf,-nan
3087721372,39176.807553,39189.291499
3087641875,39577.465682,39712.319770
74212331,52969.611849,56067.882472
2396088513,inf,inf
3114043308,38507.910978,37466.731037
2678050826,inf,33378.727148
3087827003,38507.910978,37895.364997
2085733181,52969.611849,52969.611849
3090359849,inf,45784.896146
1682628727,50521.399432,50521.399432
882086800,45070.516345,inf
3432141744,53969.611849,53969.611849
40394549,42465.798488,42465.798488
4111319291,42097.658894,42828.806120
4166936611,23987.713522,24670.669955
848371338,45977.895003,45977.895003
3147941276,inf,43623.499279
396437178,45977.895003,51843.880798
2084725858,52969.611849,53569.297691
3109263655,39308.765579,39308.765579
3399293994,-nan,nan
605945178,inf,-nan
1456623697,48164.778048,inf
1458779917,48344.773476,49518.098057
4042450877,inf,45488.613678
2180552264,inf,inf
2853056356,40291.157978,inf
1878008114,inf,42705.144621
85294784,45977.895003,inf
2857568960,41740.027136,42155.064635
2084726947,52969.611849,53569.297691
2084687742,55067.882472,55067.882472
3108077769,39577.465682,39577.465682
2084660517,55067.882472,55482.919972
3108077731,39577.465682,39577.465682
3314160753,40463.658725,40568.179027
3695416187,44623.941725,44153.556957
43772627,36378.681496,inf
2454935635,43575.118590,43392.742104
3702386375,43481.050402,46037.839266
923335960,50041.089000,50041.089000
3741937689,42956.413862,inf
3887571356,43553.395117,43553.395117
3887571263,43553.395117,43553.395117
3887463452,43553.395117,43511.879521
3380081642,43681.305905,43821.199073
146101220,42700.848289,42700.848289
2606023624,inf,45003.725506
3116029218,inf,42463.791062
2296029328,45976.387753,45976.387753
2267890657,45976.387753,46104.822322
2266525092,45827.421877,inf
2681719817,44787.672175,44871.318671
579954045,42011.700347,41942.178711
1043113945,inf,41900.108969
538071915,43136.428678,44868.880998
1041928024,43157.163627,42900.108969
572946331,43962.966456,44144.468605
1039484402,43022.918711,inf
2439382069,13958.015923,inf
857615007,41787.672175,41787.672175
2764621028,inf,43834.527200
2082397571,43834.527200,57745.954377
32669162,inf,43834.527200
4225209825,56569.297691,inf
3958629511,inf,43834.527200
1678636566,43834.527200,inf
620979371,inf,44787.672175
883204114,41840.785538,41963.473716
2838909675,37531.263030,inf
3376111458,41741.179099,41741.179099
2043190106,43787.672175,inf
886536566,53544.320516,51843.880798
914036971,43700.848289,44018.058173
575660666,49917.782239,26373.094256
2287741746,42016.992042,40816.281007
875087797,41568.372641,41677.103891
3689569233,52959.358016,inf
2442976159,41291.014971,40816.281007
3927856672,inf,29641.227741
3065112699,42700.848289,42783.567073
3926706688,34378.673463,31641.227741
3062920535,43717.284944,44203.575196
1994774749,inf,33378.673570
655586766,44700.848289,44871.318671
1994595092,34378.673570,inf
655478921,44700.848289,44871.318671
2048778363,42930.768397,43194.625676
2407560944,inf,inf
2868521696,36988.759388,37022.968328
842882796,42992.347787,inf
100557469,28671.555419,28605.537447
224336073,42783.567073,42877.320016
2452645163,42463.791062,41307.211746
1529240621,43643.019546,43810.981440
3414410974,inf,43362.337411
962202234,47207.313467,43830.587677
3677456600,inf,36378.673570
3087829181,38507.910978,35235.603958
2679129001,43638.996142,inf
1718916104,inf,44787.672175
1678451010,44257.931721,44787.672175
2330588097,inf,inf
144879366,42783.567073,42877.320016
2937896023,9567.040593,inf
2293993695,inf,43951.760973
3297660984,42510.540161,42510.540161
2646071402,45470.230501,inf
2751151547,inf,43613.433533
2751115551,42683.105816,42647.849129
2750971767,inf,42649.905469
2374636320,inf,42059.889802
3430408924,inf,inf
2374635231,inf,43293.180626
3762139486,41732.856444,41737.116497
2374634143,inf,44880.458075
3762139387,41732.856444,41734.984898
1053479306,inf,45880.458075
3762103521,41732.856444,41733.920278
3762103450,41732.856444,41733.388263
2257126689,41353.368844,41515.937449
2200282189,41875.760437,44599.048282
3111599595,39060.500668,39176.807553
2606829283,inf,51078.669899
3559107138,inf,inf
1037030678,46470.761519,46470.761519
1703065853,nan,inf
3617037653,47028.557245,inf
2745526946,49028.557245,49028.557245
4228086159,37746.255102,33378.673570
4228050186,37746.255102,34313.627211
2794922721,53969.611849,54569.297691
656050103,34378.673570,34378.673570
4228014252,37621.663925,35191.722191
3078156689,53969.611849,54569.297691
3774729074,35963.628268,35963.628268
2341381891,36228.121747,37228.121747
2370815873,52283.289927,inf
2370814784,52283.289927,53283.289927
1744384725,46214.818718,inf
3741521767,43128.754755,inf
3439293181,53969.611849,53969.611849
3315026508,40221.903344,40279.693701
171524984,inf,46784.896146
2447946176,33378.673570,49917.782239
648109626,51979.189374,50614.321861
1471996901,44106.165023,inf
922271985,40745.159546,40745.159546
2023483161,53019.050230,inf
341634501,41096.750305,inf
2023483119,53019.050230,54416.668190
2005167870,53969.611849,53969.611849
1123260035,-nan,inf
2005162429,54276.498273,54666.809660
344088051,51898.135735,inf
4227719970,56569.297691,54881.351714
2002975717,inf,52921.569834
1121348830,-nan,inf
1107747310,inf,45977.895003
3134199530,-nan,inf
3091777653,-nan,inf
3582461990,-nan,inf
1353640712,-nan,55067.882472
3435152537,-nan,inf
764863566,42901.169189,42984.388146
2332955637,-nan,inf
2787139815,inf,-nan
4017709130,34378.673570,inf
3853685041,inf,inf
1245046158,inf,inf
1707793258,inf,56067.882472
2369564847,44953.044679,inf
2929514,inf,-nan
24730464,24025.426615,inf
2374873135,inf,inf
2494429725,inf,inf
2375441901,43482.333340,43721.095773
2496837596,inf,inf
4135151248,34378.673570,inf
7779986,30999.294901,31036.133449
301251146,-nan,nan
##########
2565529304,1:14350286424232700367,60067.882472;
2008684250,1:14350286424232700367,60067.882472;
2007607232,1:14350286424232700367,60067.882472;
2007568026,1:14350286424232700367,60067.882472;
2566508315,1:7413365781341509331,43471.507167;850187991063183094,49917.782239;10363819905758419276,58482.919972;
1506770149,1:14276977175722654164,53336.607334;
2449123684,1:16019251870190933755,38378.658583;10635819002710222542,50843.880798;16580398418232013335,nan;14747200488186132033,49528.345125;11624520679055476624,44632.584398;6027998910130031744,58067.882472;3133395692337742350,35378.681317;6077353454319284396,28573.264411;
4173518327,1:16019251870190933755,38378.658583;10635819002710222542,50843.880798;16580398418232013335,nan;14747200488186132033,49528.345125;11624520679055476624,44632.584398;6027998910130031744,58067.882472;3133395692337742350,35378.681317;6077353454319284396,28573.264411;
1755113591,1:16019251870190933755,38378.658583;10635819002710222542,50843.880798;16580398418232013335,nan;14747200488186132033,49528.345125;11624520679055476624,44632.584398;6027998910130031744,58067.882472;3133395692337742350,35378.681317;6077353454319284396,28573.264411;
223975191,1:
2784480480,1:
2449238029,1:16019251870190933755,38378.658583;10635819002710222542,50843.880798;16580398418232013335,nan;14747200488186132033,49528.345125;11624520679055476624,44632.584398;6027998910130031744,58067.882472;3133395692337742350,35378.681317;6077353454319284396,28573.264411;
1750369907,1:16019251870190933755,38378.658583;10635819002710222542,50843.880798;16580398418232013335,nan;14747200488186132033,49528.345125;11624520679055476624,44632.584398;6027998910130031744,58067.882472;3133395692337742350,35378.681317;6077353454319284396,28573.264411;
2524802756,1:16019251870190933755,38378.658583;10635819002710222542,50843.880798;16580398418232013335,nan;14747200488186132033,49528.345125;11624520679055476624,44632.584398;6027998910130031744,58067.882472;3133395692337742350,35378.681317;6077353454319284396,28573.264411;
835730242,1:16019251870190933755,38378.658583;10635819002710222542,50843.880798;16580398418232013335,nan;14747200488186132033,49528.345125;11624520679055476624,44632.584398;6027998910130031744,58067.882472;3133395692337742350,35378.681317;6077353454319284396,28573.264411;
2452581492,1:
3699725510,1:
2491634936,1:16019251870190933755,38378.658583;10635819002710222542,50843.880798;16580398418232013335,nan;14747200488186132033,49528.345125;11624520679055476624,44632.584398;6027998910130031744,58067.882472;3133395692337742350,35378.681317;6077353454319284396,28573.264411;
1755005780,1:16019251870190933755,38378.658583;10635819002710222542,50843.880798;16580398418232013335,nan;14747200488186132033,49528.345125;11624520679055476624,44632.584398;6027998910130031744,58067.882472;3133395692337742350,35378.681317;6077353454319284396,28573.264411;
1759749464,1:16019251870190933755,38378.658583;10635819002710222542,50843.880798;16580398418232013335,nan;14747200488186132033,49528.345125;11624520679055476624,44632.584398;6027998910130031744,58067.882472;3133395692337742350,35378.681317;6077353454319284396,28573.264411;
2451608781,1:16019251870190933755,38378.658583;10635819002710222542,50843.880798;16580398418232013335,nan;14747200488186132033,49528.345125;11624520679055476624,44632.584398;6027998910130031744,58067.882472;3133395692337742350,35378.681317;6077353454319284396,28573.264411;
1756047953,1:16019251870190933755,38378.658583;10635819002710222542,50843.880798;16580398418232013335,nan;14747200488186132033,49528.345125;11624520679055476624,44632.584398;6027998910130031744,58067.882472;3133395692337742350,35378.681317;6077353454319284396,28573.264411;
4292003070,1:
1759857275,1:16019251870190933755,38378.658583;10635819002710222542,50843.880798;16580398418232013335,nan;14747200488186132033,49528.345125;11624520679055476624,44632.584398;6027998910130031744,58067.882472;3133395692337742350,35378.681317;6077353454319284396,28573.264411;
2083683678,1:16019251870190933755,38378.658583;10635819002710222542,50843.880798;16580398418232013335,nan;14747200488186132033,49528.345125;11624520679055476624,44632.584398;6027998910130031744,58067.882472;3133395692337742350,35378.681317;6077353454319284396,28573.264411;
4172332406,1:16019251870190933755,38378.658583;10635819002710222542,50843.880798;16580398418232013335,nan;14747200488186132033,49528.345125;11624520679055476624,44632.584398;6027998910130031744,58067.882472;3133395692337742350,35378.681317;6077353454319284396,28573.264411;
2449103231,1:
3262680908,1:
4095169462,1:16019251870190933755,38378.658583;10635819002710222542,50843.880798;16580398418232013335,nan;14747200488186132033,49528.345125;11624520679055476624,44632.584398;6027998910130031744,58067.882472;3133395692337742350,35378.681317;6077353454319284396,28573.264411;
618175322,1:
819419227,1:16019251870190933755,38378.658583;10635819002710222542,50843.880798;16580398418232013335,nan;14747200488186132033,49528.345125;11624520679055476624,44632.584398;6027998910130031744,58067.882472;3133395692337742350,35378.681317;6077353454319284396,28573.264411;
3552924354,1:16019251870190933755,38378.658583;10635819002710222542,50843.880798;16580398418232013335,nan;14747200488186132033,49528.345125;11624520679055476624,44632.584398;6027998910130031744,58067.882472;3133395692337742350,35378.681317;6077353454319284396,28573.264411;
1751304269,1:16019251870190933755,38378.658583;10635819002710222542,50843.880798;16580398418232013335,nan;14747200488186132033,49528.345125;11624520679055476624,44632.584398;6027998910130031744,58067.882472;3133395692337742350,35378.681317;6077353454319284396,28573.264411;
2785842819,1:
835765090,1:16019251870190933755,38378.658583;10635819002710222542,50843.880798;16580398418232013335,nan;14747200488186132033,49528.345125;11624520679055476624,44632.584398;6027998910130031744,58067.882472;3133395692337742350,35378.681317;6077353454319284396,28573.264411;
1721620311,1:
2378927785,1:
835695394,1:16019251870190933755,38378.658583;10635819002710222542,50843.880798;16580398418232013335,nan;14747200488186132033,49528.345125;11624520679055476624,44632.584398;6027998910130031744,58067.882472;3133395692337742350,35378.681317;6077353454319284396,28573.264411;
55599495,1:
1505840312,1:16019251870190933755,38378.658583;10635819002710222542,50843.880798;16580398418232013335,nan;14747200488186132033,49528.345125;11624520679055476624,44632.584398;6027998910130031744,58067.882472;3133395692337742350,35378.681317;6077353454319284396,28573.264411;
2232309679,1:
1751555828,1:16019251870190933755,38378.658583;10635819002710222542,50843.880798;16580398418232013335,nan;14747200488186132033,49528.345125;11624520679055476624,44632.584398;6027998910130031744,58067.882472;3133395692337742350,35378.681317;6077353454319284396,28573.264411;
2637646464,1:
1794813263,1:
1852431268,1:
588200604,1:3056395092711954527,35228.131623;14613767527857410704,34217.542972;283835202728824867,46977.895003;7637151034289216736,28573.264411;17360042003900222261,35228.131623;
1765417887,1:
2366329192,1:7413365781341509331,43471.507167;850187991063183094,49917.782239;10363819905758419276,58482.919972;
3496236560,1:
2751448933,1:
618067511,1:
4173698012,1:16019251870190933755,38378.658583;10635819002710222542,50843.880798;16580398418232013335,nan;14747200488186132033,49528.345125;11624520679055476624,44632.584398;6027998910130031744,58067.882472;3133395692337742350,35378.681317;6077353454319284396,28573.264411;
1752598001,1:16019251870190933755,38378.658583;10635819002710222542,50843.880798;16580398418232013335,nan;14747200488186132033,49528.345125;11624520679055476624,44632.584398;6027998910130031744,58067.882472;3133395692337742350,35378.681317;6077353454319284396,28573.264411;
2452608483,1:16019251870190933755,38378.658583;10635819002710222542,50843.880798;16580398418232013335,nan;14747200488186132033,49528.345125;11624520679055476624,44632.584398;6027998910130031744,58067.882472;3133395692337742350,35378.681317;6077353454319284396,28573.264411;
1794751191,1:
1886828419,1:
838108622,1:16019251870190933755,38378.658583;10635819002710222542,50843.880798;16580398418232013335,nan;14747200488186132033,49528.345125;11624520679055476624,44632.584398;6027998910130031744,58067.882472;3133395692337742350,35378.681317;6077353454319284396,28573.264411;
2567800958,1:16019251870190933755,38378.658583;10635819002710222542,50843.880798;16580398418232013335,nan;14747200488186132033,49528.345125;11624520679055476624,44632.584398;6027998910130031744,58067.882472;3133395692337742350,35378.681317;6077353454319284396,28573.264411;
4172548028,1:16019251870190933755,38378.658583;10635819002710222542,50843.880798;16580398418232013335,nan;14747200488186132033,49528.345125;11624520679055476624,44632.584398;6027998910130031744,58067.882472;3133395692337742350,35378.681317;6077353454319284396,28573.264411;
2449094281,1:16019251870190933755,38378.658583;10635819002710222542,50843.880798;16580398418232013335,nan;14747200488186132033,49528.345125;11624520679055476624,44632.584398;6027998910130031744,58067.882472;3133395692337742350,35378.681317;6077353454319284396,28573.264411;
220416342,1:
2573065627,1:16019251870190933755,38378.658583;10635819002710222542,50843.880798;16580398418232013335,nan;14747200488186132033,49528.345125;11624520679055476624,44632.584398;6027998910130031744,58067.882472;3133395692337742350,35378.681317;6077353454319284396,28573.264411;
581192885,1:3056395092711954527,35228.131623;14613767527857410704,34217.542972;283835202728824867,46977.895003;7637151034289216736,28573.264411;17360042003900222261,35228.131623;
27134120,1:16019251870190933755,38378.658583;10635819002710222542,50843.880798;16580398418232013335,nan;14747200488186132033,49528.345125;11624520679055476624,44632.584398;6027998910130031744,58067.882472;3133395692337742350,35378.681317;6077353454319284396,28573.264411;
2006606438,1:14350286424232700367,60067.882472;
922517306,1:
4174596437,1:16019251870190933755,38378.658583;10635819002710222542,50843.880798;16580398418232013335,nan;14747200488186132033,49528.345125;11624520679055476624,44632.584398;6027998910130031744,58067.882472;3133395692337742350,35378.681317;6077353454319284396,28573.264411;
2081172449,1:16019251870190933755,38378.658583;10635819002710222542,50843.880798;16580398418232013335,nan;14747200488186132033,49528.345125;11624520679055476624,44632.584398;6027998910130031744,58067.882472;3133395692337742350,35378.681317;6077353454319284396,28573.264411;
1789541241,1:
3310283906,1:16019251870190933755,38378.658583;10635819002710222542,50843.880798;16580398418232013335,nan;14747200488186132033,49528.345125;11624520679055476624,44632.584398;6027998910130031744,58067.882472;3133395692337742350,35378.681317;6077353454319284396,28573.264411;
1723843133,1:
2008653758,1:7413365781341509331,43471.507167;850187991063183094,49917.782239;10363819905758419276,58482.919972;
737518800,1:
1352352422,1:
920220605,1:
3513295122,1:
2342567746,1:3056395092711954527,35228.131623;14613767527857410704,34217.542972;283835202728824867,46977.895003;7637151034289216736,28573.264411;17360042003900222261,35228.131623;
834799147,1:16019251870190933755,38378.658583;10635819002710222542,50843.880798;16580398418232013335,nan;14747200488186132033,49528.345125;11624520679055476624,44632.584398;6027998910130031744,58067.882472;3133395692337742350,35378.681317;6077353454319284396,28573.264411;
255492991,1:16019251870190933755,38378.658583;10635819002710222542,50843.880798;16580398418232013335,nan;14747200488186132033,49528.345125;11624520679055476624,44632.584398;6027998910130031744,58067.882472;3133395692337742350,35378.681317;6077353454319284396,28573.264411;
1795932752,1:
1005673857,3:16019251870190933755,38378.658583;10635819002710222542,50843.880798;16580398418232013335,nan;14747200488186132033,49528.345125;11624520679055476624,44632.584398;6027998910130031744,58067.882472;3133395692337742350,35378.681317;6077353454319284396,28573.264411;
3574021141,1:
1726101715,1:
1906875581,2:16019251870190933755,38378.658583;10635819002710222542,50843.880798;16580398418232013335,nan;14747200488186132033,49528.345125;11624520679055476624,44632.584398;6027998910130031744,58067.882472;3133395692337742350,35378.681317;6077353454319284396,28573.264411;
4233230304,1:
17719720,1:16019251870190933755,38378.658583;10635819002710222542,50843.880798;16580398418232013335,nan;14747200488186132033,49528.345125;11624520679055476624,44632.584398;6027998910130031744,58067.882472;3133395692337742350,35378.681317;6077353454319284396,28573.264411;
835809739,1:16019251870190933755,38378.658583;10635819002710222542,50843.880798;16580398418232013335,nan;14747200488186132033,49528.345125;11624520679055476624,44632.584398;6027998910130031744,58067.882472;3133395692337742350,35378.681317;6077353454319284396,28573.264411;
2306988782,1:
1693198842,1:
920404646,1:16019251870190933755,38378.658583;10635819002710222542,50843.880798;16580398418232013335,nan;14747200488186132033,49528.345125;11624520679055476624,44632.584398;6027998910130031744,58067.882472;3133395692337742350,35378.681317;6077353454319284396,28573.264411;
2374189553,1:16019251870190933755,38378.658583;10635819002710222542,50843.880798;16580398418232013335,nan;14747200488186132033,49528.345125;11624520679055476624,44632.584398;6027998910130031744,58067.882472;3133395692337742350,35378.681317;6077353454319284396,28573.264411;
3752847565,1:
1753747985,1:16019251870190933755,38378.658583;10635819002710222542,50843.880798;16580398418232013335,nan;14747200488186132033,49528.345125;11624520679055476624,44632.584398;6027998910130031744,58067.882472;3133395692337742350,35378.681317;6077353454319284396,28573.264411;
657307901,1:16019251870190933755,38378.658583;10635819002710222542,50843.880798;16580398418232013335,nan;14747200488186132033,49528.345125;11624520679055476624,44632.584398;6027998910130031744,58067.882472;3133395692337742350,35378.681317;6077353454319284396,28573.264411;
1720179737,1:
2494005689,1:16019251870190933755,38378.658583;10635819002710222542,50843.880798;16580398418232013335,nan;14747200488186132033,49528.345125;11624520679055476624,44632.584398;6027998910130031744,58067.882472;3133395692337742350,35378.681317;6077353454319284396,28573.264411;
3262572008,1:
1606218061,1:
1753640174,1:16019251870190933755,38378.658583;10635819002710222542,50843.880798;16580398418232013335,nan;14747200488186132033,49528.345125;11624520679055476624,44632.584398;6027998910130031744,58067.882472;3133395692337742350,35378.681317;6077353454319284396,28573.264411;
252871768,1:16019251870190933755,38378.658583;10635819002710222542,50843.880798;16580398418232013335,nan;14747200488186132033,49528.345125;11624520679055476624,44632.584398;6027998910130031744,58067.882472;3133395692337742350,35378.681317;6077353454319284396,28573.264411;
191851869,1:
1434980067,1:
3661881667,1:
250784155,1:16019251870190933755,38378.658583;10635819002710222542,50843.880798;16580398418232013335,nan;14747200488186132033,49528.345125;11624520679055476624,44632.584398;6027998910130031744,58067.882472;3133395692337742350,35378.681317;6077353454319284396,28573.264411;
2459610710,1:16019251870190933755,38378.658583;10635819002710222542,50843.880798;16580398418232013335,nan;14747200488186132033,49528.345125;11624520679055476624,44632.584398;6027998910130031744,58067.882472;3133395692337742350,35378.681317;6077353454319284396,28573.264411;
2194386336,1:15627107112512376916,46167.345799;4565244254581545118,53969.611849;17922403805449423869,52875.076205;17646507938403848409,46664.006806;
655189216,1:15627107112512376916,46167.345799;4565244254581545118,53969.611849;17922403805449423869,52875.076205;17646507938403848409,46664.006806;
1750118348,1:
654075169,1:15627107112512376916,46167.345799;4565244254581545118,53969.611849;17922403805449423869,52875.076205;17646507938403848409,46664.006806;
922740551,1:16019251870190933755,38378.658583;10635819002710222542,50843.880798;16580398418232013335,nan;14747200488186132033,49528.345125;11624520679055476624,44632.584398;6027998910130031744,58067.882472;3133395692337742350,35378.681317;6077353454319284396,28573.264411;
609980470,1:15627107112512376916,46167.345799;4565244254581545118,53969.611849;17922403805449423869,52875.076205;17646507938403848409,46664.006806;
2867398479,1:7413365781341509331,43471.507167;850187991063183094,49917.782239;10363819905758419276,58482.919972;
2342388568,1:
2751415174,1:
3001316,1:
644551864,1:15627107112512376916,46167.345799;4565244254581545118,53969.611849;17922403805449423869,52875.076205;17646507938403848409,46664.006806;
2375597674,1:15627107112512376916,46167.345799;4565244254581545118,53969.611849;17922403805449423869,52875.076205;17646507938403848409,46664.006806;
2598367319,1:15627107112512376916,46167.345799;4565244254581545118,53969.611849;17922403805449423869,52875.076205;17646507938403848409,46664.006806;
2374343148,1:15627107112512376916,46167.345799;4565244254581545118,53969.611849;17922403805449423869,52875.076205;17646507938403848409,46664.006806;
1160376373,1:
2597397020,1:15627107112512376916,46167.345799;4565244254581545118,53969.611849;17922403805449423869,52875.076205;17646507938403848409,46664.006806;
655045468,1:15627107112512376916,46167.345799;4565244254581545118,53969.611849;17922403805449423869,52875.076205;17646507938403848409,46664.006806;
645665911,1:15627107112512376916,46167.345799;4565244254581545118,53969.611849;17922403805449423869,52875.076205;17646507938403848409,46664.006806;
2127310111,1:15627107112512376916,46167.345799;4565244254581545118,53969.611849;17922403805449423869,52875.076205;17646507938403848409,46664.006806;
91363362,1:15627107112512376916,46167.345799;4565244254581545118,53969.611849;17922403805449423869,52875.076205;17646507938403848409,46664.006806;
1434946308,1:
87735903,1:15627107112512376916,46167.345799;4565244254581545118,53969.611849;17922403805449423869,52875.076205;17646507938403848409,46664.006806;
1355723966,1:15627107112512376916,46167.345799;4565244254581545118,53969.611849;17922403805449423869,52875.076205;17646507938403848409,46664.006806;
607752376,1:15627107112512376916,46167.345799;4565244254581545118,53969.611849;17922403805449423869,52875.076205;17646507938403848409,46664.006806;
89100420,1:15627107112512376916,46167.345799;4565244254581545118,53969.611849;17922403805449423869,52875.076205;17646507938403848409,46664.006806;
4172438039,1:16019251870190933755,38378.658583;10635819002710222542,50843.880798;16580398418232013335,nan;14747200488186132033,49528.345125;11624520679055476624,44632.584398;6027998910130031744,58067.882472;3133395692337742350,35378.681317;6077353454319284396,28573.264411;
690910594,1:15627107112512376916,46167.345799;4565244254581545118,53969.611849;17922403805449423869,52875.076205;17646507938403848409,46664.006806;
3180378444,1:
2449128040,1:16019251870190933755,38378.658583;10635819002710222542,50843.880798;16580398418232013335,nan;14747200488186132033,49528.345125;11624520679055476624,44632.584398;6027998910130031744,58067.882472;3133395692337742350,35378.681317;6077353454319284396,28573.264411;
4177035793,1:15627107112512376916,46167.345799;4565244254581545118,53969.611849;17922403805449423869,52875.076205;17646507938403848409,46664.006806;
3299418454,1:14276977175722654164,53336.607334;
1754601934,1:
645522163,1:15627107112512376916,46167.345799;4565244254581545118,53969.611849;17922403805449423869,52875.076205;17646507938403848409,46664.006806;
90177441,1:15627107112512376916,46167.345799;4565244254581545118,53969.611849;17922403805449423869,52875.076205;17646507938403848409,46664.006806;
4174923133,1:15627107112512376916,46167.345799;4565244254581545118,53969.611849;17922403805449423869,52875.076205;17646507938403848409,46664.006806;
2449233673,1:16019251870190933755,38378.658583;10635819002710222542,50843.880798;16580398418232013335,nan;14747200488186132033,49528.345125;11624520679055476624,44632.584398;6027998910130031744,58067.882472;3133395692337742350,35378.681317;6077353454319284396,28573.264411;
923993990,1:15627107112512376916,46167.345799;4565244254581545118,53969.611849;17922403805449423869,52875.076205;17646507938403848409,46664.006806;
1875636666,1:16019251870190933755,38378.658583;10635819002710222542,50843.880798;16580398418232013335,nan;14747200488186132033,49528.345125;11624520679055476624,44632.584398;6027998910130031744,58067.882472;3133395692337742350,35378.681317;6077353454319284396,28573.264411;
834833995,1:16019251870190933755,38378.658583;10635819002710222542,50843.880798;16580398418232013335,nan;14747200488186132033,49528.345125;11624520679055476624,44632.584398;6027998910130031744,58067.882472;3133395692337742350,35378.681317;6077353454319284396,28573.264411;
87805599,1:15627107112512376916,46167.345799;4565244254581545118,53969.611849;17922403805449423869,52875.076205;17646507938403848409,46664.006806;
2369746477,1:15627107112512376916,46167.345799;4565244254581545118,53969.611849;17922403805449423869,52875.076205;17646507938403848409,46664.006806;
692024641,1:15627107112512376916,46167.345799;4565244254581545118,53969.611849;17922403805449423869,52875.076205;17646507938403848409,46664.006806;
1354870190,1:15627107112512376916,46167.345799;4565244254581545118,53969.611849;17922403805449423869,52875.076205;17646507938403848409,46664.006806;
646779958,1:15627107112512376916,46167.345799;4565244254581545118,53969.611849;17922403805449423869,52875.076205;17646507938403848409,46664.006806;
655332964,1:15627107112512376916,46167.345799;4565244254581545118,53969.611849;17922403805449423869,52875.076205;17646507938403848409,46664.006806;
2404092445,1:15627107112512376916,46167.345799;4565244254581545118,53969.611849;17922403805449423869,52875.076205;17646507938403848409,46664.006806;
2861285922,1:16019251870190933755,38378.658583;10635819002710222542,50843.880798;16580398418232013335,nan;14747200488186132033,49528.345125;11624520679055476624,44632.584398;6027998910130031744,58067.882472;3133395692337742350,35378.681317;6077353454319284396,28573.264411;
693138688,1:15627107112512376916,46167.345799;4565244254581545118,53969.611849;17922403805449423869,52875.076205;17646507938403848409,46664.006806;
795624549,1:16019251870190933755,38378.658583;10635819002710222542,50843.880798;16580398418232013335,nan;14747200488186132033,49528.345125;11624520679055476624,44632.584398;6027998910130031744,58067.882472;3133395692337742350,35378.681317;6077353454319284396,28573.264411;
2373230190,1:15627107112512376916,46167.345799;4565244254581545118,53969.611849;17922403805449423869,52875.076205;17646507938403848409,46664.006806;
2414694948,1:15627107112512376916,46167.345799;4565244254581545118,53969.611849;17922403805449423869,52875.076205;17646507938403848409,46664.006806;
1751448017,1:16019251870190933755,38378.658583;10635819002710222542,50843.880798;16580398418232013335,nan;14747200488186132033,49528.345125;11624520679055476624,44632.584398;6027998910130031744,58067.882472;3133395692337742350,35378.681317;6077353454319284396,28573.264411;
3557885211,1:15627107112512376916,46167.345799;4565244254581545118,53969.611849;17922403805449423869,52875.076205;17646507938403848409,46664.006806;
3223369097,1:16019251870190933755,38378.658583;10635819002710222542,50843.880798;16580398418232013335,nan;14747200488186132033,49528.345125;11624520679055476624,44632.584398;6027998910130031744,58067.882472;3133395692337742350,35378.681317;6077353454319284396,28573.264411;
616698641,1:15627107112512376916,46167.345799;4565244254581545118,53969.611849;17922403805449423869,52875.076205;17646507938403848409,46664.006806;
1912553627,2:16019251870190933755,38378.658583;10635819002710222542,50843.880798;16580398418232013335,nan;14747200488186132033,49528.345125;11624520679055476624,44632.584398;6027998910130031744,58067.882472;3133395692337742350,35378.681317;6077353454319284396,28573.264411;
2370960708,1:15627107112512376916,46167.345799;4565244254581545118,53969.611849;17922403805449423869,52875.076205;17646507938403848409,46664.006806;
1757521370,1:16019251870190933755,38378.658583;10635819002710222542,50843.880798;16580398418232013335,nan;14747200488186132033,49528.345125;11624520679055476624,44632.584398;6027998910130031744,58067.882472;3133395692337742350,35378.681317;6077353454319284396,28573.264411;
2404136005,1:15627107112512376916,46167.345799;4565244254581545118,53969.611849;17922403805449423869,52875.076205;17646507938403848409,46664.006806;
3428001073,1:
89059038,1:15627107112512376916,46167.345799;4565244254581545118,53969.611849;17922403805449423869,52875.076205;17646507938403848409,46664.006806;
1790691218,3:15627107112512376916,46167.345799;4565244254581545118,53969.611849;17922403805449423869,52875.076205;17646507938403848409,46664.006806;
4175884720,1:15627107112512376916,46167.345799;4565244254581545118,53969.611849;17922403805449423869,52875.076205;17646507938403848409,46664.006806;
2232304231,1:16019251870190933755,38378.658583;10635819002710222542,50843.880798;16580398418232013335,nan;14747200488186132033,49528.345125;11624520679055476624,44632.584398;6027998910130031744,58067.882472;3133395692337742350,35378.681317;6077353454319284396,28573.264411;
1355726147,1:15627107112512376916,46167.345799;4565244254581545118,53969.611849;17922403805449423869,52875.076205;17646507938403848409,46664.006806;
1757197937,1:16019251870190933755,38378.658583;10635819002710222542,50843.880798;16580398418232013335,nan;14747200488186132033,49528.345125;11624520679055476624,44632.584398;6027998910130031744,58067.882472;3133395692337742350,35378.681317;6077353454319284396,28573.264411;
87947169,1:15627107112512376916,46167.345799;4565244254581545118,53969.611849;17922403805449423869,52875.076205;17646507938403848409,46664.006806;
1360579816,1:15627107112512376916,46167.345799;4565244254581545118,53969.611849;17922403805449423869,52875.076205;17646507938403848409,46664.006806;
568437298,1:15627107112512376916,46167.345799;4565244254581545118,53969.611849;17922403805449423869,52875.076205;17646507938403848409,46664.006806;
4227726501,1:15627107112512376916,46167.345799;4565244254581545118,53969.611849;17922403805449423869,52875.076205;17646507938403848409,46664.006806;
3376771361,1:16019251870190933755,38378.658583;10635819002710222542,50843.880798;16580398418232013335,nan;14747200488186132033,49528.345125;11624520679055476624,44632.584398;6027998910130031744,58067.882472;3133395692337742350,35378.681317;6077353454319284396,28573.264411;
722642926,1:15627107112512376916,46167.345799;4565244254581545118,53969.611849;17922403805449423869,52875.076205;17646507938403848409,46664.006806;
2564385854,1:3056395092711954527,35228.131623;14613767527857410704,34217.542972;283835202728824867,46977.895003;7637151034289216736,28573.264411;17360042003900222261,35228.131623;
1757413559,1:16019251870190933755,38378.658583;10635819002710222542,50843.880798;16580398418232013335,nan;14747200488186132033,49528.345125;11624520679055476624,44632.584398;6027998910130031744,58067.882472;3133395692337742350,35378.681317;6077353454319284396,28573.264411;
4174699892,2:16019251870190933755,38378.658583;10635819002710222542,50843.880798;16580398418232013335,nan;14747200488186132033,49528.345125;11624520679055476624,44632.584398;6027998910130031744,58067.882472;3133395692337742350,35378.681317;6077353454319284396,28573.264411;
4113807653,1:3056395092711954527,35228.131623;14613767527857410704,34217.542972;283835202728824867,46977.895003;7637151034289216736,28573.264411;17360042003900222261,35228.131623;
566352952,1:15627107112512376916,46167.345799;4565244254581545118,53969.611849;17922403805449423869,52875.076205;17646507938403848409,46664.006806;
2405210848,1:15627107112512376916,46167.345799;4565244254581545118,53969.611849;17922403805449423869,52875.076205;17646507938403848409,46664.006806;
2343502108,1:15627107112512376916,46167.345799;4565244254581545118,53969.611849;17922403805449423869,52875.076205;17646507938403848409,46664.006806;
2865024456,1:16019251870190933755,38378.658583;10635819002710222542,50843.880798;16580398418232013335,nan;14747200488186132033,49528.345125;11624520679055476624,44632.584398;6027998910130031744,58067.882472;3133395692337742350,35378.681317;6077353454319284396,28573.264411;
1354542404,1:15627107112512376916,46167.345799;4565244254581545118,53969.611849;17922403805449423869,52875.076205;17646507938403848409,46664.006806;
2751457645,1:
3046135726,1:3056395092711954527,35228.131623;14613767527857410704,34217.542972;283835202728824867,46977.895003;7637151034289216736,28573.264411;17360042003900222261,35228.131623;
1760791637,1:16019251870190933755,38378.658583;10635819002710222542,50843.880798;16580398418232013335,nan;14747200488186132033,49528.345125;11624520679055476624,44632.584398;6027998910130031744,58067.882472;3133395692337742350,35378.681317;6077353454319284396,28573.264411;
4172257265,1:16019251870190933755,38378.658583;10635819002710222542,50843.880798;16580398418232013335,nan;14747200488186132033,49528.345125;11624520679055476624,44632.584398;6027998910130031744,58067.882472;3133395692337742350,35378.681317;6077353454319284396,28573.264411;
683723194,1:15627107112512376916,46167.345799;4565244254581545118,53969.611849;17922403805449423869,52875.076205;17646507938403848409,46664.006806;
90287430,1:15627107112512376916,46167.345799;4565244254581545118,53969.611849;17922403805449423869,52875.076205;17646507938403848409,46664.006806;
800406354,1:3056395092711954527,35228.131623;14613767527857410704,34217.542972;283835202728824867,46977.895003;7637151034289216736,28573.264411;17360042003900222261,35228.131623;
694288664,1:15627107112512376916,46167.345799;4565244254581545118,53969.611849;17922403805449423869,52875.076205;17646507938403848409,46664.006806;
88952316,1:15627107112512376916,46167.345799;4565244254581545118,53969.611849;17922403805449423869,52875.076205;17646507938403848409,46664.006806;
2087099872,1:16019251870190933755,38378.658583;10635819002710222542,50843.880798;16580398418232013335,nan;14747200488186132033,49528.345125;11624520679055476624,44632.584398;6027998910130031744,58067.882472;3133395692337742350,35378.681317;6077353454319284396,28573.264411;
2449089925,1:16019251870190933755,38378.658583;10635819002710222542,50843.880798;16580398418232013335,nan;14747200488186132033,49528.345125;11624520679055476624,44632.584398;6027998910130031744,58067.882472;3133395692337742350,35378.681317;6077353454319284396,28573.264411;
87877473,1:15627107112512376916,46167.345799;4565244254581545118,53969.611849;17922403805449423869,52875.076205;17646507938403848409,46664.006806;
2452655548,1:
2597253272,1:15627107112512376916,46167.345799;4565244254581545118,53969.611849;17922403805449423869,52875.076205;17646507938403848409,46664.006806;
2167603107,1:3056395092711954527,35228.131623;14613767527857410704,34217.542972;283835202728824867,46977.895003;7637151034289216736,28573.264411;17360042003900222261,35228.131623;
2452589119,1:
4175817202,1:15627107112512376916,46167.345799;4565244254581545118,53969.611849;17922403805449423869,52875.076205;17646507938403848409,46664.006806;
91320891,1:15627107112512376916,46167.345799;4565244254581545118,53969.611849;17922403805449423869,52875.076205;17646507938403848409,46664.006806;
919286243,1:16019251870190933755,38378.658583;10635819002710222542,50843.880798;16580398418232013335,nan;14747200488186132033,49528.345125;11624520679055476624,44632.584398;6027998910130031744,58067.882472;3133395692337742350,35378.681317;6077353454319284396,28573.264411;
1074687222,1:15627107112512376916,46167.345799;4565244254581545118,53969.611849;17922403805449423869,52875.076205;17646507938403848409,46664.006806;
2122785312,1:3056395092711954527,35228.131623;14613767527857410704,34217.542972;283835202728824867,46977.895003;7637151034289216736,28573.264411;17360042003900222261,35228.131623;
2868511437,1:7413365781341509331,43471.507167;850187991063183094,49917.782239;10363819905758419276,58482.919972;
1952045656,1:16019251870190933755,38378.658583;10635819002710222542,50843.880798;16580398418232013335,nan;14747200488186132033,49528.345125;11624520679055476624,44632.584398;6027998910130031744,58067.882472;3133395692337742350,35378.681317;6077353454319284396,28573.264411;
644408116,1:15627107112512376916,46167.345799;4565244254581545118,53969.611849;17922403805449423869,52875.076205;17646507938403848409,46664.006806;
3223293956,1:15627107112512376916,46167.345799;4565244254581545118,53969.611849;17922403805449423869,52875.076205;17646507938403848409,46664.006806;
2751524073,1:
652961122,1:15627107112512376916,46167.345799;4565244254581545118,53969.611849;17922403805449423869,52875.076205;17646507938403848409,46664.006806;
3085129553,1:16019251870190933755,38378.658583;10635819002710222542,50843.880798;16580398418232013335,nan;14747200488186132033,49528.345125;11624520679055476624,44632.584398;6027998910130031744,58067.882472;3133395692337742350,35378.681317;6077353454319284396,28573.264411;
3311576549,1:15627107112512376916,46167.345799;4565244254581545118,53969.611849;17922403805449423869,52875.076205;17646507938403848409,46664.006806;
2083619431,1:16019251870190933755,38378.658583;10635819002710222542,50843.880798;16580398418232013335,nan;14747200488186132033,49528.345125;11624520679055476624,44632.584398;6027998910130031744,58067.882472;3133395692337742350,35378.681317;6077353454319284396,28573.264411;
3083081144,1:16019251870190933755,38378.658583;10635819002710222542,50843.880798;16580398418232013335,nan;14747200488186132033,49528.345125;11624520679055476624,44632.584398;6027998910130031744,58067.882472;3133395692337742350,35378.681317;6077353454319284396,28573.264411;
2450347719,1:15627107112512376916,46167.345799;4565244254581545118,53969.611849;17922403805449423869,52875.076205;17646507938403848409,46664.006806;
91255551,1:15627107112512376916,46167.345799;4565244254581545118,53969.611849;17922403805449423869,52875.076205;17646507938403848409,46664.006806;
687245020,1:15627107112512376916,46167.345799;4565244254581545118,53969.611849;17922403805449423869,52875.076205;17646507938403848409,46664.006806;
756423817,1:3056395092711954527,35228.131623;14613767527857410704,34217.542972;283835202728824867,46977.895003;7637151034289216736,28573.264411;17360042003900222261,35228.131623;
2836501825,1:16019251870190933755,38378.658583;10635819002710222542,50843.880798;16580398418232013335,nan;14747200488186132033,49528.345125;11624520679055476624,44632.584398;6027998910130031744,58067.882472;3133395692337742350,35378.681317;6077353454319284396,28573.264411;
27315987,1:
4225311099,1:15627107112512376916,46167.345799;4565244254581545118,53969.611849;17922403805449423869,52875.076205;17646507938403848409,46664.006806;
2526111863,1:
607896124,1:15627107112512376916,46167.345799;4565244254581545118,53969.611849;17922403805449423869,52875.076205;17646507938403848409,46664.006806;
545658724,2:15627107112512376916,46167.345799;4565244254581545118,53969.611849;17922403805449423869,52875.076205;17646507938403848409,46664.006806;
756454309,1:16019251870190933755,38378.658583;10635819002710222542,50843.880798;16580398418232013335,nan;14747200488186132033,49528.345125;11624520679055476624,44632.584398;6027998910130031744,58067.882472;3133395692337742350,35378.681317;6077353454319284396,28573.264411;
3665083281,1:
683579446,1:15627107112512376916,46167.345799;4565244254581545118,53969.611849;17922403805449423869,52875.076205;17646507938403848409,46664.006806;
1237061125,1:16019251870190933755,38378.658583;10635819002710222542,50843.880798;16580398418232013335,nan;14747200488186132033,49528.345125;11624520679055476624,44632.584398;6027998910130031744,58067.882472;3133395692337742350,35378.681317;6077353454319284396,28573.264411;
915112587,1:16019251870190933755,38378.658583;10635819002710222542,50843.880798;16580398418232013335,nan;14747200488186132033,49528.345125;11624520679055476624,44632.584398;6027998910130031744,58067.882472;3133395692337742350,35378.681317;6077353454319284396,28573.264411;
3126642231,1:16019251870190933755,38378.658583;10635819002710222542,50843.880798;16580398418232013335,nan;14747200488186132033,49528.345125;11624520679055476624,44632.584398;6027998910130031744,58067.882472;3133395692337742350,35378.681317;6077353454319284396,28573.264411;
2343609919,1:15627107112512376916,46167.345799;4565244254581545118,53969.611849;17922403805449423869,52875.076205;17646507938403848409,46664.006806;
3557993022,1:15627107112512376916,46167.345799;4565244254581545118,53969.611849;17922403805449423869,52875.076205;17646507938403848409,46664.006806;
3374291708,1:16019251870190933755,38378.658583;10635819002710222542,50843.880798;16580398418232013335,nan;14747200488186132033,49528.345125;11624520679055476624,44632.584398;6027998910130031744,58067.882472;3133395692337742350,35378.681317;6077353454319284396,28573.264411;
3677564376,1:16019251870190933755,38378.658583;10635819002710222542,50843.880798;16580398418232013335,nan;14747200488186132033,49528.345125;11624520679055476624,44632.584398;6027998910130031744,58067.882472;3133395692337742350,35378.681317;6077353454319284396,28573.264411;
2372290378,1:15627107112512376916,46167.345799;4565244254581545118,53969.611849;17922403805449423869,52875.076205;17646507938403848409,46664.006806;
3585693049,1:
2369851021,1:15627107112512376916,46167.345799;4565244254581545118,53969.611849;17922403805449423869,52875.076205;17646507938403848409,46664.006806;
2865885858,1:16019251870190933755,38378.658583;10635819002710222542,50843.880798;16580398418232013335,nan;14747200488186132033,49528.345125;11624520679055476624,44632.584398;6027998910130031744,58067.882472;3133395692337742350,35378.681317;6077353454319284396,28573.264411;
2865957732,1:16019251870190933755,38378.658583;10635819002710222542,50843.880798;16580398418232013335,nan;14747200488186132033,49528.345125;11624520679055476624,44632.584398;6027998910130031744,58067.882472;3133395692337742350,35378.681317;6077353454319284396,28573.264411;
2005204898,1:15627107112512376916,46167.345799;4565244254581545118,53969.611849;17922403805449423869,52875.076205;17646507938403848409,46664.006806;
2636280889,1:16019251870190933755,38378.658583;10635819002710222542,50843.880798;16580398418232013335,nan;14747200488186132033,49528.345125;11624520679055476624,44632.584398;6027998910130031744,58067.882472;3133395692337742350,35378.681317;6077353454319284396,28573.264411;
3125670843,1:16019251870190933755,38378.658583;10635819002710222542,50843.880798;16580398418232013335,nan;14747200488186132033,49528.345125;11624520679055476624,44632.584398;6027998910130031744,58067.882472;3133395692337742350,35378.681317;6077353454319284396,28573.264411;
3627421270,1:
1952153463,1:
3085237364,1:16019251870190933755,38378.658583;10635819002710222542,50843.880798;16580398418232013335,nan;14747200488186132033,49528.345125;11624520679055476624,44632.584398;6027998910130031744,58067.882472;3133395692337742350,35378.681317;6077353454319284396,28573.264411;
2370852901,1:15627107112512376916,46167.345799;4565244254581545118,53969.611849;17922403805449423869,52875.076205;17646507938403848409,46664.006806;
650409595,1:15627107112512376916,46167.345799;4565244254581545118,53969.611849;17922403805449423869,52875.076205;17646507938403848409,46664.006806;
3042693402,1:15627107112512376916,46167.345799;4565244254581545118,53969.611849;17922403805449423869,52875.076205;17646507938403848409,46664.006806;
613681981,1:15627107112512376916,46167.345799;4565244254581545118,53969.611849;17922403805449423869,52875.076205;17646507938403848409,46664.006806;
568581046,1:15627107112512376916,46167.345799;4565244254581545118,53969.611849;17922403805449423869,52875.076205;17646507938403848409,46664.006806;
1692009654,1:
4174812055,1:15627107112512376916,46167.345799;4565244254581545118,53969.611849;17922403805449423869,52875.076205;17646507938403848409,46664.006806;
2127560584,1:16019251870190933755,38378.658583;10635819002710222542,50843.880798;16580398418232013335,nan;14747200488186132033,49528.345125;11624520679055476624,44632.584398;6027998910130031744,58067.882472;3133395692337742350,35378.681317;6077353454319284396,28573.264411;
607608628,1:15627107112512376916,46167.345799;4565244254581545118,53969.611849;17922403805449423869,52875.076205;17646507938403848409,46664.006806;
2967864944,1:15627107112512376916,46167.345799;4565244254581545118,53969.611849;17922403805449423869,52875.076205;17646507938403848409,46664.006806;
2638616763,1:15627107112512376916,46167.345799;4565244254581545118,53969.611849;17922403805449423869,52875.076205;17646507938403848409,46664.006806;
2567463881,1:16019251870190933755,38378.658583;10635819002710222542,50843.880798;16580398418232013335,nan;14747200488186132033,49528.345125;11624520679055476624,44632.584398;6027998910130031744,58067.882472;3133395692337742350,35378.681317;6077353454319284396,28573.264411;
2366332459,1:3056395092711954527,35228.131623;14613767527857410704,34217.542972;283835202728824867,46977.895003;7637151034289216736,28573.264411;17360042003900222261,35228.131623;
1359428743,1:15627107112512376916,46167.345799;4565244254581545118,53969.611849;17922403805449423869,52875.076205;17646507938403848409,46664.006806;
2372183661,1:3056395092711954527,35228.131623;14613767527857410704,34217.542972;283835202728824867,46977.895003;7637151034289216736,28573.264411;17360042003900222261,35228.131623;
2201401675,1:16019251870190933755,38378.658583;10635819002710222542,50843.880798;16580398418232013335,nan;14747200488186132033,49528.345125;11624520679055476624,44632.584398;6027998910130031744,58067.882472;3133395692337742350,35378.681317;6077353454319284396,28573.264411;
2371972394,1:15627107112512376916,46167.345799;4565244254581545118,53969.611849;17922403805449423869,52875.076205;17646507938403848409,46664.006806;
90107745,1:15627107112512376916,46167.345799;4565244254581545118,53969.611849;17922403805449423869,52875.076205;17646507938403848409,46664.006806;
835799938,1:16019251870190933755,38378.658583;10635819002710222542,50843.880798;16580398418232013335,nan;14747200488186132033,49528.345125;11624520679055476624,44632.584398;6027998910130031744,58067.882472;3133395692337742350,35378.681317;6077353454319284396,28573.264411;
1352381825,1:
567466999,1:15627107112512376916,46167.345799;4565244254581545118,53969.611849;17922403805449423869,52875.076205;17646507938403848409,46664.006806;
922772132,1:15627107112512376916,46167.345799;4565244254581545118,53969.611849;17922403805449423869,52875.076205;17646507938403848409,46664.006806;
1887683280,1:
3222393353,1:15627107112512376916,46167.345799;4565244254581545118,53969.611849;17922403805449423869,52875.076205;17646507938403848409,46664.006806;
2374666577,1:15627107112512376916,46167.345799;4565244254581545118,53969.611849;17922403805449423869,52875.076205;17646507938403848409,46664.006806;
3931342562,1:15627107112512376916,46167.345799;4565244254581545118,53969.611849;17922403805449423869,52875.076205;17646507938403848409,46664.006806;
1793735024,1:15627107112512376916,46167.345799;4565244254581545118,53969.611849;17922403805449423869,52875.076205;17646507938403848409,46664.006806;
2491670873,1:16019251870190933755,38378.658583;10635819002710222542,50843.880798;16580398418232013335,nan;14747200488186132033,49528.345125;11624520679055476624,44632.584398;6027998910130031744,58067.882472;3133395692337742350,35378.681317;6077353454319284396,28573.264411;
2127282886,1:15627107112512376916,46167.345799;4565244254581545118,53969.611849;17922403805449423869,52875.076205;17646507938403848409,46664.006806;
3776058750,1:15627107112512376916,46167.345799;4565244254581545118,53969.611849;17922403805449423869,52875.076205;17646507938403848409,46664.006806;
1359281728,1:15627107112512376916,46167.345799;4565244254581545118,53969.611849;17922403805449423869,52875.076205;17646507938403848409,46664.006806;
609010171,1:15627107112512376916,46167.345799;4565244254581545118,53969.611849;17922403805449423869,52875.076205;17646507938403848409,46664.006806;
566209204,1:15627107112512376916,46167.345799;4565244254581545118,53969.611849;17922403805449423869,52875.076205;17646507938403848409,46664.006806;
2599481366,1:15627107112512376916,46167.345799;4565244254581545118,53969.611849;17922403805449423869,52875.076205;17646507938403848409,46664.006806;
1359613873,1:15627107112512376916,46167.345799;4565244254581545118,53969.611849;17922403805449423869,52875.076205;17646507938403848409,46664.006806;
2597109524,1:15627107112512376916,46167.345799;4565244254581545118,53969.611849;17922403805449423869,52875.076205;17646507938403848409,46664.006806;
1359426565,1:16019251870190933755,38378.658583;10635819002710222542,50843.880798;16580398418232013335,nan;14747200488186132033,49528.345125;11624520679055476624,44632.584398;6027998910130031744,58067.882472;3133395692337742350,35378.681317;6077353454319284396,28573.264411;
3378029156,1:16019251870190933755,38378.658583;10635819002710222542,50843.880798;16580398418232013335,nan;14747200488186132033,49528.345125;11624520679055476624,44632.584398;6027998910130031744,58067.882472;3133395692337742350,35378.681317;6077353454319284396,28573.264411;
1505833778,1:15627107112512376916,46167.345799;4565244254581545118,53969.611849;17922403805449423869,52875.076205;17646507938403848409,46664.006806;
610124218,1:15627107112512376916,46167.345799;4565244254581545118,53969.611849;17922403805449423869,52875.076205;17646507938403848409,46664.006806;
3804413043,1:15627107112512376916,46167.345799;4565244254581545118,53969.611849;17922403805449423869,52875.076205;17646507938403848409,46664.006806;
3768907287,1:15627107112512376916,46167.345799;4565244254581545118,53969.611849;17922403805449423869,52875.076205;17646507938403848409,46664.006806;
1360577638,1:16019251870190933755,38378.658583;10635819002710222542,50843.880798;16580398418232013335,nan;14747200488186132033,49528.345125;11624520679055476624,44632.584398;6027998910130031744,58067.882472;3133395692337742350,35378.681317;6077353454319284396,28573.264411;
1891572100,1:15627107112512376916,46167.345799;4565244254581545118,53969.611849;17922403805449423869,52875.076205;17646507938403848409,46664.006806;
3771171345,1:15627107112512376916,46167.345799;4565244254581545118,53969.611849;17922403805449423869,52875.076205;17646507938403848409,46664.006806;
3371919866,1:16019251870190933755,38378.658583;10635819002710222542,50843.880798;16580398418232013335,nan;14747200488186132033,49528.345125;11624520679055476624,44632.584398;6027998910130031744,58067.882472;3133395692337742350,35378.681317;6077353454319284396,28573.264411;
2595995477,1:15627107112512376916,46167.345799;4565244254581545118,53969.611849;17922403805449423869,52875.076205;17646507938403848409,46664.006806;
2678086763,1:16019251870190933755,38378.658583;10635819002710222542,50843.880798;16580398418232013335,nan;14747200488186132033,49528.345125;11624520679055476624,44632.584398;6027998910130031744,58067.882472;3133395692337742350,35378.681317;6077353454319284396,28573.264411;
294341343,1:15627107112512376916,46167.345799;4565244254581545118,53969.611849;17922403805449423869,52875.076205;17646507938403848409,46664.006806;
4228624926,1:15627107112512376916,46167.345799;4565244254581545118,53969.611849;17922403805449423869,52875.076205;17646507938403848409,46664.006806;
1752490190,1:16019251870190933755,38378.658583;10635819002710222542,50843.880798;16580398418232013335,nan;14747200488186132033,49528.345125;11624520679055476624,44632.584398;6027998910130031744,58067.882472;3133395692337742350,35378.681317;6077353454319284396,28573.264411;
923741341,2:15627107112512376916,46167.345799;4565244254581545118,53969.611849;17922403805449423869,52875.076205;17646507938403848409,46664.006806;
3551702496,1:16019251870190933755,38378.658583;10635819002710222542,50843.880798;16580398418232013335,nan;14747200488186132033,49528.345125;11624520679055476624,44632.584398;6027998910130031744,58067.882472;3133395692337742350,35378.681317;6077353454319284396,28573.264411;
4112728454,1:16019251870190933755,38378.658583;10635819002710222542,50843.880798;16580398418232013335,nan;14747200488186132033,49528.345125;11624520679055476624,44632.584398;6027998910130031744,58067.882472;3133395692337742350,35378.681317;6077353454319284396,28573.264411;
1793707929,1:
1358427952,1:16019251870190933755,38378.658583;10635819002710222542,50843.880798;16580398418232013335,nan;14747200488186132033,49528.345125;11624520679055476624,44632.584398;6027998910130031744,58067.882472;3133395692337742350,35378.681317;6077353454319284396,28573.264411;
692994940,1:15627107112512376916,46167.345799;4565244254581545118,53969.611849;17922403805449423869,52875.076205;17646507938403848409,46664.006806;
1758455732,1:16019251870190933755,38378.658583;10635819002710222542,50843.880798;16580398418232013335,nan;14747200488186132033,49528.345125;11624520679055476624,44632.584398;6027998910130031744,58067.882472;3133395692337742350,35378.681317;6077353454319284396,28573.264411;
921339008,1:
568724794,1:15627107112512376916,46167.345799;4565244254581545118,53969.611849;17922403805449423869,52875.076205;17646507938403848409,46664.006806;
251935228,1:16019251870190933755,38378.658583;10635819002710222542,50843.880798;16580398418232013335,nan;14747200488186132033,49528.345125;11624520679055476624,44632.584398;6027998910130031744,58067.882472;3133395692337742350,35378.681317;6077353454319284396,28573.264411;
2404064131,1:15627107112512376916,46167.345799;4565244254581545118,53969.611849;17922403805449423869,52875.076205;17646507938403848409,46664.006806;
227532957,1:
128903644,7:15627107112512376916,46167.345799;4565244254581545118,53969.611849;17922403805449423869,52875.076205;17646507938403848409,46664.006806;
647929934,1:15627107112512376916,46167.345799;4565244254581545118,53969.611849;17922403805449423869,52875.076205;17646507938403848409,46664.006806;
2229865957,1:16019251870190933755,38378.658583;10635819002710222542,50843.880798;16580398418232013335,nan;14747200488186132033,49528.345125;11624520679055476624,44632.584398;6027998910130031744,58067.882472;3133395692337742350,35378.681317;6077353454319284396,28573.264411;
2959450926,1:
4174880662,1:15627107112512376916,46167.345799;4565244254581545118,53969.611849;17922403805449423869,52875.076205;17646507938403848409,46664.006806;
690766846,1:15627107112512376916,46167.345799;4565244254581545118,53969.611849;17922403805449423869,52875.076205;17646507938403848409,46664.006806;
1753855796,1:16019251870190933755,38378.658583;10635819002710222542,50843.880798;16580398418232013335,nan;14747200488186132033,49528.345125;11624520679055476624,44632.584398;6027998910130031744,58067.882472;3133395692337742350,35378.681317;6077353454319284396,28573.264411;
1358212327,1:15627107112512376916,46167.345799;4565244254581545118,53969.611849;17922403805449423869,52875.076205;17646507938403848409,46664.006806;
1511623987,1:16019251870190933755,38378.658583;10635819002710222542,50843.880798;16580398418232013335,nan;14747200488186132033,49528.345125;11624520679055476624,44632.584398;6027998910130031744,58067.882472;3133395692337742350,35378.681317;6077353454319284396,28573.264411;
652781464,1:15627107112512376916,46167.345799;4565244254581545118,53969.611849;17922403805449423869,52875.076205;17646507938403848409,46664.006806;
2567616917,1:
6379394,1:
3082940663,1:16019251870190933755,38378.658583;10635819002710222542,50843.880798;16580398418232013335,nan;14747200488186132033,49528.345125;11624520679055476624,44632.584398;6027998910130031744,58067.882472;3133395692337742350,35378.681317;6077353454319284396,28573.264411;
2373110354,1:16019251870190933755,38378.658583;10635819002710222542,50843.880798;16580398418232013335,nan;14747200488186132033,49528.345125;11624520679055476624,44632.584398;6027998910130031744,58067.882472;3133395692337742350,35378.681317;6077353454319284396,28573.264411;
1790439666,1:
2967759311,1:15627107112512376916,46167.345799;4565244254581545118,53969.611849;17922403805449423869,52875.076205;17646507938403848409,46664.006806;
567323251,1:15627107112512376916,46167.345799;4565244254581545118,53969.611849;17922403805449423869,52875.076205;17646507938403848409,46664.006806;
2370893195,1:15627107112512376916,46167.345799;4565244254581545118,53969.611849;17922403805449423869,52875.076205;17646507938403848409,46664.006806;
2369708359,1:15627107112512376916,46167.345799;4565244254581545118,53969.611849;17922403805449423869,52875.076205;17646507938403848409,46664.006806;
1994846619,1:16019251870190933755,38378.658583;10635819002710222542,50843.880798;16580398418232013335,nan;14747200488186132033,49528.345125;11624520679055476624,44632.584398;6027998910130031744,58067.882472;3133395692337742350,35378.681317;6077353454319284396,28573.264411;
2004048380,1:15627107112512376916,46167.345799;4565244254581545118,53969.611849;17922403805449423869,52875.076205;17646507938403848409,46664.006806;
690623098,1:15627107112512376916,46167.345799;4565244254581545118,53969.611849;17922403805449423869,52875.076205;17646507938403848409,46664.006806;
1892607739,1:15627107112512376916,46167.345799;4565244254581545118,53969.611849;17922403805449423869,52875.076205;17646507938403848409,46664.006806;
2120238141,1:15627107112512376916,46167.345799;4565244254581545118,53969.611849;17922403805449423869,52875.076205;17646507938403848409,46664.006806;
576846556,1:15627107112512376916,46167.345799;4565244254581545118,53969.611849;17922403805449423869,52875.076205;17646507938403848409,46664.006806;
4175927191,1:15627107112512376916,46167.345799;4565244254581545118,53969.611849;17922403805449423869,52875.076205;17646507938403848409,46664.006806;
90359304,1:15627107112512376916,46167.345799;4565244254581545118,53969.611849;17922403805449423869,52875.076205;17646507938403848409,46664.006806;
4177079353,1:15627107112512376916,46167.345799;4565244254581545118,53969.611849;17922403805449423869,52875.076205;17646507938403848409,46664.006806;
1756263575,1:16019251870190933755,38378.658583;10635819002710222542,50843.880798;16580398418232013335,nan;14747200488186132033,49528.345125;11624520679055476624,44632.584398;6027998910130031744,58067.882472;3133395692337742350,35378.681317;6077353454319284396,28573.264411;
2368626981,2:
2865922881,1:16019251870190933755,38378.658583;10635819002710222542,50843.880798;16580398418232013335,nan;14747200488186132033,49528.345125;11624520679055476624,44632.584398;6027998910130031744,58067.882472;3133395692337742350,35378.681317;6077353454319284396,28573.264411;
2637466779,2:15627107112512376916,46167.345799;4565244254581545118,53969.611849;17922403805449423869,52875.076205;17646507938403848409,46664.006806;
1277550496,1:
1355800197,1:15627107112512376916,46167.345799;4565244254581545118,53969.611849;17922403805449423869,52875.076205;17646507938403848409,46664.006806;
2404132738,1:15627107112512376916,46167.345799;4565244254581545118,53969.611849;17922403805449423869,52875.076205;17646507938403848409,46664.006806;
3078192620,1:15627107112512376916,46167.345799;4565244254581545118,53969.611849;17922403805449423869,52875.076205;17646507938403848409,46664.006806;
616017886,1:15627107112512376916,46167.345799;4565244254581545118,53969.611849;17922403805449423869,52875.076205;17646507938403848409,46664.006806;
616161634,1:15627107112512376916,46167.345799;4565244254581545118,53969.611849;17922403805449423869,52875.076205;17646507938403848409,46664.006806;
2788249509,1:
4171185689,1:16019251870190933755,38378.658583;10635819002710222542,50843.880798;16580398418232013335,nan;14747200488186132033,49528.345125;11624520679055476624,44632.584398;6027998910130031744,58067.882472;3133395692337742350,35378.681317;6077353454319284396,28573.264411;
90065274,1:15627107112512376916,46167.345799;4565244254581545118,53969.611849;17922403805449423869,52875.076205;17646507938403848409,46664.006806;
87690165,1:15627107112512376916,46167.345799;4565244254581545118,53969.611849;17922403805449423869,52875.076205;17646507938403848409,46664.006806;
4177222012,1:15627107112512376916,46167.345799;4565244254581545118,53969.611849;17922403805449423869,52875.076205;17646507938403848409,46664.006806;
3078194798,1:15627107112512376916,46167.345799;4565244254581545118,53969.611849;17922403805449423869,52875.076205;17646507938403848409,46664.006806;
4112650046,1:15627107112512376916,46167.345799;4565244254581545118,53969.611849;17922403805449423869,52875.076205;17646507938403848409,46664.006806;
2368595404,1:15627107112512376916,46167.345799;4565244254581545118,53969.611849;17922403805449423869,52875.076205;17646507938403848409,46664.006806;
2596139225,1:15627107112512376916,46167.345799;4565244254581545118,53969.611849;17922403805449423869,52875.076205;17646507938403848409,46664.006806;
4176064405,1:15627107112512376916,46167.345799;4565244254581545118,53969.611849;17922403805449423869,52875.076205;17646507938403848409,46664.006806;
606638329,1:15627107112512376916,46167.345799;4565244254581545118,53969.611849;17922403805449423869,52875.076205;17646507938403848409,46664.006806;
691880893,1:15627107112512376916,46167.345799;4565244254581545118,53969.611849;17922403805449423869,52875.076205;17646507938403848409,46664.006806;
1505837045,1:15627107112512376916,46167.345799;4565244254581545118,53969.611849;17922403805449423869,52875.076205;17646507938403848409,46664.006806;
3805634897,1:16019251870190933755,38378.658583;10635819002710222542,50843.880798;16580398418232013335,nan;14747200488186132033,49528.345125;11624520679055476624,44632.584398;6027998910130031744,58067.882472;3133395692337742350,35378.681317;6077353454319284396,28573.264411;
3042473424,1:15627107112512376916,46167.345799;4565244254581545118,53969.611849;17922403805449423869,52875.076205;17646507938403848409,46664.006806;
2598511067,1:15627107112512376916,46167.345799;4565244254581545118,53969.611849;17922403805449423869,52875.076205;17646507938403848409,46664.006806;
2967901967,1:15627107112512376916,46167.345799;4565244254581545118,53969.611849;17922403805449423869,52875.076205;17646507938403848409,46664.006806;
2451494436,1:15627107112512376916,46167.345799;4565244254581545118,53969.611849;17922403805449423869,52875.076205;17646507938403848409,46664.006806;
917807862,1:16019251870190933755,38378.658583;10635819002710222542,50843.880798;16580398418232013335,nan;14747200488186132033,49528.345125;11624520679055476624,44632.584398;6027998910130031744,58067.882472;3133395692337742350,35378.681317;6077353454319284396,28573.264411;
3310397162,1:15627107112512376916,46167.345799;4565244254581545118,53969.611849;17922403805449423869,52875.076205;17646507938403848409,46664.006806;
2371969127,1:15627107112512376916,46167.345799;4565244254581545118,53969.611849;17922403805449423869,52875.076205;17646507938403848409,46664.006806;
2413553676,1:15627107112512376916,46167.345799;4565244254581545118,53969.611849;17922403805449423869,52875.076205;17646507938403848409,46664.006806;
3417164549,1:15627107112512376916,46167.345799;4565244254581545118,53969.611849;17922403805449423869,52875.076205;17646507938403848409,46664.006806;
689652799,1:15627107112512376916,46167.345799;4565244254581545118,53969.611849;17922403805449423869,52875.076205;17646507938403848409,46664.006806;
611274194,1:15627107112512376916,46167.345799;4565244254581545118,53969.611849;17922403805449423869,52875.076205;17646507938403848409,46664.006806;
4176109054,1:15627107112512376916,46167.345799;4565244254581545118,53969.611849;17922403805449423869,52875.076205;17646507938403848409,46664.006806;
2412613869,1:15627107112512376916,46167.345799;4565244254581545118,53969.611849;17922403805449423869,52875.076205;17646507938403848409,46664.006806;
1724843920,1:
1353358658,1:15627107112512376916,46167.345799;4565244254581545118,53969.611849;17922403805449423869,52875.076205;17646507938403848409,46664.006806;
608866423,1:15627107112512376916,46167.345799;4565244254581545118,53969.611849;17922403805449423869,52875.076205;17646507938403848409,46664.006806;
2375710928,1:15627107112512376916,46167.345799;4565244254581545118,53969.611849;17922403805449423869,52875.076205;17646507938403848409,46664.006806;
1759641653,1:16019251870190933755,38378.658583;10635819002710222542,50843.880798;16580398418232013335,nan;14747200488186132033,49528.345125;11624520679055476624,44632.584398;6027998910130031744,58067.882472;3133395692337742350,35378.681317;6077353454319284396,28573.264411;
17753476,1:16019251870190933755,38378.658583;10635819002710222542,50843.880798;16580398418232013335,nan;14747200488186132033,49528.345125;11624520679055476624,44632.584398;6027998910130031744,58067.882472;3133395692337742350,35378.681317;6077353454319284396,28573.264411;
4171077878,1:16019251870190933755,38378.658583;10635819002710222542,50843.880798;16580398418232013335,nan;14747200488186132033,49528.345125;11624520679055476624,44632.584398;6027998910130031744,58067.882472;3133395692337742350,35378.681317;6077353454319284396,28573.264411;
2405207581,1:15627107112512376916,46167.345799;4565244254581545118,53969.611849;17922403805449423869,52875.076205;17646507938403848409,46664.006806;
3311467649,1:15627107112512376916,46167.345799;4565244254581545118,53969.611849;17922403805449423869,52875.076205;17646507938403848409,46664.006806;
4177147960,1:15627107112512376916,46167.345799;4565244254581545118,53969.611849;17922403805449423869,52875.076205;17646507938403848409,46664.006806;
653931421,1:15627107112512376916,46167.345799;4565244254581545118,53969.611849;17922403805449423869,52875.076205;17646507938403848409,46664.006806;
89167938,1:15627107112512376916,46167.345799;4565244254581545118,53969.611849;17922403805449423869,52875.076205;17646507938403848409,46664.006806;
4174699892,1:16019251870190933755,38378.658583;10635819002710222542,50843.880798;16580398418232013335,nan;14747200488186132033,49528.345125;11624520679055476624,44632.584398;6027998910130031744,58067.882472;3133395692337742350,35378.681317;6077353454319284396,28573.264411;
2373338001,1:15627107112512376916,46167.345799;4565244254581545118,53969.611849;17922403805449423869,52875.076205;17646507938403848409,46664.006806;
1757305748,1:16019251870190933755,38378.658583;10635819002710222542,50843.880798;16580398418232013335,nan;14747200488186132033,49528.345125;11624520679055476624,44632.584398;6027998910130031744,58067.882472;3133395692337742350,35378.681317;6077353454319284396,28573.264411;
566065456,1:15627107112512376916,46167.345799;4565244254581545118,53969.611849;17922403805449423869,52875.076205;17646507938403848409,46664.006806;
2566649885,1:15627107112512376916,46167.345799;4565244254581545118,53969.611849;17922403805449423869,52875.076205;17646507938403848409,46664.006806;
88879353,1:15627107112512376916,46167.345799;4565244254581545118,53969.611849;17922403805449423869,52875.076205;17646507938403848409,46664.006806;
2412301563,1:
2966789012,1:15627107112512376916,46167.345799;4565244254581545118,53969.611849;17922403805449423869,52875.076205;17646507938403848409,46664.006806;
1793765513,1:15627107112512376916,46167.345799;4565244254581545118,53969.611849;17922403805449423869,52875.076205;17646507938403848409,46664.006806;
3767793240,1:15627107112512376916,46167.345799;4565244254581545118,53969.611849;17922403805449423869,52875.076205;17646507938403848409,46664.006806;
2090692482,1:15627107112512376916,46167.345799;4565244254581545118,53969.611849;17922403805449423869,52875.076205;17646507938403848409,46664.006806;
2445785898,1:16019251870190933755,38378.658583;10635819002710222542,50843.880798;16580398418232013335,nan;14747200488186132033,49528.345125;11624520679055476624,44632.584398;6027998910130031744,58067.882472;3133395692337742350,35378.681317;6077353454319284396,28573.264411;
2955919299,1:
834764299,1:16019251870190933755,38378.658583;10635819002710222542,50843.880798;16580398418232013335,nan;14747200488186132033,49528.345125;11624520679055476624,44632.584398;6027998910130031744,58067.882472;3133395692337742350,35378.681317;6077353454319284396,28573.264411;
1756155764,1:16019251870190933755,38378.658583;10635819002710222542,50843.880798;16580398418232013335,nan;14747200488186132033,49528.345125;11624520679055476624,44632.584398;6027998910130031744,58067.882472;3133395692337742350,35378.681317;6077353454319284396,28573.264411;
251645554,1:16019251870190933755,38378.658583;10635819002710222542,50843.880798;16580398418232013335,nan;14747200488186132033,49528.345125;11624520679055476624,44632.584398;6027998910130031744,58067.882472;3133395692337742350,35378.681317;6077353454319284396,28573.264411;
1359606247,1:16019251870190933755,38378.658583;10635819002710222542,50843.880798;16580398418232013335,nan;14747200488186132033,49528.345125;11624520679055476624,44632.584398;6027998910130031744,58067.882472;3133395692337742350,35378.681317;6077353454319284396,28573.264411;
1160520121,1:
90244959,1:15627107112512376916,46167.345799;4565244254581545118,53969.611849;17922403805449423869,52875.076205;17646507938403848409,46664.006806;
800441202,1:16019251870190933755,38378.658583;10635819002710222542,50843.880798;16580398418232013335,nan;14747200488186132033,49528.345125;11624520679055476624,44632.584398;6027998910130031744,58067.882472;3133395692337742350,35378.681317;6077353454319284396,28573.264411;
4175994709,1:15627107112512376916,46167.345799;4565244254581545118,53969.611849;17922403805449423869,52875.076205;17646507938403848409,46664.006806;
2459572595,1:16019251870190933755,38378.658583;10635819002710222542,50843.880798;16580398418232013335,nan;14747200488186132033,49528.345125;11624520679055476624,44632.584398;6027998910130031744,58067.882472;3133395692337742350,35378.681317;6077353454319284396,28573.264411;
2567939261,1:3056395092711954527,35228.131623;14613767527857410704,34217.542972;283835202728824867,46977.895003;7637151034289216736,28573.264411;17360042003900222261,35228.131623;
2594989241,1:15627107112512376916,46167.345799;4565244254581545118,53969.611849;17922403805449423869,52875.076205;17646507938403848409,46664.006806;
2957005032,1:
4173621782,1:16019251870190933755,38378.658583;10635819002710222542,50843.880798;16580398418232013335,nan;14747200488186132033,49528.345125;11624520679055476624,44632.584398;6027998910130031744,58067.882472;3133395692337742350,35378.681317;6077353454319284396,28573.264411;
1754897969,1:16019251870190933755,38378.658583;10635819002710222542,50843.880798;16580398418232013335,nan;14747200488186132033,49528.345125;11624520679055476624,44632.584398;6027998910130031744,58067.882472;3133395692337742350,35378.681317;6077353454319284396,28573.264411;
684873170,1:15627107112512376916,46167.345799;4565244254581545118,53969.611849;17922403805449423869,52875.076205;17646507938403848409,46664.006806;
2538139289,1:16019251870190933755,38378.658583;10635819002710222542,50843.880798;16580398418232013335,nan;14747200488186132033,49528.345125;11624520679055476624,44632.584398;6027998910130031744,58067.882472;3133395692337742350,35378.681317;6077353454319284396,28573.264411;
3770654565,1:16019251870190933755,38378.658583;10635819002710222542,50843.880798;16580398418232013335,nan;14747200488186132033,49528.345125;11624520679055476624,44632.584398;6027998910130031744,58067.882472;3133395692337742350,35378.681317;6077353454319284396,28573.264411;
919109828,1:
3583607618,1:
1721835929,1:
3488940256,1:
255384091,1:16019251870190933755,38378.658583;10635819002710222542,50843.880798;16580398418232013335,nan;14747200488186132033,49528.345125;11624520679055476624,44632.584398;6027998910130031744,58067.882472;3133395692337742350,35378.681317;6077353454319284396,28573.264411;
569874770,1:15627107112512376916,46167.345799;4565244254581545118,53969.611849;17922403805449423869,52875.076205;17646507938403848409,46664.006806;
2373148469,2:16019251870190933755,38378.658583;10635819002710222542,50843.880798;16580398418232013335,nan;14747200488186132033,49528.345125;11624520679055476624,44632.584398;6027998910130031744,58067.882472;3133395692337742350,35378.681317;6077353454319284396,28573.264411;
2229929119,1:16019251870190933755,38378.658583;10635819002710222542,50843.880798;16580398418232013335,nan;14747200488186132033,49528.345125;11624520679055476624,44632.584398;6027998910130031744,58067.882472;3133395692337742350,35378.681317;6077353454319284396,28573.264411;
3556950849,1:3056395092711954527,35228.131623;14613767527857410704,34217.542972;283835202728824867,46977.895003;7637151034289216736,28573.264411;17360042003900222261,35228.131623;
1721692185,1:
4171323992,1:16019251870190933755,38378.658583;10635819002710222542,50843.880798;16580398418232013335,nan;14747200488186132033,49528.345125;11624520679055476624,44632.584398;6027998910130031744,58067.882472;3133395692337742350,35378.681317;6077353454319284396,28573.264411;
1875645375,1:16019251870190933755,38378.658583;10635819002710222542,50843.880798;16580398418232013335,nan;14747200488186132033,49528.345125;11624520679055476624,44632.584398;6027998910130031744,58067.882472;3133395692337742350,35378.681317;6077353454319284396,28573.264411;
1796250740,1:
2566756607,1:
1758563543,1:16019251870190933755,38378.658583;10635819002710222542,50843.880798;16580398418232013335,nan;14747200488186132033,49528.345125;11624520679055476624,44632.584398;6027998910130031744,58067.882472;3133395692337742350,35378.681317;6077353454319284396,28573.264411;
2787141993,1:
1753963607,1:16019251870190933755,38378.658583;10635819002710222542,50843.880798;16580398418232013335,nan;14747200488186132033,49528.345125;11624520679055476624,44632.584398;6027998910130031744,58067.882472;3133395692337742350,35378.681317;6077353454319284396,28573.264411;
1886747829,1:
1752705812,1:16019251870190933755,38378.658583;10635819002710222542,50843.880798;16580398418232013335,nan;14747200488186132033,49528.345125;11624520679055476624,44632.584398;6027998910130031744,58067.882472;3133395692337742350,35378.681317;6077353454319284396,28573.264411;
645809659,1:15627107112512376916,46167.345799;4565244254581545118,53969.611849;17922403805449423869,52875.076205;17646507938403848409,46664.006806;
1712420432,1:15627107112512376916,46167.345799;4565244254581545118,53969.611849;17922403805449423869,52875.076205;17646507938403848409,46664.006806;
1995780981,1:
