1680894722,inf,66822.380961
3340390081,57545.631326,inf
3804832543,58363.466252,58363.466252
3804832581,58363.466252,58363.466252
438405456,57363.466252,57363.466252
3066298620,56668.018506,inf
837021802,62059.629778,inf
838212079,65259.796176,inf
1891338366,63930.285182,64031.983334
1755751492,62279.838947,inf
1891530720,inf,67836.819835
2281376353,64992.361993,inf
1008722335,63806.805809,inf
31662960,62169.887142,62169.887142
2081067907,65485.697128,inf
2374445468,70549.463753,inf
3737532235,68021.846570,inf
4276960187,68021.846570,68021.846570
4275951778,66369.993769,66050.048971
4275951778,66050.048971,66369.993769
4275958312,66369.993769,66050.048971
4275958312,66050.048971,66369.993769
3668964439,66369.993769,66050.048971
3670042549,66369.993769,66050.048971
3670042549,66050.048971,66369.993769
1125800235,66844.282007,66844.282007
1680966659,inf,inf
882132534,57452.357187,57645.355290
3341432290,57452.357187,57452.357187
438369516,57294.958234,57363.466252
3067484565,56332.634945,56332.634945
1855796677,63252.843192,64507.826406
837023980,62047.390070,62071.974217
1891302426,63835.286264,63980.238333
1891374302,63835.286264,64031.983334
1892236789,63835.286264,64259.796176
2281376422,63878.883652,inf
4256481237,63925.813537,inf
3739832210,67021.846570,inf
4274811598,66050.048971,66050.048971
4275951778,65050.048971,inf
4275951778,65050.048971,inf
4275958312,65050.048971,inf
4275958312,65050.048971,inf
3670042549,65050.048971,inf
3670042549,65050.048971,inf
4276895944,66050.048971,66050.048971
4276895944,66050.048971,66050.048971
3157754966,64975.265294,inf
2127458252,65992.361993,66992.361993
1434047365,62986.467844,inf
794225191,57173.499262,57294.958234
1856910785,63018.788943,63018.788943
1852059325,62047.390070,61890.886220
1852095159,61890.886220,62047.390070
1892380536,62992.442284,64420.248764
1892380636,62992.442284,inf
838099910,62018.788943,inf
1600108412,63077.757748,64689.758034
959543983,63077.757748,inf
2291151221,66292.224286,67328.864160
3017102947,inf,64326.321476
4256553069,inf,62526.041237
926398456,68826.751237,inf
2932668359,69707.540663,70721.423009
3737747860,66741.925171,inf
4277002663,66741.925171,inf
4274811598,64787.045185,inf
2693804043,62325.473483,61844.554532
4274839912,64787.045185,inf
3666520796,65202.082684,65787.045185
4276895944,64787.045185,inf
4276895944,64787.045185,inf
2410044839,63002.176224,inf
2414896330,63002.176224,inf
3263377157,60639.459916,62584.137016
2161957735,62375.981957,62611.896556
3630727571,66050.048971,66050.048971
2693768109,61748.090033,62065.066959
4275700221,66050.048971,66050.048971
2696104077,61593.939267,61593.939267
1758015561,61190.315872,inf
2968405802,inf,60636.534922
956945749,61636.534922,inf
1471996901,61636.534922,inf
882196789,57258.112399,57388.177973
440741494,57848.675304,58152.309098
794257857,57173.272420,57173.499262
794257857,57173.272420,57173.499262
440741494,57606.699905,57902.008597
440741494,57606.699905,58152.309098
873897516,56234.669133,56296.225928
873897516,56234.669133,56296.225928
3068886045,56172.499989,56299.638410
838251283,inf,61852.249474
1886558808,61860.055693,62242.633948
1886594751,61860.055693,62507.704431
838073775,61860.055693,63252.843192
1082904027,68890.366791,68890.366791
3270848538,67961.436416,67961.436416
563819246,67961.436416,67961.436416
3017965441,inf,inf
3016887331,inf,inf
964429239,60153.036750,60153.036750
964429239,60153.036750,60153.036750
959540718,62967.842958,63669.432338
2292265305,65877.186786,inf
848371338,inf,61872.824902
4256624952,61526.041237,inf
2405245699,inf,68120.177857
2370814784,68120.177857,69411.713738
2370815873,68120.177857,inf
2371076149,68120.177857,inf
2933566785,67695.913475,inf
3631014975,64851.747888,66123.631789
3666556760,64568.462238,66369.993769
3669934878,64568.462238,66369.993769
2794220495,64536.403774,64536.403774
3194449906,61765.932343,inf
3195424561,61765.932343,inf
3197825810,61765.932343,inf
3196825019,61765.932343,inf
3262298979,60249.529493,60639.459916
2127458323,63793.002686,inf
879759607,60249.529493,60639.459916
3264347521,inf,59329.404046
2654776465,61622.989232,62186.854039
2693875890,61748.090033,61454.680932
2693983735,61454.680932,61748.090033
4274839912,64787.045185,inf
4275701310,66050.048971,66050.048971
4275701310,64787.045185,inf
2968441775,inf,inf
957949803,60636.534922,inf
956947923,60636.534922,inf
1398326023,60636.534922,inf
955692310,60636.534922,inf
2649588751,61582.880630,inf
3342833835,56258.112399,inf
440921051,57152.309098,inf
440741358,57152.309098,57194.544849
440741358,57152.309098,57238.054463
440741358,57152.309098,57329.219861
440741358,57152.309098,57530.896625
440741358,57152.309098,58045.610771
440741494,57152.309098,58152.309098
3068850105,56172.499989,56299.638410
837062095,62776.119538,63052.700771
1854431199,62776.119538,63275.093192
1854467005,62776.119538,63860.055693
837057731,61847.297190,61901.502795
1853173371,61847.297190,62060.234509
1853209206,61847.297190,62303.337275
1853209305,61847.297190,62953.165098
838070507,61776.119538,61987.078507
1886522872,61776.119538,62126.374388
3270855072,inf,66672.567112
2816935269,inf,inf
1157820039,inf,inf
2818336811,inf,inf
964436862,60119.257358,60187.626056
271183102,62726.804152,inf
4257595242,60396.936126,inf
4287351080,61778.878968,60617.387799
2370818056,inf,66901.446085
2371103374,inf,66901.446085
4217525491,67566.914666,67534.453971
3171306232,67924.169118,inf
3196680178,60765.932343,inf
2338673885,60765.932343,inf
2333930240,59672.489427,inf
1669887383,65514.037228,inf
2370945311,60765.932343,inf
3197827984,60765.932343,inf
4188343051,65641.478985,inf
4274807238,65912.562149,65787.045185
2659340459,61594.678992,61075.433185
4274839912,66050.048971,66050.048971
2697397775,61179.317297,61454.680932
1759237419,60153.036750,inf
914038057,59443.332625,59615.603361
1431495873,59455.041203,inf
1548794271,59455.041203,inf
956981682,59455.041203,inf
954285318,59455.041203,inf
955694484,59455.041203,inf
2679129001,60426.161889,inf
3344019780,56137.808394,56137.808394
3070179774,56117.580190,56178.064323
3070179774,56117.580190,56189.257793
3070179774,56117.580190,56211.908691
3070179774,56117.580190,56258.306126
3070179774,56117.580190,56227.586234
1857988896,61776.119538,inf
1886486874,61776.119538,61922.169578
1054405979,67360.571304,69197.865183
1087575830,66164.586232,64932.048122
1087611767,inf,64932.048122
564034967,65597.397682,inf
565148874,inf,65440.011860
2326441390,inf,63741.042418
3701164613,59502.321878,inf
4287315142,61100.974612,59925.854268
4287351153,61778.878968,59925.854268
3665334810,64743.683884,64743.683884
3666484890,64419.954945,65617.103172
3172384249,66924.169118,inf
2063660687,inf,69411.713738
2412380740,59584.732376,inf
2326441354,inf,64791.705253
2338853638,59584.732376,inf
2374480316,69381.850641,70493.565876
2371951615,59584.732376,inf
2417196298,59584.732376,inf
1396118286,59532.481339,59698.914215
879792277,58964.573393,62584.137016
3295181331,58210.276549,58407.029417
4188450928,64641.478985,inf
2161781316,62470.444645,62470.444645
4274807238,64568.462238,inf
2659376404,61112.845195,61038.966872
2660706039,61190.711876,61038.966872
2662035709,61410.099393,61139.113324
2695025875,61703.096066,61493.842962
2695025939,61947.934178,61493.842962
3628391567,66052.745166,65661.941116
2932380798,67695.913475,66575.613957
2200105771,56417.856550,inf
1366722481,65579.460264,65579.460264
184050792,59425.361519,inf
914036971,59374.297361,59526.898185
1393654243,59348.668525,59426.161889
2679344591,59357.160983,inf
223114311,59374.297361,inf
258799718,60374.297361,inf
442142901,57069.837515,57137.808394
442142939,57069.837515,57137.808394
442143039,57137.808394,57069.837515
1889002462,61770.017932,61770.951995
1889002533,61770.017932,61771.886664
973763385,64590.037787,64982.926018
973835230,64982.926018,64590.037787
974050881,64982.926018,64590.037787
2375595499,66241.071912,inf
1087647708,63760.109761,inf
3270889918,66024.974361,64826.219925
565220749,inf,64826.219925
2738772230,61054.289556,inf
1125800170,66844.282007,66844.282007
1764052945,59040.683731,inf
1126662720,66844.282007,66844.282007
964575162,59040.683731,inf
3808150554,59851.119325,inf
849557265,59532.979015,inf
852144825,59219.693267,58953.075334
3702278523,59073.777740,60087.284379
4287387016,60330.351679,59562.168998
4287422953,61778.878968,59562.168998
1364566254,64992.361993,64992.361993
2561721073,67695.913475,65952.682027
3665370781,65360.736130,64312.865265
3666305106,65360.736130,64312.865265
2617905137,62470.444645,inf
2794220495,63675.513134,63675.513134
2063732559,inf,66901.446085
2326477288,63710.711310,63741.042418
1395974570,59398.931660,59613.299093
1200441350,60483.853536,inf
3265533373,57680.715892,inf
880757124,57154.121744,59639.459916
4086365929,54811.601664,inf
2161816164,62427.288526,62514.931629
2161816164,62427.288526,62608.245358
2161816164,62427.288526,62815.199312
2624014362,61802.208983,60911.067856
3590442132,67108.502289,67108.502289
2625056599,62611.896556,60911.067856
2659520145,60911.067856,61179.317297
4274807238,65787.045185,66050.048971
2660742003,60911.067856,61179.317297
2661820086,61268.253166,60911.067856
4274810509,66050.048971,66050.048971
2662898255,61410.099393,60911.067856
4274811598,64787.045185,inf
2663149756,62179.317297,60911.067856
2663149819,inf,60911.067856
2695061878,62487.300606,60911.067856
2725369036,60964.442798,60964.442798
1761357665,60153.036750,60153.036750
98628449,59340.225765,59374.297361
1393402654,59340.225765,59426.161889
2680386889,59340.225765,59357.160983
1854467104,62776.119538,inf
259913767,59340.225765,inf
882275193,56025.847127,56025.847127
794328646,56025.847127,inf
3016851388,inf,64326.321476
1890116509,61817.323647,61688.512285
1890116547,61916.859320,61688.512285
1890152446,62139.251742,61688.512285
1890152512,62724.214242,61688.512285
1890188453,inf,61688.512285
838142383,61770.484888,61688.512285
1087719612,63787.985021,63655.070990
2738772296,60054.289556,inf
1126662621,66844.282007,66844.282007
2341369227,63002.176224,inf
2326585173,63710.711310,63710.711310
1675745055,59786.527277,59786.527277
1676823126,59692.540768,59692.540768
166693433,inf,57448.721527
849593261,inf,58532.979015
852072885,58953.075334,59205.015860
3702386335,58558.529652,59882.821332
2454904050,58882.821332,inf
4287458895,59562.168998,59562.168998
2598608193,inf,66634.476561
2335021482,64951.923003,inf
2013777248,64135.296052,inf
2200107949,55417.856550,inf
2655854571,62266.984160,61038.966872
3623683827,64895.916302,64765.072848
3624977552,65045.779678,64760.165819
2658442042,61179.317297,61454.680932
3068172307,60582.927054,60582.927054
2794220495,63938.895124,63594.701792
2794220495,63675.513134,63594.701792
3046784394,inf,66582.927054
3172420247,64687.888398,inf
2375373296,67790.829149,69590.075352
1201627275,59446.800378,inf
915441781,59340.225765,59374.297361
1202561568,59383.321984,59513.200878
3172420145,65786.470875,inf
3266791108,57047.717013,58305.301466
3073578216,59522.201581,inf
2336421940,53811.601664,inf
4149459282,63340.752521,inf
2620492530,61341.882281,inf
4274807238,64568.462238,inf
4274811598,66050.048971,66050.048971
4275701310,66050.048971,66050.048971
2725369036,61640.823981,60964.442798
2725369036,60964.442798,60964.442798
2561724343,68695.913475,70721.423009
964429239,60153.036750,60153.036750
1394696345,59340.225765,59340.225765
1394696385,59340.225765,59340.225765
1394732282,59340.225765,59340.225765
2680638250,59340.225765,59340.225765
2680638325,59340.225765,59340.225765
918932026,59340.225765,59340.225765
3016851388,inf,63227.934590
3103385596,inf,inf
4112820242,76980.348349,inf
1010670684,63431.019849,inf
1087683643,63655.070990,63787.985021
3270884473,64498.142407,63686.260190
3270885562,66530.237625,63686.260190
2739850405,59027.205022,inf
965440920,59027.205022,59054.289556
2326728847,inf,62672.042798
572277410,59664.533472,59721.102557
3809264532,57950.597238,61390.592814
3702386375,57851.526556,59882.821332
2454905139,57851.526556,inf
2454935635,57883.652231,57852.836759
888484950,65739.944861,inf
3235511059,66337.222615,66529.867692
3235547035,66337.222615,67337.222615
3235547100,66337.222615,inf
2335058516,63142.974751,63359.280420
2655890512,60911.067856,61179.317297
3623683893,64895.916302,64479.935963
2656968619,63325.473483,61663.040555
4274628646,65085.811958,64582.440781
2658226416,61454.680932,61844.554532
3624977617,65045.779678,64521.858872
4274667850,65045.779678,64642.837214
3068136436,60591.182566,60683.502209
2794220495,62753.695177,64936.203927
2959447655,63671.936163,inf
3122034673,63247.833613,63247.833613
1397160420,59383.321984,59383.321984
1397160460,59383.321984,59383.321984
1397196357,59383.321984,59383.321984
3160027709,59383.321984,59513.200878
144879366,59340.225765,59340.225765
4241613766,55945.492313,inf
3297660984,57030.152756,57065.497747
3069050150,59631.192245,59571.980579
3071242311,59981.433446,59470.152772
3072500106,60659.065990,59522.201581
2912544515,59728.599691,59681.642701
2915850723,60746.280053,59643.138304
2336450258,52781.555792,inf
2916102282,59643.138304,inf
4150645138,62289.939852,inf
879684466,inf,63958.066755
3010759527,62289.939852,inf
2622720626,61341.882281,61341.882281
2161918530,61341.882281,61341.882281
2699985177,61082.505192,61031.890100
2164183646,60814.419607,60814.419607
4275701310,64787.045185,inf
2698619639,60814.419607,60814.419607
2699985281,61082.505192,60982.990747
1672043505,61164.766217,inf
3660411473,64964.178177,65787.045185
2733011375,59971.176106,59677.870260
3661669328,64568.462238,65787.045185
2165340172,59970.065388,59970.065388
4275775359,66050.048971,66050.048971
2736425296,59327.093484,59874.843813
2295145854,59814.585316,61640.823981
2932668294,69707.540663,70721.423009
3885055730,54048.188955,inf
2561794039,65952.682027,inf
3887427515,52832.731260,52886.534429
964771349,inf,63806.805809
3887427608,52832.731260,52814.310545
1394804191,inf,inf
1512914455,inf,inf
252654457,inf,inf
145921567,inf,inf
260991815,inf,inf
527349602,60666.739490,inf
2372288203,63288.691251,inf
1004884794,inf,62481.908282
2740928477,inf,inf
3158653389,65844.282007,66844.282007
1794886952,inf,inf
960699411,59667.466539,inf
2327591369,inf,61647.478188
571413836,59664.533472,59692.540768
3017102947,inf,65465.937497
3809408319,57018.643523,61390.592814
888728686,inf,56986.539005
853186969,57859.059869,inf
2454934547,57835.080533,57868.162220
1364638161,65579.460264,65579.460264
3236696987,inf,inf
4042307098,inf,63200.784661
4042450877,63098.201690,63247.077493
3665227029,64980.980274,64814.981534
3665262970,65121.438840,64312.865265
4274626467,64812.282910,64144.000757
2657004591,63325.473483,60911.067856
3623863546,65085.811958,64144.000757
2658262350,61844.554532,61522.630486
4274665671,64920.273492,64144.000757
3625983828,65045.779678,64144.000757
3699762457,64144.000757,64209.997224
3606930176,62650.517049,inf
3068136501,60446.830014,60683.502209
2794221588,61636.542100,inf
165651157,59886.394929,60911.514105
2794250987,61596.020318,61596.020318
3926706688,inf,55898.175629
570881013,inf,65465.058431
2960412513,inf,63392.289716
3295325082,58407.029417,61464.169129
3173606066,64556.222481,63392.289716
1077979101,68199.923405,69969.137744
1397268267,inf,inf
1245254757,inf,inf
1202741286,inf,inf
4042619420,59794.327130,59839.505009
4042619482,59794.327130,59772.014137
4240212226,56919.669519,inf
3069050189,59631.192245,59515.103594
3070164202,59703.261381,59517.569706
3071278284,59419.916550,59522.201581
2913658567,59824.075313,59639.052229
2914736676,60091.743691,59569.457043
4151687273,61289.939852,inf
3013311024,61289.939852,inf
3010831309,61289.939852,inf
4275705664,64419.954945,66050.048971
2164257706,61042.096128,61124.078788
4275707840,66050.048971,66050.048971
2164257706,61042.096128,61211.002383
4275707840,64787.045185,inf
2164190181,60799.940111,60829.045900
2164190181,60799.940111,60858.750998
4275703488,66050.048971,66050.048971
2699733652,60941.055564,60826.301202
2700847665,61082.505192,60889.899918
571304936,60866.299073,inf
4275740510,64419.954945,inf
2733190966,59594.863922,59307.112577
3661705173,64568.462238,66369.993769
2736748793,59970.065388,59801.846060
2735526934,59180.606894,59575.127646
4275775359,64787.045185,inf
2200140615,52854.045942,inf
3887463452,52832.731260,52756.325287
3887571263,52683.763103,52832.731260
3887571356,52683.763103,52683.763103
3725411844,58223.272950,inf
4275779715,65050.048971,inf
2854083130,55928.161658,56015.699224
2375672816,62576.263770,inf
561813111,60662.069139,60671.425009
561849048,60662.069139,60680.841948
2373150691,62988.188055,63564.375764
2373186630,inf,61416.184900
2375702219,62529.549113,62576.263770
2932488612,69379.051330,70721.423009
2200110127,55280.836700,55569.268707
3588683286,63624.541817,63529.549113
2374443934,63529.549113,inf
536039069,58015.008150,58048.986611
536074934,58015.008150,58062.948289
2327627273,inf,inf
3068136371,60667.166903,60683.502209
2090766541,58631.678658,inf
572280680,58621.058033,inf
3017102947,inf,63227.934590
3810342650,inf,inf
167987136,inf,inf
888764590,55911.377509,inf
854372914,56832.803338,inf
2454939988,57828.549782,57835.080533
4290836970,inf,57491.558600
3269759059,66301.962251,66326.740858
2051342559,66301.962251,66326.740858
4042379003,63098.201690,63311.223993
4041157114,67267.015236,63098.201690
2658334197,61454.680932,61179.317297
4276930792,64063.216229,64063.216229
3606933443,61650.517049,inf
3068028555,60570.928256,60446.830014
3068100429,60446.830014,60706.714488
2794249898,61636.542100,61636.542100
165651231,59886.394929,inf
3046820335,inf,64066.379027
570952887,inf,64465.058431
880762574,59306.296222,59306.296222
3122071697,63193.125471,63229.239402
2375415765,inf,65086.753939
4244154148,63193.125471,63229.239402
2375441901,inf,64086.753939
3105705962,58162.000134,inf
3115967856,59638.781468,59794.327130
26031333,60162.340815,inf
3086464665,59631.192245,59407.664511
3070164264,59703.261381,59314.091282
3081747117,59728.599691,59549.299673
2913658629,59824.075313,59475.083411
4122913790,52500.268263,52474.616940
2337502230,52467.930032,52474.616940
4151795086,60279.065705,inf
3014209387,60279.065705,inf
3010831373,60279.065705,inf
4275703488,64787.045185,inf
2699661743,60884.564322,60720.005876
2164218500,61070.338746,60720.005876
2699733714,60941.055564,60720.005876
2164220677,61056.975687,60720.005876
2700847732,61082.505192,60720.005876
4275740510,65787.045185,65568.462238
1672295130,60437.614739,62701.635262
2733155032,59307.112577,59594.863922
2736712795,59697.561628,60331.126245
4275779715,66369.993769,66050.048971
2168924067,55928.161658,56015.699224
2721739501,59916.711789,59916.711789
2725476849,59220.916129,59679.228164
3887463518,52832.731260,52570.766857
2561869174,67695.913475,64908.579942
2938310402,63789.535386,inf
3726453987,57223.272950,inf
1005783249,60364.772261,inf
537045268,57000.372198,inf
1707764887,58233.331666,59070.588461
1881350257,58010.795637,inf
890022421,54877.955453,inf
882906794,55815.302180,inf
3704650365,57396.601584,58413.512283
3704650405,57396.601584,inf
852979192,62022.237169,inf
2051343652,inf,65283.390756
37484724,inf,57491.558600
351960557,63754.461874,63825.482866
3606962842,61560.782220,61560.782220
3607003136,60507.545206,60405.719765
2090764363,59637.723847,inf
166657393,inf,58886.394929
957922582,61636.534922,inf
571060698,inf,63423.175706
2959512999,inf,62338.563882
3106855914,57116.440806,inf
3109263655,57086.216830,57086.216830
4042655422,59794.327130,59505.368342
3069086122,59631.192245,59214.168534
2913407038,59728.599691,59389.840184
3014317164,59219.112534,inf
2564100543,59219.112534,inf
2161920708,60510.813424,61457.403928
4275703488,66050.048971,66050.048971
4275703488,64787.045185,inf
3659297395,64419.954945,65145.918623
2735455000,59445.786733,59105.997264
2737683087,60430.130589,59105.997264
2295108831,58916.711789,inf
963693209,inf,63806.805809
3886529084,52902.169766,52570.766857
2561864823,65952.682027,inf
763678737,57219.975758,57226.577694
763678737,57219.975758,57233.209981
2737754962,60062.932548,60923.925345
2855053331,55859.146568,55859.146568
4275779715,66050.048971,66369.993769
2737755026,59445.786733,60923.925345
2375705486,62455.642295,62529.549113
562891223,inf,59641.703356
1599102107,59205.678388,58809.118500
1599102214,58809.118500,59754.380829
1599102214,58809.118500,63276.403112
2597526812,76466.373164,inf
1648767041,58809.118500,59809.118500
1648767081,58809.118500,inf
1909812320,58595.758138,57595.758138
2081984217,56596.278941,57596.278941
892394230,54852.821330,54852.821330
884164596,54815.302180,inf
2454978107,inf,56396.601584
2063876376,inf,inf
854129181,61004.178129,inf
36083176,59562.168998,59562.168998
2333901996,62849.578536,62849.578536
4004321728,62849.578536,62849.578536
4003279615,62849.578536,62905.317997
2083468063,inf,60610.287387
4004285749,62849.578536,62963.297837
2083475683,inf,59562.168998
4004285821,62849.578536,62849.578536
4277101757,63049.220700,inf
2090691400,61665.333882,61699.454386
3067022317,60405.719765,60378.316219
2090762179,60658.065477,60687.361427
2794250987,61459.346326,61459.346326
574402839,inf,62026.297088
572138808,inf,62410.820045
648109626,61961.353912,62978.770338
3087614650,57116.440806,57116.440806
3087641875,57116.440806,57116.440806
3115965676,59214.168534,59870.603172
3034694385,59289.383898,59289.383898
3196303760,inf,66626.016721
4153987243,59219.112534,inf
955543113,61636.534922,inf
1394860518,59383.321984,59502.137475
4122841915,52424.066472,52445.995741
2337532722,52424.066472,52429.360101
2127458252,65992.361993,inf
879750895,60934.688452,inf
2702285144,59389.382417,59389.382417
2934788580,67165.090916,inf
2938490161,69707.540663,72013.157502
3726741451,57192.321465,57219.975758
2737790935,59923.925345,inf
2168925156,inf,54852.487068
797961548,59226.665857,60226.665857
2375708753,inf,61455.642295
562927232,59226.665857,inf
892466139,54852.821330,54826.954478
2374413934,inf,61359.816779
1005819161,60330.911447,60372.413257
3432141744,61410.876345,61359.816779
1089013309,61423.077184,61488.959489
2119087071,57199.845639,57200.358857
2119115386,57199.845639,57203.956506
2119116475,57199.845639,57208.079121
2119118652,57199.845639,57199.845639
659410793,58225.322420,58241.385623
1909848258,58182.480008,57179.841758
1909848324,inf,57179.841758
892394199,54811.438902,54857.214071
886392720,54811.438902,54819.175832
3704901963,56392.490717,56400.724199
1366722608,65579.460264,65579.460264
2368625899,60974.051065,61004.178129
37305032,58508.718421,inf
4004501376,63086.753939,63086.753939
4006621654,inf,61849.578536
1366866290,64992.361993,68575.466889
3926634814,53969.857878,67088.863264
354188543,61252.999461,inf
3705656120,68021.846570,62072.379502
3606962842,60443.315194,inf
3607031447,60359.709154,60359.709154
3434513586,61410.876345,61359.816779
3069106670,60359.709154,60359.709154
2794250987,61509.708013,61407.443939
2794250987,61459.346326,61407.443939
3012464599,61955.594849,inf
648145529,60955.594849,inf
574510651,61955.594849,62075.443005
574510748,61955.594849,62179.061784
3929186341,61955.594849,66523.399008
611453886,61955.594849,62411.712816
572318493,61955.594849,63030.420876
685915350,61955.594849,inf
3296475129,58407.029417,58639.459916
3174720116,inf,61276.936325
4244297863,62149.516606,inf
3108077731,57105.612410,57127.351092
3108077769,57105.612410,57149.422353
3109263655,57050.578972,57122.757370
3034694377,59190.535240,59289.383898
3085377846,59190.535240,59287.484047
2985927869,inf,inf
3196339699,66430.332019,66848.409142
2371073966,69411.713738,inf
3080670097,60370.333599,inf
1671971665,62716.857105,inf
2731933173,59056.171547,60101.207830
2295141498,57764.136603,62003.228329
2561907295,70721.423009,inf
2200217938,51412.139378,inf
764543407,56188.041639,inf
3756281659,56182.377865,56205.167608
714832863,52924.182226,inf
714760984,52924.182226,53931.718228
764869015,54339.738124,inf
4275779715,65050.048971,inf
2855125209,54534.954251,55200.277578
2856203349,54534.954251,56431.264237
797964814,58225.682854,inf
1005926965,59304.879495,inf
2375739246,inf,inf
2337493516,51604.130662,54515.345444
2375665791,inf,inf
3085376755,59176.263983,59238.195429
536949159,54572.355199,55580.984137
4222692052,inf,56168.939305
892286423,54801.255974,54870.363679
886464594,54801.255974,54811.438902
1545488065,62986.467844,inf
2455015130,56373.925962,56392.490717
3732071921,56056.520085,inf
855386939,inf,59954.278009
3177452006,61422.813477,inf
1639279747,59229.574557,60299.253698
2972215793,56620.472983,56620.472983
1639423459,inf,59268.259831
4006657598,inf,60422.813477
1366902163,inf,65761.926188
2483594034,60252.999461,inf
3194346451,59584.732376,59765.932343
4282852770,62942.122640,inf
2447850559,63002.176224,inf
3705656186,68021.846570,61074.071094
2090694667,60665.333882,inf
2119010843,58200.102225,59216.641158
2119011932,58200.102225,inf
2794250987,61124.131124,61739.848616
3012464662,60939.240916,inf
649115855,60939.240916,60955.594849
649259606,60939.240916,60955.594849
574546553,60939.240916,inf
3929222244,60939.240916,inf
612316341,60939.240916,inf
573180947,60939.240916,inf
685951253,60939.240916,inf
3174756086,inf,60261.234328
3122110906,61143.874176,inf
3108185542,56992.174102,57162.828712
3108221480,56992.174102,57179.035931
3065420585,59116.882037,59190.535240
3035628839,59116.882037,59190.535240
539417115,54996.021637,inf
3032322574,59116.882037,59206.897411
539453087,54572.355199,inf
3033185089,59116.882037,59238.195429
3196339761,66430.332019,67433.371643
4155245042,inf,inf
3081891959,59313.216702,59370.333599
3196339803,66430.332019,inf
3081891959,59313.216702,59370.333599
2371072877,69411.713738,71711.636207
2877829411,59313.216702,61449.994178
2877865375,59313.216702,inf
2563122621,62550.883675,57211.933057
4275707840,66050.048971,66050.048971
2702249241,59166.093737,59389.382417
2731789455,58998.151227,59607.716939
4275817830,66369.993769,66050.048971
2369702920,63066.374897,64274.206218
2771068563,58910.770904,58859.476809
3755203546,56182.377865,56193.727737
3756066035,56182.377865,56205.167608
2374467206,61765.932343,inf
714904831,51918.540633,inf
1671971630,63716.857105,inf
755274928,52918.540633,inf
2369638669,64627.447076,inf
2858790810,52918.540633,inf
1082975925,68890.366791,68890.366791
797965903,58225.682854,58214.667048
564292765,58214.667048,58225.682854
564328702,58214.667048,58225.682854
565191197,58214.667048,58225.682854
2375777362,inf,64750.737328
2374416112,inf,60288.542494
1006070713,59288.542494,59304.879495
2337608535,60288.542494,inf
2026933071,58288.542494,58288.542494
1678451010,58379.119494,57373.960234
1678451107,inf,57373.960234
2120237059,58182.313721,58188.639150
1804749685,64023.339962,65635.773284
1909884230,inf,55166.680084
1909812390,inf,57595.758138
3053416652,inf,55166.680084
886536566,inf,inf
2043190106,54374.958798,inf
855422883,inf,58954.278009
1750773945,inf,60924.403210
2375337359,69381.850641,69381.850641
3122000916,63392.468180,inf
3132135374,inf,61921.735721
2291637234,58469.876923,inf
4043841340,inf,inf
4105956200,inf,60336.773220
2333973869,59336.773220,inf
355446338,60966.570841,59777.716032
2483632149,inf,59777.716032
2374481404,71035.272106,70100.652795
4282853863,61935.438225,inf
19980480,62087.317927,inf
3709177942,61066.760604,61066.760604
2090659815,61699.454386,inf
3066950444,60342.544291,60469.570249
2090725155,60658.065477,60672.639091
166657468,59485.684644,58464.246827
2794258610,60114.490148,inf
3013398957,inf,inf
649331551,inf,inf
575660666,inf,inf
3930156672,inf,inf
612532028,inf,inf
686059130,inf,inf
103212837,60444.296654,60456.267889
103284743,60444.296654,60456.267889
3087721372,56984.600036,56992.174102
3085340822,59056.949233,59116.882037
3085340822,59056.949233,59116.882037
540603005,54376.292920,55383.539377
165435608,60326.551604,inf
3034406884,58128.916924,58253.572632
3034406884,58128.916924,58323.841627
3080634164,59269.057254,59313.216702
3080634164,59269.057254,59313.216702
2879015296,58461.004240,58640.126943
2879015296,58461.004240,58802.873490
3449092222,53924.182226,inf
2165188801,58998.151227,59320.202430
4275817830,65050.048971,inf
2860084510,56640.811534,56640.811534
890856723,63219.267064,inf
2939604134,67695.913475,inf
3889835293,51389.738066,51389.738066
764654484,55165.740424,55172.826806
802559306,52460.546573,inf
3660375535,64312.865265,65317.722960
2731969136,59971.176106,59945.878976
3662927065,64419.954945,65727.500615
889706715,63590.618099,inf
2770996719,58859.476809,58920.105035
765759816,54337.954559,54337.954559
765759816,54337.954559,54337.954559
1084018074,68890.366791,68890.366791
2452607401,60304.641408,60304.641408
1046356089,inf,59288.542494
1007005075,59288.542494,59288.542494
2337716289,59288.542494,inf
2306702658,59288.542494,inf
3973667425,inf,63162.928809
3973703369,inf,61995.046496
2405174917,59293.599702,inf
2062402890,58304.641408,58304.641408
539740515,54373.270440,54798.576877
1678486949,56373.960234,inf
1910027974,inf,54166.680084
3053524465,inf,54166.680084
2937715704,55368.142352,inf
2738869044,59445.786733,59445.786733
1039484402,55368.142352,inf
2368632427,inf,57940.212786
2005342114,inf,59924.403210
584508776,59681.718155,inf
585730703,59199.781732,inf
2291637327,57309.320286,inf
2291924693,57333.525629,57333.525629
2139983087,56333.525629,56336.773220
4105956270,inf,59333.525629
4007771711,inf,inf
2483637597,58696.146658,inf
659391793,61082.347125,inf
1078015035,69211.598266,69969.137744
4282927911,61254.624231,inf
1467001657,62986.467844,inf
3557849304,59338.362871,59338.362871
4242820045,60254.624231,inf
1208096589,57200.102225,inf
3607070654,59927.506792,60927.506792
2608061796,inf,58464.246827
2794258610,59114.490148,inf
1993373241,59927.506792,inf
3205697808,inf,59249.719329
3174827928,inf,59249.719329
102170626,60444.296654,60456.267889
103500297,60358.863713,61358.863713
103536272,60358.863713,inf
4282031712,inf,57856.443190
3123189015,58269.740299,inf
3122178425,57350.145436,57348.393502
3122180601,57348.393502,57348.393502
3111599557,56929.575778,56984.600036
3111599595,56929.575778,56984.600036
3111599695,56984.600036,56929.575778
3032070979,58032.437867,inf
3034406884,58047.855172,58191.010887
3034478857,57726.188079,59341.469784
3064090912,57444.620064,59116.882037
2876751265,58253.075067,inf
2879015296,58350.851350,58566.209317
2879015296,58350.851350,58802.873490
2879087269,57797.967364,inf
2907729025,57506.782527,59313.216702
4090893919,51784.885850,51784.885850
2754909287,57120.686515,57120.686515
3740407816,55470.085167,inf
2200282189,51231.794469,51434.894018
3759839427,56137.312025,inf
802561485,53350.050208,51914.380397
765760909,53332.638133,inf
2375779540,inf,63529.549113
566448987,57206.706645,inf
2086763769,inf,54166.680084
2097621328,51877.354023,51933.124289
2452613935,59272.621247,inf
893508340,inf,inf
2374418288,59272.621247,59304.641408
1007112886,inf,58272.621247
2413552594,59272.621247,59304.641408
2412612787,59272.621247,59304.641408
2333826854,60995.046496,inf
1043840500,inf,58272.621247
1091349213,inf,62488.959489
2061468562,58293.679852,72429.344062
2375810030,inf,61423.077184
1092355549,inf,inf
3034406884,58047.855172,58323.841627
570322902,54372.685788,54373.855330
1213702801,inf,inf
1912112353,inf,53166.105603
3053560361,inf,53166.105603
502062876,51933.124289,51933.124289
2086763838,inf,53166.105603
2952369155,61986.467844,54372.724579
2043154138,54372.724579,55381.284228
818623355,55934.445455,55920.558862
819701430,55920.558862,55929.063714
855458782,inf,56928.992692
857615007,54920.558862,54920.558862
2005342114,inf,58917.826885
585550957,59111.795289,60410.572164
2291924693,57335.960637,57333.525629
2291924693,57333.525629,57333.525629
4105992146,inf,58333.525629
2263354908,59667.891744,inf
2291924693,57333.525629,57333.525629
2254945557,58048.136515,inf
2258395538,57171.960955,inf
2295482587,58333.525629,inf
3927856672,inf,63959.994527
2253903479,59145.331732,inf
357746344,57333.525629,inf
3132135444,inf,60918.488130
4282888711,62260.494150,60254.624231
4282927911,60254.624231,inf
2119088161,57199.845639,57200.872258
401930824,inf,58918.966047
2046767314,inf,58918.966047
166729268,57028.949423,58028.949423
2016256800,59340.730226,58918.966047
166801180,57028.949423,inf
2017227132,59927.506792,58918.966047
60411785,58918.966047,inf
3126747868,60348.057015,60547.418074
103464394,60348.057015,60773.901213
3123219507,57848.426644,58856.443190
3122179512,57347.098984,57353.198335
4188826923,63567.442316,63972.830025
3122179512,57347.098984,57348.393502
4189905032,63702.718004,64562.957931
4189940970,63865.933989,65398.300260
3032286602,57792.555875,58320.319434
539417075,56000.372198,inf
3032286664,57792.555875,59161.187787
3085414871,57816.281966,58323.841627
3064054906,57444.620064,58076.370803
2876966888,57948.298568,58639.972066
2876966950,57948.298568,60017.626337
3080706035,58007.179182,58802.873490
2907693019,57506.782527,58163.178596
2754909287,57183.704591,57069.429229
2754909287,57120.686515,57069.429229
2561942137,65952.682027,inf
3759659734,55127.281066,55194.045601
3759659734,55127.281066,55379.002285
3195600979,59584.732376,inf
802596332,inf,50911.287790
765765258,inf,inf
2858754846,53328.714323,53924.182226
637676124,53916.764991,inf
637604245,53916.764991,54921.786120
2097652909,51840.924008,51877.354023
2098592713,51896.122392,51896.122392
2527587459,64233.287186,inf
538682687,51896.122392,51896.122392
4283036815,50821.834551,inf
2521475991,53103.806439,inf
1247196052,59613.870129,inf
2568611939,45968.553194,inf
764825451,47895.236733,48895.430818
2560649500,54784.699125,55784.511849
643461976,inf,47902.601538
3660627093,65787.045185,64889.628851
2182532600,46780.293704,inf
3297661050,56995.653024,57065.497747
3965330144,45304.112875,45304.427480
2069012211,48783.512778,48782.545504
1247231949,59194.231514,60208.079121
3063500595,63778.414268,63919.884385
800403088,inf,46902.443787
3020138991,inf,46902.449400
5265351,inf,36110.722452
2258682973,56166.403568,59111.795289
2213366448,43779.090399,inf
2363202094,inf,45450.171764
4056939250,inf,inf
637676190,52913.059982,inf
275055304,48688.641308,inf
3693116220,42303.821181,inf
3765697216,55347.428979,45901.407243
2811354005,inf,45902.322463
3487077659,inf,45902.322463
800404177,inf,45902.322463
501811316,51891.589771,47830.847709
2610408662,inf,45902.322463
1117268211,inf,37885.965121
3661561486,65202.082684,66050.048971
2735383123,59643.985364,59504.914033
1738159360,inf,45902.327367
2184868368,45779.867468,inf
3851887077,48783.029060,48784.276076
1476524964,54372.486836,inf
559399055,inf,50875.030166
545301513,49688.617576,49688.618394
22427469,54823.100759,inf
2375343893,69002.455246,69898.066543
3122003093,63306.967346,63306.967346
3132171320,inf,59918.488130
3896409752,inf,59250.270353
3782483645,41602.685568,inf
1249567926,inf,inf
3175744664,inf,21057.731808
4243076038,63167.657236,63202.069557
743448470,inf,inf
3663933359,64787.045185,66050.048971
4012587200,64685.320148,64352.115163
755086524,56415.682365,56425.701129
2213582035,42778.680350,inf
3854043298,49162.283452,48780.916548
2481229821,47688.637235,inf
4135353718,39133.982447,inf
3421446221,40885.965246,inf
2489415834,48688.617576,inf
2407434430,43587.141798,43587.195118
873682987,55794.156993,55797.460570
764865750,44902.320911,55347.428979
643569786,44902.320911,inf
3089102054,inf,44902.320911
2611630517,inf,44902.320911
4275775359,66050.048971,66050.048971
3046134639,44902.320911,inf
3852749593,48783.029060,48775.792681
3855444902,48775.792681,48775.792681
2481262491,inf,46688.633302
548751560,inf,46688.633302
1205405472,37303.445985,inf
4241434119,55904.160629,55863.980149
3114043308,59816.739234,50901.700156
2725476911,59529.496542,59529.496542
3420475825,41885.965246,inf
2405062594,42587.101398,inf
804861449,inf,46902.449400
3052194795,inf,46902.449400
3175600916,21472.769308,21057.731808
2979997422,inf,59340.225765
4091001730,50779.838079,inf
2406284477,42587.101398,inf
4181496865,37303.536099,37303.445985
4119356023,50782.359757,50782.359757
2406464165,42587.101398,inf
3061554932,56806.602312,inf
4182718718,37303.445985,37303.596610
547637417,63453.316809,47688.637235
3783705503,40602.685568,inf
3443090802,55859.146568,inf
2166485797,55817.883279,55817.883279
3061806453,55373.960234,56379.119494
2337494606,52424.066472,52497.085538
2410920324,42587.101398,inf
2336522129,51241.020322,51241.020322
2978883281,61409.193116,inf
2336524307,50782.359757,51784.885850
2405278213,42587.101398,inf
4179376582,37303.445985,37303.497454
3556771161,47901.982415,48902.134194
3089066158,inf,45902.327367
2567940357,inf,64945.073104
635340251,54458.646451,55463.985390
2342531875,59381.594544,44902.320911
3263934312,26472.769308,inf
2456195609,inf,52391.604600
3070179910,56203.964823,56207.818875
3968851941,inf,41303.706683
3787299203,39601.781323,39602.028523
1270513380,41177.610436,37885.965121
1852059222,61890.886220,62047.390070
277319336,inf,45688.633302
4089708068,51237.662208,inf
2257126689,42968.217378,42968.254982
2336495989,51203.962992,51203.962992
1802413775,inf,inf
2979997329,inf,60340.225765
1688486738,37303.445985,37303.511132
1868600629,56179.841758,inf
873677537,57806.602312,inf
4119463834,50779.838079,50784.885850
4182790657,37303.575512,37303.659907
548931186,inf,45688.633302
2337429261,52439.645780,inf
1469301559,60636.534922,inf
4122949727,52488.192968,52474.616940
4213588570,inf,36303.415555
2337497874,52501.897964,52474.616940
4213624609,inf,inf
2343466201,59338.362871,59338.362871
3264796705,25472.769308,inf
3069286386,59927.506792,inf
3545335510,inf,38174.498274
3166064032,59584.732376,inf
2408656359,42587.101398,inf
873687343,54373.960234,inf
550045262,inf,inf
583143207,60868.354308,inf
742298425,inf,54823.210273
2247489039,42688.633545,inf
2254747221,48772.100441,inf
3301596256,39177.610425,inf
2337531633,52429.360101,52429.360101
2414693866,62488.959489,62488.959489
2413543723,42072.518039,inf
3509757745,inf,38718.540907
3070179910,56205.890562,56211.683251
4102183871,inf,inf
3383460675,41150.409281,40885.965136
1079200959,66281.803700,66467.847171
4243147946,63167.657236,63229.239402
3138172857,inf,inf
2247491213,inf,inf
3067828327,59601.282660,48903.629898
3123079027,inf,48319.064405
2373537620,27640.296249,27640.296249
4240535627,55958.325669,55863.980149
3087825914,59816.739234,53883.220024
99742522,inf,inf
3114007371,59816.739234,52893.091518
4089923622,51220.005399,51241.020322
2404056323,42587.094641,43487.602515
1205405431,38303.486165,inf
2341087220,55929.208021,55863.980149
3087827003,59816.739234,51899.045600
3663747929,37718.496878,inf
3235546996,66337.222615,66752.260114
455788555,inf,41688.633047
1054513797,68890.366791,inf
764863566,55347.428979,46899.361809
3419182094,42885.965388,inf
3062848731,inf,inf
4184120231,36303.415555,inf
44328904,38303.445985,inf
493653652,49664.375367,49682.338909
3509865558,inf,37718.463197
3265012327,23472.769308,inf
800339924,50903.937080,50904.516061
4180418819,37303.445985,37303.508742
2560651677,69908.804388,53784.471175
2367554320,inf,54910.795610
3155096713,inf,50320.053950
3175457168,21150.841213,21057.731808
803967383,48902.606045,inf
2296037748,57547.122470,57547.122470
4138839639,38718.600471,39718.681814
3427591413,47280.247345,inf
1195691457,40865.208966,inf
2754909248,57044.467713,57125.435742
4281887914,54236.973564,54257.961479
2444534876,46688.644691,46688.641308
1273963330,41474.454282,41474.454526
3389498096,41716.040276,41459.700543
3082971158,inf,61008.639249
3788449214,39601.678977,39601.728262
2409770337,42587.101398,inf
44328999,37303.445985,inf
2097399173,49664.375367,49682.338909
537388953,51910.715136,51860.169018
3698396911,64419.954945,64703.163007
3664969650,inf,36718.463197
641413604,50903.937080,50904.516061
3622497905,64524.761841,inf
1039084221,47904.026906,inf
2138833442,inf,6839.443785
2137656233,2903.138461,inf
3361353518,46688.641308,46688.645663
703234972,inf,54237.832752
1273994912,41582.184540,41374.212600
2122675326,47902.748708,47903.115546
1274067875,41716.040276,41242.109122
1331252690,inf,46902.449400
2023591029,56794.503603,56811.116156
3419146122,43885.965388,40885.965246
4134203734,40134.454684,inf
4055753266,40718.679011,37778.152286
2450330212,59584.732376,inf
689022879,57214.896261,inf
1271437939,37832.338438,36863.773047
3071042271,56211.683251,56211.683251
4122841987,52424.066472,52462.825446
3267240490,inf,inf
3510764083,inf,36303.415555
848586961,inf,60665.124909
3428669494,inf,inf
1195756795,41035.133966,40035.133966
2404164322,58272.621247,58250.339277
3698432880,64419.954945,64851.747888
3665005589,37303.445985,36303.415555
641413670,50903.937080,50904.516061
3698504820,64419.954945,65145.918623
3665005660,inf,36303.415555
800366060,50903.937080,50904.516061
1015306554,60372.413257,60372.413257
2167564999,47902.601538,47902.893461
648726921,43746.323221,inf
3316396325,41688.632709,inf
4139055297,inf,inf
4281918410,54236.980385,54409.162622
2080020289,67728.514538,68762.974813
3341917507,42564.037180,42185.525504
4064162521,inf,38718.600471
61721213,53372.486836,inf
2522468738,inf,46688.640646
2374475960,69833.173791,72035.272106
4275707840,64787.045185,inf
3451607845,52910.283517,53911.671082
3052338544,inf,45902.441824
2080092156,66453.505414,66457.396536
1272768696,41032.539779,41424.110358
1236090956,53358.935452,inf
2522612551,inf,44688.637994
4218567664,66337.222615,66579.988928
1272810080,41080.393455,41166.312441
3143617015,24058.084072,inf
800189644,53454.593083,inf
2523618754,inf,inf
4218567726,66337.222615,66872.038976
1272811168,40999.304939,41166.312441
1823035121,3903.138461,4095.783539
1273996001,41582.184540,41192.478270
1274068965,41716.040276,40885.965189
1332366770,inf,45902.327367
2024489364,56798.160001,56798.160001
4181784327,37303.586035,37303.445985
2295149121,58966.849282,59529.496542
4136647450,39134.056146,39133.793792
3789491457,38601.572887,inf
2957357953,60475.083411,61569.457043
702156823,57241.463330,inf
4055861177,40718.779977,40718.902976
3071221987,56211.683251,56211.683251
4220883781,31055.334556,31055.334883
4220919719,31055.334825,31055.334757
892214514,54862.151916,54893.934024
45514857,inf,inf
2097435110,49662.229451,49655.999854
1424449766,inf,inf
3510800052,inf,inf
4212402750,inf,inf
3088922407,inf,46902.447529
756422730,44902.320911,inf
3262676525,27472.769308,inf
2413694164,59272.621247,46902.254862
3509542227,39718.681814,39718.782347
533939001,51755.509088,51897.437844
3698540725,64419.954945,66050.048971
3665041629,inf,inf
1920896464,54372.724579,55381.284228
642276089,50903.937080,50904.516061
3070179910,56117.580190,56211.683251
2006310232,inf,46902.447529
959685553,60940.408564,61163.384014
3123329497,inf,50320.053950
2006312408,inf,44902.320911
1604852128,61698.512726,60747.326369
2456480280,34092.246781,34092.246781
3123330586,inf,48319.064405
1602695873,60835.511079,inf
2937895957,61074.280536,inf
2455438077,34092.201089,34092.417367
3123327319,inf,54324.246945
1202063426,40303.613132,inf
4223953119,53372.486836,53372.486836
1537783853,inf,51877.613808
2414909488,inf,71328.657620
2527409952,52369.083473,inf
1940513306,inf,9187.367089
2164260973,59335.362471,inf
4275775359,64787.045185,inf
1400646351,60765.932343,inf
799302880,inf,43865.208996
2726375269,57764.136603,inf
812585946,56995.827891,56951.102350
2443271634,inf,40688.632398
2491778540,48688.664983,45368.172981
4281919499,54236.980385,54603.518367
4064198589,inf,inf
2483558103,62754.461874,inf
3925664515,43304.112875,55371.367169
2338786157,50772.635967,50779.838079
636382422,54458.646451,inf
3746229548,inf,inf
3448948502,54931.718228,inf
3052374440,inf,44902.320911
1272808991,40947.672041,41122.713468
4218567768,66337.222615,67731.280558
875201955,45280.246763,inf
1272812258,40947.672041,41052.854423
1823035162,3903.138461,4318.175960
1238139295,inf,inf
1272813346,40947.672041,41166.312441
4143583426,inf,inf
1764284549,53086.727066,53671.824136
3348997160,40947.672041,41424.110358
1823035290,3903.138461,inf
3384898162,41474.454526,40885.965165
1273997091,41582.184540,40885.965189
1329994896,47902.606045,47902.606045
2122784225,44902.320911,inf
3070179910,56203.964823,56211.683251
2779226328,50908.446228,50910.575347
2794290188,inf,inf
2342531810,59381.594544,45902.378655
534046806,51796.769437,51896.122392
3123154163,59280.032711,59280.032711
557732,36303.392963,36303.404068
3707094156,inf,inf
1707652,36303.392963,36303.404068
2453066270,35092.182007,35092.349345
2097615884,52009.011848,46871.254980
3137545130,66436.885370,45902.321988
1783764107,45902.327367,inf
959685553,60747.326369,61163.384014
2561921961,58773.716371,inf
2456480280,34092.385968,34092.246781
4285625450,inf,49319.293922
1605031712,61698.512726,61698.512726
2939980268,inf,57683.318677
2456480280,34092.246781,34092.246781
4285697287,48904.026906,47904.026906
2292265268,65877.186786,66877.186786
4285733293,47904.026906,inf
2937896023,59906.688464,inf
2455438077,34092.129003,34092.273178
4285553576,inf,53322.426058
1782721863,47902.601538,47902.796150
2455438077,34092.129003,34092.417367
3123328408,inf,52321.062982
850958866,58895.673665,59292.104588
4223955297,53358.935452,53372.486836
1823035227,3903.138461,4903.138461
2367514030,inf,55924.281701
2912544554,59728.599691,59636.166018
2480716051,39885.965124,inf
2939943793,inf,inf
1043732689,59288.542494,59288.542494
1191082809,41916.248148,42916.248152
2330588097,59584.732376,inf
2858718904,56778.747594,53601.303010
3470550579,inf,inf
3061806493,55373.960234,inf
4183940550,37303.486165,37303.537893
3188484414,inf,inf
1156694366,inf,40035.133966
3585441074,39304.431386,39304.083867
2734376886,60362.972056,59663.374810
3046101974,47902.606045,47902.606045
3851707428,48784.848815,48783.512778
961023928,57794.156993,inf
2493459421,33091.542347,inf
3173570129,63911.073430,63392.289716
2136245745,57341.461679,inf
4275848322,65050.048971,inf
2450730329,inf,33091.542347
2291888755,57254.062336,57334.742619
2374831354,26640.296184,26640.296171
2857568960,54460.372094,54764.926026
588128795,inf,44902.320911
2136533142,56341.461679,inf
2676356980,40035.133966,inf
18867528,54237.589223,54321.283475
4253873948,34506.618884,34506.595445
459525867,41688.632892,41688.632892
4262391048,inf,inf
1191082809,41916.248148,inf
2481159033,49688.641308,inf
2911214846,59704.930160,55810.513335
3660663034,64419.954945,65590.493061
2735347189,59504.914033,59572.774591
1738159291,inf,46902.449400
3851779265,48783.029060,48783.652433
2494429725,inf,inf
2119117563,57199.845639,57216.359862
1468292881,43968.259201,inf
2450766362,inf,inf
579827275,46902.447529,46902.601538
800258249,52910.033523,52907.964078
779272345,inf,46902.447529
536847884,58035.158753,58062.948289
3460545613,36885.965121,inf
587050650,45902.441824,inf
3469472439,35091.608008,35091.589677
2336457881,53521.394137,52294.899535
2257090746,42968.254982,inf
803926002,inf,53324.247417
2127458252,64878.883652,inf
1567637389,51953.955336,52953.955336
2713817,36525.790457,36110.740128
4254089601,34506.607940,34506.622531
969055702,51224.268710,inf
895354103,53916.222568,inf
3360203460,46688.637235,46688.643717
1824077333,1903.138461,inf
2336517669,63002.176224,inf
4282856041,60933.868211,inf
2371345592,28640.296309,inf
960843159,59229.574557,62349.913348
2342388189,47901.982415,inf
3508643700,39718.600471,36979.387354
4259803552,34506.586005,34506.616032
3508679638,39718.681814,36091.673421
3262640481,27472.769308,28472.769308
2510148354,inf,inf
4259839490,34506.618884,34506.595445
3087828092,59816.739234,49903.029268
2977589618,58219.112534,inf
3455872775,26640.296177,inf
2341089398,55945.492313,55863.980149
3114079245,59816.739234,48903.694283
3233028394,inf,29887.806807
804863632,inf,44902.320911
3175672790,22057.731808,21057.731808
1249316295,57182.313721,inf
3969930046,40303.613132,inf
4255131739,33506.586005,inf
2740018993,59180.606894,59327.093484
2856490809,54530.697528,54567.008694
2451639280,59272.621247,inf
3469292692,35091.589677,35091.608783
585828721,47902.990779,47902.796150
1605103622,inf,60620.629050
2561955713,inf,56683.318677
2456480250,34091.614237,34092.587974
3627926490,inf,inf
59049450,57224.104030,inf
3461731462,inf,34885.965120
586942801,46902.447529,inf
4275811299,64787.045185,inf
2856490809,54530.697528,55209.679307
3469400530,35091.609445,35091.589677
2166409569,58907.084331,58891.966049
2334081680,46304.358495,68576.467064
2856490809,54530.697528,54541.308416
2451607699,60304.641408,60304.641408
3415478498,61986.467844,54372.724579
3669898906,64568.462238,65787.045185
1942669467,inf,inf
1269362307,27887.806807,27887.806807
532860885,51846.225763,51846.225763
457046248,41688.632925,41688.633170
28474953,55863.980149,inf
1908601124,10357.292090,inf
1122129507,43279.137557,38852.037667
2165483917,58982.468823,58982.468823
2857604892,54460.372094,56526.677955
460532107,41688.632456,41688.632456
2443347862,40688.632066,40688.632066
2372182572,inf,44902.320911
1276225185,35885.965120,inf
3176786829,inf,inf
1945220995,16357.292090,15357.292090
762161887,47902.606045,inf
3175529042,21250.376886,21057.731808
2120230519,58188.639150,inf
3968708126,inf,43303.821181
3461731462,inf,33885.965120
2338608650,54803.656097,51688.056230
3195710972,53358.935452,inf
3554786810,39304.453361,39304.935038
2218074191,38778.225166,inf
2069125465,48775.792681,48775.792681
2286843321,36980.892287,inf
585792788,47902.601538,47902.990779
4275811299,64787.045185,inf
2742354963,58982.468823,58982.468823
3598242531,60321.403616,60304.641408
3470514544,inf,34091.560823
1315428093,41688.632957,41688.632892
2671397673,43279.137557,inf
2375981372,26640.296066,26640.296109
682040583,41916.248148,40035.133966
3046784394,inf,68814.210929
646427018,44161.363225,inf
959684466,60533.476495,61166.813247
2938794316,59858.916626,59906.688464
2455438077,34091.614237,34092.417367
4285589513,inf,51321.062982
2332823885,42303.706683,inf
2217032047,39778.329054,inf
2856490809,54530.697528,54537.069198
3489041537,35091.599806,35091.596236
3455913064,35091.550147,25642.358471
794335176,inf,inf
872707243,57508.718421,57508.718421
2372117229,62849.349615,50224.476145
1154320347,41698.664974,inf
2671469509,42279.137557,inf
2376017272,26640.296109,25058.084072
2079984352,68762.974813,68856.084217
3311371057,42271.255460,42402.149506
3662711469,65245.651660,65145.918623
2856490809,54530.697528,54602.003793
3469328726,35091.589677,35091.606547
2120229431,59194.231514,inf
3968672182,inf,44303.960930
1331144883,47902.606045,47902.606045
1050992065,72551.989840,inf
3927784798,54899.475944,65014.515662
2483665912,inf,57696.146658
2578424734,inf,56818.959403
1607367653,inf,60698.512726
2942567735,inf,56377.478914
2457773951,34091.555485,34091.585273
1195583646,42865.208996,inf
3123255445,57749.283747,58751.233513
2671505512,41279.137531,inf
2376053215,26640.296132,26640.296132
2372153170,64424.084341,49224.507350
811579676,56936.879260,56983.001883
2377131316,inf,34091.550147
2672906991,40035.133966,40572.981916
2195538505,54372.724579,56376.958002
959619126,60815.666403,61948.921377
2936710070,62074.280536,inf
2455402140,34091.577826,34092.450826
4285517666,inf,55326.662869
2195510191,55053.367052,55053.367052
2332752012,45304.613464,45304.527860
3966551904,45304.527860,45304.870309
3270798312,inf,41500.408588
1679601055,56372.962361,56376.958002
2496801563,inf,33091.542347
3504640344,inf,inf
3269866800,inf,64283.390756
3452793692,52910.283517,inf
1015378396,59304.879495,inf
2811353936,inf,46902.443787
2560682169,52784.359976,inf
536038997,58015.008150,58042.056115
756420553,inf,47902.601538
1606253576,61212.018653,60620.629050
2561994924,56377.478914,56469.876923
224336073,59340.225765,59340.225765
1950895740,inf,inf
2908950818,57270.237875,57695.216102
580006960,45902.441824,inf
3172115060,22058.084072,inf
638790168,52910.033523,52910.033523
779416053,44902.320911,inf
3382346628,40885.965136,40885.965141
1826557017,inf,2000.000000
4158419576,50784.885850,50784.885850
3552307193,40304.519314,inf
3809228635,58823.436647,inf
4251574074,inf,inf
2725476911,59529.496542,59529.496542
26107610,53358.935452,53358.935452
1833600699,7839.443785,6739.908112
834721833,inf,44902.320911
3086426550,59601.282660,49902.836208
4277324003,inf,49319.293922
914072908,59340.225765,59340.225765
2373501683,27640.296249,27640.296324
4240499651,55910.381827,55863.980149
3113971438,59816.739234,54862.385730
2449364818,inf,inf
2138915114,7187.367089,inf
804154381,41450.171467,40450.171465
2296037741,57145.639297,57626.543681
4139019331,inf,38718.600471
848407276,61872.824902,61872.824902
3428453803,46280.246770,inf
3702278563,59073.777740,inf
3731611144,42698.664979,inf
2373429879,27640.296205,27640.296324
3113971399,59816.739234,55821.598599
2375640148,inf,65579.623731
1269362307,27887.806807,27887.806807
2098549157,51824.728844,51846.225763
1940513243,10187.367089,9187.367089
1537747916,inf,52878.248196
1192053108,45161.363225,40994.407067
1567154219,58993.890766,59014.307546
4275811299,66050.048971,66050.048971
2169002475,54460.372094,55151.463618
2741348667,58842.854828,58982.468823
3663969204,64787.045185,inf
2334153555,65119.350583,64352.115163
755086524,56415.682365,56425.701129
2773440404,inf,57824.351467
3966372256,45304.699074,45304.527860
1601581833,61287.370252,61948.921377
2291151258,66292.224286,inf
4285517604,inf,56329.901525
2411594974,inf,inf
4130244941,50779.838079,50784.885850
2447827682,39026.701331,inf
3307705548,33887.806807,inf
2929514,inf,inf
3174486869,21080.451885,21057.731808
803931447,inf,48319.278568
911779474,53372.486836,53372.486836
2597526812,76466.373164,77786.209386
43214949,39303.486165,inf
1949892805,16357.292090,16357.292090
1366866222,64992.361993,66585.886610
3445426676,inf,inf
4165535068,50772.635967,50779.838079
1273956796,40885.965141,40885.965189
4255311424,33091.542347,34091.550147
1238529447,inf,38885.965122
2452571306,36887.782215,37887.782653
1862026769,7839.443785,7839.443785
4256425478,inf,inf
2079984352,68762.974813,68955.619891
1271725435,42271.255460,42546.115256
891316089,54877.955453,54877.955453
1693303382,36303.415555,inf
1864650267,inf,8187.367089
3660411571,64312.865265,65787.045185
861106241,56219.665285,inf
3087785623,56743.328750,56947.038863
2375630347,65750.737328,66678.505945
2137901259,5739.908112,inf
2952686182,62008.639249,inf
540907477,inf,53237.832752
27020871,54916.440720,55597.887245
3585620794,39304.567778,39304.295007
1061849088,inf,inf
541583948,54205.048644,inf
2257389240,58171.960955,inf
3546003794,inf,inf
2451465040,62488.959489,inf
2287777681,51576.251186,31887.806807
1986800099,14357.292090,inf
2338822092,50628.420085,50929.367311
4281922766,54236.980385,57516.334242
2725476911,59846.318846,59529.496542
4135209943,40134.236763,40134.454684
2024561263,58293.679852,56067.141446
25173221,53372.486836,53372.486836
33819149,61778.878968,61778.878968
3436921336,49317.442571,49317.442571
3081682866,59704.930160,51898.355079
3439293181,64750.737328,64750.737328
3863132052,54236.973564,54239.586396
2079984352,68762.974813,69178.012312
1271726524,42271.255460,42885.965189
1791087228,4739.908112,inf
1826556954,inf,3000.000000
2366327017,inf,45902.441824
1273845717,41012.136637,40885.965139
3174558743,21103.535498,21057.731808
760005737,47904.016745,inf
1061741311,40303.613132,inf
702192798,inf,55239.561350
4056076669,39718.681814,58692.241092
3300360440,51877.613808,53890.330402
1315497789,41688.632217,41688.632695
1940513181,9602.404588,9187.367089
1122236229,41140.661213,43140.661242
4010287229,68267.015236,68970.947594
2772038899,58907.084331,58859.476809
3301632130,38177.610425,inf
3487077590,inf,46902.443787
1315542438,inf,40688.632055
4275848322,65050.048971,inf
755088707,55859.146568,57000.644866
2166484706,55818.959403,inf
2908950886,57270.237875,58280.178603
2257209556,60265.738439,inf
2482075550,51570.313778,34887.795026
4165571006,50772.635967,50779.838079
3391073414,inf,45688.633302
2509249897,inf,38885.965122
803924913,inf,54324.247417
3174271247,21060.552327,21057.731808
1315434627,41688.632055,41688.632456
3318588414,40688.632066,40688.632066
1122164355,40279.137521,inf
972577464,64590.037787,45902.441824
2443353307,40688.632050,40688.632050
2673769545,41440.221497,inf
619142326,54237.832752,53237.832752
3264976485,24472.769308,inf
532609360,51824.728844,51857.303039
2219367992,inf,inf
3858786982,48833.102395,51860.169018
1041928024,inf,60636.534922
3662747380,64419.954945,66050.048971
2856490809,54530.697528,54674.648398
2451645814,inf,58250.339277
3469364594,35091.607513,35091.599561
917849560,59340.225765,59374.297361
59076671,57221.610682,57224.104030
3586806779,39304.295007,39304.083867
2287741746,35887.781310,inf
4164600706,50772.635967,50779.838079
1865692375,inf,inf
1507574534,62986.467844,inf
213483101,59340.225765,59340.225765
2337528366,52451.811066,52474.616940
3427713574,33091.542347,inf
3966336349,45304.112875,45304.570661
1601473955,61698.463999,inf
2454395900,34092.182007,inf
2085577922,55166.680084,56168.939305
501847325,52009.011848,45891.891096
3137581067,66436.885370,44902.320911
2337501142,52485.681385,52474.616940
2285624730,41587.094641,inf
2375981335,26640.296066,26640.296109
1122129507,43279.137557,37885.965121
2857568921,54460.372094,54604.627494
2142392294,inf,14357.292090
3893429019,inf,48290.957962
3461875213,inf,31887.806807
1270503575,39500.408542,inf
2952686143,62008.639249,63091.743691
3788305471,39602.275766,39602.028523
916666903,59374.297361,59478.299622
2337500053,52485.681385,52489.789735
2213366407,44779.148165,inf
4223219716,29640.296570,inf
1979468885,15357.292090,15357.292090
3892350878,inf,49290.957962
2396587536,inf,inf
1270540605,40177.610436,inf
1155438750,inf,45320.888748
1122126240,39786.486433,37885.965121
1269353591,27887.806807,inf
3271013803,inf,40500.408553
1513324450,62986.467844,inf
2951536198,62506.781190,62543.597689
3788233598,39602.275766,39602.275766
1276257855,32887.806807,42500.408643
2375408144,67371.828595,67790.829149
3122040120,63167.657236,63184.760795
2219260081,inf,37778.152286
1469481312,59455.041203,inf
916665817,59340.225765,59478.299622
2337498964,52485.681385,52518.298900
1122126240,39786.486433,38543.584964
2374903228,26640.296171,26640.296171
3313844737,42688.632709,inf
2856490809,54530.697528,56472.308904
3469436467,35091.608008,35091.598842
4148577554,67634.476561,inf
2498239139,inf,inf
2668055631,39035.133951,inf
4223183746,29640.296570,30640.296976
790659996,45902.441824,inf
5301317,inf,inf
3081644754,56722.359892,58164.382283
1197911928,44280.246763,inf
801854539,41865.208996,inf
2296037748,57626.543681,57547.122470
3464175252,20057.731808,inf
2414698222,inf,61423.077184
2286550378,41072.515495,inf
2337607863,50780.229815,50781.121236
3233028394,inf,28887.806807
2288923309,48688.720253,43480.759727
2097659444,51840.924008,51840.924008
805376232,inf,inf
2296041008,57000.347880,57069.429229
2028083091,58250.339277,58250.339277
2498203106,inf,33091.542347
3808942358,inf,46902.447529
1270513380,41177.610436,38745.682204
2099848335,55852.924056,56166.403568
1080243162,inf,62849.578536
744849983,inf,inf
1005855123,60372.413257,60372.413257
2301376256,39303.486165,inf
2337606776,53842.328527,50781.404940
3016851388,inf,65465.937497
4223004061,30055.334204,inf
2161922887,61042.096128,61042.096128
2394143683,40035.133966,41035.133966
2337570837,51626.817879,51488.047082
1946442815,16357.292090,16357.292090
2442976159,42072.518039,inf
32669162,62169.887142,62169.887142
2335014953,64020.140659,inf
873678625,55797.460570,inf
4182754629,37303.575512,37303.617709
213662812,inf,inf
2337530544,52468.064106,52429.360101
3391181190,inf,inf
1509178027,52558.220081,52558.220081
3788269570,39602.275766,39602.028523
2337672114,50780.229815,50780.229815
3548893145,36303.445985,36303.445985
1947592838,16357.292090,16357.292090
540835696,54237.832752,inf
2908986784,inf,57270.237875
2374551712,62488.959489,inf
2337529455,52424.066472,52474.616940
2412393707,41072.511110,42394.448072
2337574104,51626.817879,50772.635967
538571665,inf,inf
4262103517,33091.542347,34091.550147
538499791,53237.832752,inf
3130985489,63007.775978,inf
803927091,inf,52322.438209
3174343121,21063.378372,21057.731808
3732323455,55053.367052,inf
3966336277,45304.112875,45304.341750
2122673148,47903.310917,47903.310917
1122237312,42140.661213,inf
2334083856,68267.015236,70401.218342
3474072338,35091.573545,35091.603425
620112625,inf,53237.832752
2670463311,39786.486436,inf
2443099572,43688.632827,inf
3620233874,65007.179969,66100.369451
3155095624,inf,52321.062982
1278808293,inf,21057.731808
3587884786,39304.036901,39303.659907
2287777681,51576.251186,32887.805121
3787371145,39602.405656,39602.028523
1122236229,41140.661213,41818.733124
3323440016,inf,inf
2027980572,61955.594849,inf
540620074,inf,inf
581049171,inf,44902.320911
2337645978,50780.229815,50780.229815
1947592803,16357.292090,16357.292090
3491450405,41305.476517,36303.445985
2082397571,62169.887142,inf
3808906455,inf,47902.601538
3173300941,21058.436421,21057.731808
2375411411,inf,66371.828595
4243111977,63167.657236,63211.069438
3138136854,inf,56166.403568
3787299234,39602.028523,39602.463771
2085613853,55166.680084,inf
2097616970,52009.011848,44902.320911
2879051268,57484.020241,58802.873490
1509910437,59455.041203,inf
2950386216,62543.597689,inf
4124207584,53481.199673,inf
2337610041,50780.229815,50779.420185
3770854216,45128.243504,45543.281390
539721649,53237.832752,inf
2950314369,63644.156010,inf
3787335173,39602.405656,39602.340709
3231914485,30887.806807,inf
4126651238,50780.229815,50779.824943
2286623343,40072.508834,inf
1947449018,15357.292090,15357.292090
3187442274,56025.847127,56069.837515
2338678346,50779.838079,inf
3810169363,inf,41035.133966
2083402720,61778.878968,61778.878968
2457953666,inf,33091.546247
2910028994,57511.470675,59389.840184
2296037748,57547.122470,57547.122470
2161922887,61042.096128,61042.096128
1113719159,inf,40450.171465
4253838010,34506.586005,34506.616032
3181584480,57811.943329,57972.384827
2338607561,54803.656097,52532.460374
3554714973,39304.453361,39304.879693
2286770358,38026.697314,inf
3586698900,39304.295007,39304.295007
2486855234,49276.989123,50277.057680
2676321004,40035.133966,37885.965121
561447503,49875.030166,inf
622592307,54278.849764,54321.283475
2674092947,41140.661213,inf
2099845068,56048.959937,inf
620148659,inf,inf
4256173945,33091.550147,inf
2452607304,36887.782515,inf
1775154110,45902.441824,inf
3067792390,59601.282660,50901.250138
3123077938,inf,50320.053950
2337573015,51626.817879,51137.411934
2286590671,41072.515495,inf
1155404988,45735.926626,37885.965121
1272877598,40947.672156,42947.672268
589000971,inf,inf
2068975185,48784.180642,48783.512778
2597528994,74210.614867,inf
2493351613,34091.550147,inf
961950673,56372.962361,56374.958798
4262139487,33091.550147,inf
1246980464,60613.870129,inf
1015522144,59288.542494,59304.879495
2167602020,44902.320911,inf
2411558964,inf,33091.542347
1191051228,42331.285652,inf
852072916,59073.552965,59219.693267
1952505511,inf,inf
3100834044,56069.837515,56137.808394
2161922887,61166.886032,61042.096128
2392885885,inf,41450.171467
4159569526,54803.656097,53264.053544
3554678997,39303.575512,39304.852021
3586662963,39303.928121,39304.499580
3451024547,41778.485924,inf
2676428890,inf,inf
3270783199,50733.215747,48317.398932
623742357,54237.628569,55098.195890
3270782110,49069.594441,48317.398932
3748313467,56530.296958,inf
577710263,56110.042754,54905.836705
623634519,54237.628569,54604.675520
2676321004,40035.133966,38592.662379
2737550468,62090.679093,inf
4011652837,64509.119329,45304.360827
2773224845,58832.591078,58842.854828
3475186354,inf,34091.560823
576596246,55430.019767,inf
621370513,54237.589223,54300.371666
778158258,inf,47902.601538
3351512722,40947.672268,inf
834694603,inf,46902.449400
3086425461,59601.282660,51898.083219
4277288066,inf,51321.062982
2341056728,55919.669519,inf
2033042468,60326.079234,inf
2337571926,51626.817879,51361.460988
1946442850,16357.292090,16357.292090
1155404988,45735.926626,38879.725459
4219609875,67640.970757,inf
1272876509,41625.744213,42947.672268
3420407312,39303.537893,inf
1852059259,61890.886220,62047.390070
278505291,inf,inf
2488787681,37091.636522,inf
3081685044,59704.930160,47904.026906
1673409118,61917.325639,60340.683602
2734089394,59251.991765,59105.997264
3046032274,47902.606045,47903.339941
2068906576,48784.276785,48783.266676
2491123521,35091.589677,inf
4275817830,66050.048971,66369.993769
3474180217,35091.589677,35091.589677
4159857190,54803.656097,54803.656097
3583141136,39304.405715,39305.638003
2286807382,37980.893882,38395.931512
3587064018,67108.502289,inf
2161922887,61166.886032,61103.142244
2392849956,inf,42450.171496
3099648123,56137.808394,56196.706765
4221961923,31055.334757,31055.334848
2337676470,50780.184020,50780.367206
1947592767,15357.292090,inf
2286697395,39072.504112,inf
3183704758,57227.082904,inf
4159857022,54803.656097,54803.656097
2374346412,inf,inf
27021957,55334.947429,55919.673468
1826557080,inf,1000.000000
1273851163,40885.965136,40885.965141
874828611,56069.837515,56166.957033
4221925986,31055.334803,31055.334848
4128843395,50780.184020,50780.275610
3549000956,36303.415555,36303.415555
833504330,57937.721021,inf
1271408538,41215.080829,37268.256058
1122303747,inf,39140.661196
755085435,56425.701129,56448.083438
575625955,55430.019767,56453.750006
620364244,54237.589223,54268.659056
2337569750,51622.639675,51555.764602
1946406909,16357.292090,16357.292090
3768446501,inf,39867.326513
2286558001,41072.515495,inf
3768446501,41867.326523,39867.326513
2491051613,inf,34091.560823
1157774655,47035.134265,39880.259232
1853173306,61847.297190,61952.497232
3354202089,50103.696607,inf
3695416187,inf,inf
3972481608,64162.928809,64316.826190
2068008151,51755.509088,51723.696671
812657850,56970.288899,56970.288899
891940156,54918.395632,inf
3350398710,41947.672268,inf
777116125,48902.796150,48902.990779
834689156,47902.606045,inf
3086424372,59601.282660,53879.226321
4277252129,inf,53322.426058
2749757,36110.722452,36110.740128
3174414995,21069.047122,21057.731808
803929269,inf,50320.040757
3768446501,inf,40867.326513
2337566480,52429.360101,inf
3767512081,40545.398420,inf
3590012956,61423.077184,inf
3589070707,39303.659907,39303.659907
4167871046,50628.450254,inf
1644023392,59268.259831,inf
2491051707,35091.573545,35091.589677
4260055143,34506.607940,34506.622531
2481153585,50688.642744,inf
2910064870,56722.359892,59389.840184
659248045,63093.901456,53237.832752
4261097281,33506.586005,inf
1122299391,inf,40140.661213
2974371979,56333.525629,56333.525629
2489829787,36091.594260,inf
3896517598,inf,inf
3892207135,50300.261658,50294.631701
4254053664,34506.615236,34506.622531
3745079528,52388.426352,52391.604600
4282825549,63950.907034,53237.832752
4218423919,66453.505414,66457.396536
1794573087,inf,3996.247865
2713889,37110.748032,36110.740128
803928180,inf,51321.076402
2441898048,42072.518039,inf
3767476141,41870.170845,41545.398430
1113782318,40035.133966,inf
2200352974,50294.631701,50302.291604
2137688903,4000.000000,1082.462160
3161315996,59383.321984,59383.321984
1195757884,inf,40035.133966
4001949916,inf,inf
536841353,58038.603312,58041.306834
3451057217,40778.365979,inf
4260019206,34506.615236,34506.622531
2080060578,inf,66457.396536
1794573024,inf,4996.247865
1235947040,54372.486836,inf
755086524,56415.682365,56425.701129
893372350,inf,inf
2773260782,58832.591078,58842.854828
3475222389,inf,inf
4217273999,67605.143004,67728.514538
2302454364,37303.445985,inf
3344325286,43885.965246,41885.965189
1792273050,5996.247865,4078.710025
2456129179,53830.488835,53818.660470
2520061021,48688.739943,inf
2623906548,61042.096128,61307.495360
2392706202,43450.171496,inf
27163530,53237.832752,55239.423005
464341531,inf,inf
3112677671,56920.558555,56938.649717
2374342059,58250.339277,58272.621247
1191086076,40994.407067,45161.363225
3087829181,59816.739234,47904.026906
4281889006,54236.980385,54278.615411
2496837596,inf,inf
1538862029,inf,inf
464233613,40688.632050,40688.632050
2375781716,62488.959489,62488.959489
2061504531,58250.339277,58304.641408
2337636178,50780.229815,50777.155232
2141421995,inf,14357.292090
3321211816,40688.632050,40688.632050
2377131353,inf,33091.542347
2672906991,40035.133966,41440.221497
3468035022,35091.616882,inf
803930358,inf,49319.278568
3552486840,39304.235253,inf
4217525553,67566.914666,67502.707601
3864533600,inf,inf
4281886825,54236.973564,54247.432791
27509222,inf,inf
464089865,40688.632050,40688.632060
2046803225,inf,inf
2456123735,53824.562530,53829.595951
4281920588,54236.980385,55096.115037
2079984352,68762.974813,69762.974813
3312485101,41885.965141,inf
2082396486,62169.887142,63169.887142
3808870483,inf,48902.796150
1673481020,inf,60917.325639
3047862577,inf,inf
1782578183,inf,47902.796150
2341381891,48902.134194,49902.317796
2005342114,inf,52906.112728
954543411,61636.534922,inf
2898240651,52784.359976,52784.359976
3555657180,48317.232891,48317.171693
1935860538,inf,60636.534922
844067629,55587.601808,55595.758138
3136538932,46902.442553,inf
4217489616,67550.593025,67502.707601
2330880405,inf,inf
648762860,43331.285722,inf
1191014201,43331.285722,44331.285722
2810203955,47902.796150,47902.990779
2897054797,54784.699125,67695.913475
1015270592,60330.911447,60372.413257
1191013112,43746.323221,44746.325726
2897018791,inf,55199.985401
764828722,47895.236733,inf
2374597975,68445.516749,inf
764798233,54337.954559,47904.016745
1366722543,65579.460264,65579.460264
3925556704,53616.714985,44304.046723
4164528832,50772.635967,50779.838079
2290329210,46968.813319,inf
764689331,55127.281066,inf
2216694098,inf,39885.965124
2293955576,45968.813319,inf
2288958159,47688.664983,inf
1572381040,54296.398508,inf
273653767,51688.645663,inf
2946936295,67184.158070,inf
2444574081,46688.645663,46688.645663
2985891933,inf,59389.840184
2571807965,60254.624231,63084.099820
637748092,52913.059982,inf
2444572992,46688.645663,46688.645663
703414717,inf,53237.832752
1607958672,inf,inf
3902554981,inf,inf
877457457,56069.837515,56069.837515
2338651121,51779.995555,inf
3810169363,inf,42035.133970
2338648943,52779.995555,inf
3810169363,43035.133997,41035.133966
3584398928,39304.727119,39305.140195
759969732,48904.689820,47904.016745
3046098707,47902.701152,47903.552933
1673337304,59786.527277,61137.004452
3849299610,48959.035042,48787.018243
1704989539,47903.262927,47903.724276
4283034637,51821.940749,inf
4283034637,51821.940749,52822.194790
3668892670,64568.462238,66369.993769
2521471638,51881.331822,inf
3173157162,21058.084072,inf
3780731817,inf,49902.990779
3046784394,inf,65066.379027
2005413985,48902.893461,inf
774780254,48902.990779,48903.136274
17718631,47902.966202,inf
3020282740,inf,45902.327367
4279262341,56114.447195,57115.259459
2023483119,56810.517183,57810.517183
623778231,54237.628569,57531.741936
844036047,55583.976804,55591.674209
2734161328,59180.606894,59327.093484
1737009314,47903.126980,47903.552933
1922154326,inf,inf
800374772,48902.990779,48902.990779
4217489554,67550.593025,67570.183477
3344325383,inf,40885.965189
1770338486,inf,48902.796266
756419467,48902.990779,48902.990779
2896803170,56201.072784,56202.786432
764798233,54337.954559,48887.446350
1366686636,65579.460264,65579.460264
3925448893,53301.570406,45302.519296
2413581997,inf,58250.339277
2290325943,47968.972726,inf
3759659870,55127.281066,57151.195328
2685047787,inf,46968.853169
26126798,55217.297999,55219.945754
3744037357,53394.101586,inf
2520502428,53881.419385,50688.625153
272539814,52688.645663,inf
857543126,54929.063714,54916.849810
3668964439,65050.048971,inf
2521474905,51103.698553,53688.727899
2288033598,47230.555211,47230.565202
4202478309,64767.152663,46304.358969
4160899228,53785.264087,inf
3810061513,41713.205881,inf
3851635520,48775.792681,48783.846671
4275740510,64419.954945,inf
2734233139,59180.606894,59327.093484
3851599579,48759.655986,48780.934582
4277431846,47904.026906,inf
3622605718,64927.938690,64144.000757
3900075390,52237.232289,inf
3046784394,66136.510426,65066.379027
961985520,67822.380961,55372.486836
3046784394,inf,65551.547925
1753145718,49903.136274,49903.136274
2080097608,67640.970757,68786.670456
3349033029,40947.672156,42140.317432
776864564,48903.136274,48903.136274
4137689658,39133.793792,39134.043016
583385074,48903.341451,49903.859698
3855372964,48759.655986,48778.200776
3850701190,48784.276785,48759.655986
4275740510,65568.462238,65787.045185
3344325286,inf,41885.965189
2330736722,36303.415555,inf
1770302621,inf,49903.221988
1987551507,57909.751713,inf
143729449,59374.297361,inf
2895940747,56200.655920,56202.786432
2102339992,inf,inf
2374594708,70708.252332,inf
764798233,54337.954559,49854.825973
2123758878,inf,63793.002686
3893572738,53047.151227,46297.993751
2565161960,48968.972726,inf
3759659870,55818.149923,57151.195328
2685047787,inf,47968.853169
3744037317,53394.101586,54401.762690
3667562997,64568.462238,65787.045185
2520400062,51538.892738,52538.963987
3668964439,65050.048971,inf
2521548954,51103.717384,inf
3902447201,54237.832752,inf
3741521767,55047.496113,inf
4202370496,64767.152663,47304.354976
3807833459,42713.205881,inf
2286807382,37980.893882,38980.894274
3583177070,39304.933642,39305.461818
1757456618,53813.395842,54815.029831
3185106342,56120.513102,inf
2338644587,54797.780369,54821.428244
4160791384,54797.780369,54809.555854
2450235460,37980.894274,inf
3583213074,39304.933642,39305.461818
3086427639,59601.282660,47904.026906
4277395840,48904.026906,47904.026906
2653734386,62186.854039,61622.989232
3622497905,64524.761841,65569.837869
1039048215,48904.026906,47904.026906
3904819012,inf,inf
3904639385,55238.442988,inf
665357404,60669.817418,inf
2378995269,54372.486836,inf
3270781020,50733.215747,49340.615808
3786334784,inf,inf
3781333688,42603.144403,inf
578569550,inf,inf
3857490045,inf,inf
2045238551,inf,inf
543135664,53237.832752,inf
3195598805,60765.932343,inf
3814979879,55073.170725,inf
564142679,66530.237625,64035.828139
584499154,48903.341451,inf
544465333,inf,inf
3887110516,inf,inf
4201292424,50305.510421,53521.394137
956773683,60636.534922,inf
3787227356,39602.373756,39602.744170
3902375354,55238.442988,inf
3668964439,66050.048971,66369.993769
2521515195,52103.806439,inf
2520394611,51953.955336,inf
543207538,inf,inf
544393459,53237.832752,inf
619178360,54238.442988,inf
3046784394,inf,67683.502209
1752966069,49903.136274,inf
818371802,57144.928266,48903.202481
817401503,49898.913481,48903.202481
817257755,49317.122466,48903.202481
815029661,48926.341308,48903.202481
815999960,48949.371147,48903.202481
816143708,48996.464920,48903.202481
816287456,49095.637465,48903.202481
561591148,50733.215747,48645.019421
622771991,54237.589223,54410.089335
935813950,71126.673707,inf
2029520601,inf,inf
3778108512,53905.633675,inf
1761912710,52668.844171,52971.573094
2083170071,55587.820373,inf
1060771076,41303.706683,inf
3856415207,48775.792681,48775.792681
3856343327,48775.792681,48775.792681
642527650,inf,48903.125013
3344325286,inf,42885.965246
3486969817,inf,48903.125013
764798233,54337.954559,50791.832325
1364566293,64878.883652,64992.361993
3893500893,inf,47284.644256
2290258425,49969.932667,50971.586163
3759659870,55818.149923,56344.674811
2685047719,48969.212652,inf
862076480,55219.131091,inf
2456158579,53816.800189,53820.523153
3667598969,64568.462238,66369.993769
1570045131,51538.894762,inf
3668856733,65787.045185,66369.993769
3741521727,55047.496113,56055.047667
2288027064,47230.560207,inf
4202334724,inf,48304.347819
3856304027,inf,53237.832752
2489263043,48230.614872,49230.738476
2911322692,59704.930160,48903.648090
2653698325,61897.890509,62186.854039
3155097802,inf,48319.064405
4275817830,65050.048971,inf
2369745388,63128.686066,63219.267064
755085435,56425.701129,56436.848879
3904747198,53237.832752,inf
664063640,60665.460750,53237.832752
577383532,inf,53237.832752
3786226904,53237.832752,inf
577635118,53237.832752,inf
3857382164,53237.832752,inf
662769844,inf,53237.832752
3785148767,inf,53237.832752
3196827193,60765.932343,inf
3856196216,55238.442988,53237.832752
3887074477,inf,40035.133966
2339870801,50305.510421,51158.037873
714832929,51918.540633,inf
3785040956,55238.442988,53237.832752
742514040,53237.832752,inf
3902483167,53237.832752,inf
3082833944,64644.156010,64803.321706
3787155455,39601.728262,39602.744170
696227290,inf,53237.832752
549172987,55238.442988,53237.832752
3846968782,48035.134847,47035.134313
4168194406,50611.303084,50754.287051
2372495509,27640.296286,inf
3778360106,51904.102749,inf
2005346467,50903.414214,inf
1990138876,57227.296164,57231.649207
3270819136,67961.436416,49317.582190
4279264519,55114.265748,inf
3270818047,50317.964676,49317.582190
661655797,60254.624231,inf
2029484598,inf,52224.494538
3858930730,48775.792681,48880.228364
3856594825,49680.438452,48775.792681
3855408936,48780.612898,48775.792681
3853001152,48783.512778,48775.792681
800373684,inf,49903.467980
4217273928,67605.143004,67728.514538
2302454271,38303.445985,inf
834543237,50903.601101,inf
3486969778,inf,49903.467980
1428980281,59455.041203,inf
2166698155,47903.281212,inf
764798233,54337.954559,51673.470553
2564119850,49970.853224,inf
2290221395,50386.134994,inf
3759659870,56057.524486,57151.195328
3759659734,55127.281066,56521.837759
2293917459,49970.162751,49971.036423
3759659734,55127.281066,55669.494815
2683969609,49970.162751,49971.036423
2521371448,52881.331822,53881.419385
4202334556,inf,49304.627177
2489227075,48230.614872,48645.718748
4201076833,50388.521050,47304.635080
2297674675,inf,inf
3081683955,59704.930160,49902.890756
1038976378,inf,49319.293922
2334118707,66243.874830,inf
3310424394,inf,55179.841758
3863275840,54236.973564,54242.197122
3904711232,54237.832752,inf
16643787,54237.832752,inf
1195724125,inf,40450.171465
1243026693,59383.321984,inf
4279517164,54237.832752,inf
3897703445,inf,59250.270353
22426372,54823.100759,55823.210273
4281673384,54237.832752,inf
627192242,54236.276901,54257.272096
4279367972,57532.915688,57532.915688
626329754,54236.276901,54246.741156
3778967630,57531.741936,57532.915688
1205585122,36303.445985,inf
626293882,54236.276901,54241.504373
3778931693,57531.741936,57532.746382
2024669040,58304.641408,58304.641408
626293817,54236.276901,54238.893093
3778069205,57531.741936,57532.244071
956771509,61636.534922,inf
696047568,inf,54237.832752
2373371757,63431.019849,63431.019849
4280595277,55098.875044,inf
2531594462,56240.810956,inf
3846860968,47450.172347,37885.965121
4168158469,50611.303084,50645.742613
3521541245,51914.380397,inf
3778360010,52904.773016,inf
2955636157,69814.210929,inf
1990103003,57224.104030,57231.649207
811256306,49901.148301,inf
3020318636,inf,44902.320911
2137794536,inf,0.000000
4279262341,56114.447195,inf
2023483161,56810.517183,inf
623814201,inf,inf
661655797,61254.624231,inf
1760906543,52813.395842,inf
2082271714,56596.278941,inf
493617780,48783.512778,49673.329179
493617715,48783.512778,49162.794958
2097366503,48783.512778,48960.725514
2069014389,48783.512778,48779.647565
2069013300,48783.512778,48781.578877
3849191801,48870.464401,51872.714632
1920932432,54374.958798,inf
3342133125,40885.965141,inf
1769224503,51904.103120,inf
3485891705,50903.937080,50904.516061
756385708,50903.937080,50904.516061
3485855837,50903.937080,50904.516061
1907199647,13357.292090,inf
3485855771,50903.937080,50904.516061
3484705753,50903.937080,50904.516061
1012000318,63431.019849,63431.019849
2166697062,48903.668180,48904.190549
2166697062,48903.668180,48904.190549
764798233,54337.954559,52462.416352
2560597963,51386.721697,inf
3759659734,55127.281066,55253.101859
2293851036,49971.036423,inf
1908457376,12357.292090,inf
2527296699,52369.064257,53047.446043
954573903,60636.534922,inf
3556771203,47901.982415,inf
2560717017,52369.064257,53369.527746
1155437661,46320.889127,45320.888748
1946442779,15357.292090,inf
2521369269,53296.398508,inf
2339869712,50305.510421,50670.746449
1158991067,41035.133966,inf
4201220509,50305.510421,50476.601169
3885960492,43035.133997,43035.133997
4201076761,50388.521050,48143.798070
2911286755,59704.930160,50901.377278
4281917321,54236.980385,54320.832078
3862018141,54238.282802,inf
3973451803,64162.928809,64316.826190
2026825294,58315.560358,55227.548318
627515680,54236.286530,57516.334242
627443805,54236.286530,55095.489016
627407868,54236.286530,54602.848618
1206627388,inf,inf
627371931,54236.286530,54408.482127
3780369239,inf,inf
627335994,54236.286530,54320.146278
2025747219,inf,inf
627228182,54236.286530,54277.927189
2024597232,58250.339277,58304.641408
3778033242,57531.741936,57531.992982
3082829588,64803.321706,inf
3046676586,71001.822472,inf
60306154,57224.104030,57229.471044
3046640647,inf,72269.029428
2005345374,51904.820512,51905.469209
660541777,62260.494150,59250.270353
2404204615,inf,53225.876115
1760726860,53813.395842,inf
500805081,48783.512778,51896.661410
492431794,48869.399875,48875.709394
2097330566,48869.399875,48876.159167
2068873907,51860.169018,49707.258070
800300720,50904.516061,inf
4216195854,67762.974813,inf
3341917605,42564.037180,41885.965189
1769044753,inf,52904.773242
756345415,50904.516061,inf
764798233,54337.954559,53115.103857
2681382246,50971.283833,inf
1908529250,11357.292090,inf
1796556016,52369.064257,54369.997870
2343532025,57945.492313,inf
2902804648,52369.064257,52369.064257
1155477954,inf,45128.243572
3547815034,41304.893139,37259.132837
1947556897,16357.292090,16357.292090
2489334885,48230.652637,inf
3886104176,inf,42035.133970
2488256714,48230.560207,48323.804957
3885888556,43035.133997,43035.133997
4200214273,50388.521050,48867.613393
2296560696,56166.403568,inf
3620341680,65100.369451,inf
1038940441,inf,51321.062982
2334084945,68267.015236,inf
3474108250,35091.589677,35091.589677
3310396080,56179.841758,56179.841758
564070768,66530.237625,64847.538706
1391028361,49772.100441,inf
2568791560,inf,inf
1191086076,40035.133966,45161.363225
2493465271,inf,inf
1011820668,63431.019849,63431.019849
2166663307,48904.365481,48904.365481
2535116254,inf,inf
2166700329,47903.010966,47903.019365
3821948282,57516.334242,57516.818297
3591406616,36303.415555,36303.445985
2338898327,51612.546577,51619.716236
2948086248,65911.269620,inf
3786077439,39602.368520,inf
694933558,55239.561350,inf
2451493354,62488.959489,62488.959489
2142649298,inf,inf
4166972549,51044.340146,51631.008943
1989995125,57228.383194,inf
1498396931,inf,inf
850643196,inf,50902.818557
2029304915,inf,54226.655540
2452427525,36887.781583,37080.427740
3585548948,39304.083867,39304.567778
500733207,49633.092967,49633.092967
492467733,48875.709394,48875.709394
3858966728,48872.775563,48887.719867
2141312790,inf,inf
800298542,51904.541666,inf
3341917507,42362.403289,42185.525504
1768901005,53905.836705,inf
544079783,49688.618394,inf
756343237,51904.541666,inf
764798233,54337.954559,53600.668153
3892171262,50298.456569,50300.261658
3892171198,50298.456569,50300.261658
764654484,55165.740424,55179.948168
1192053108,45161.363225,40035.133966
2680232164,51971.283833,inf
1763314291,52669.101447,53349.815298
3770997964,45128.243572,46128.243784
2445311999,40072.504112,40072.508580
1947484989,15357.292090,16357.292090
4127621533,50780.229815,50772.635967
3883696430,inf,43035.133997
4200178343,50388.521050,49436.304843
2296560603,57254.062336,inf
2287954101,48276.462419,inf
2339831601,50388.521050,50388.564594
3882258986,44035.134012,inf
2339830512,50388.521050,50388.564594
2339829423,50388.521050,50388.564594
2911250818,59704.930160,52891.925343
3067756453,59601.282660,52891.176997
4191378453,inf,inf
3123076849,inf,52321.062982
1891535077,66743.901659,inf
2290397817,44968.329929,inf
26983841,55218.316888,55219.945754
2957357994,60475.083411,inf
702156823,56240.517256,inf
800223402,54339.086386,52910.283517
4280593099,56099.077007,inf
2492530811,55239.423005,55240.515062
4280593099,56099.077007,57099.846065
3748235784,35110.700083,inf
2491237108,55239.423005,55239.968930
2166661125,48905.122662,48906.139687
3205625973,inf,60261.234328
3821912319,57516.334242,57516.576249
2484627140,50372.360561,inf
4169164711,50611.303084,51619.716236
3012284980,62978.770338,inf
3205589996,inf,61276.936325
2535008345,55239.423005,55240.515062
3590400480,36303.430770,inf
4169128774,51029.139520,51619.716236
654436714,53372.486836,53372.486836
2533714642,55239.423005,55239.968930
3821840536,57516.455240,inf
3592528548,60321.403616,60304.641408
3590364443,inf,37303.430770
2484483329,50370.923815,50789.752906
2338895057,50611.303084,51294.980776
654400844,53372.486836,53372.486836
3777925523,57531.867453,inf
3270816957,67961.436416,49733.004378
694897554,56240.517256,inf
3973451875,64162.928809,64316.826190
2026861263,58272.621247,58321.403616
655654383,inf,inf
1014372192,60364.772261,inf
2166704682,47902.960572,47902.960572
3824104567,inf,inf
4197734692,50243.762796,53521.394137
2067929745,52242.338263,54905.836705
3018394204,74709.528596,inf
2005344285,51905.144824,51905.959982
1989851408,58229.112207,inf
2005344285,51905.144824,51905.959982
2005343200,51905.144824,51905.959982
1988952951,59234.017971,59240.548839
850607291,inf,51903.449310
568670802,51876.623813,51877.530904
659463667,60082.347125,inf
3811211571,inf,inf
574224471,58084.395750,inf
499655097,49633.092967,49642.184886
492288015,48887.719867,48872.775563
3848185599,50434.576098,51896.661410
2747929284,inf,67305.919987
2068869550,50434.576098,51013.227929
814814039,48909.403866,48903.202481
2141061166,56254.062336,56254.062336
1740654523,54905.836705,inf
570538585,inf,inf
3034442856,57413.754857,58323.841627
764798233,54337.954559,53923.719389
3758725372,55165.399952,55169.279264
2293747581,52972.584431,inf
2343503711,59051.505250,inf
2900612593,52369.083473,inf
4199890882,49835.252755,50388.564594
2339828330,49835.252755,50087.627175
3880174569,inf,45035.134265
2339802194,49835.252755,49957.094892
2486891201,49276.989123,inf
4198992415,49835.252755,49896.006068
3809050239,inf,44902.320911
759682300,inf,55326.627832
3081681777,59704.930160,53880.353640
2625236254,62067.436929,inf
4274518653,inf,65502.210500
1038904504,inf,53322.426058
2530336665,58244.019263,inf
894060408,54919.673468,inf
892946359,54919.673468,55920.382969
2491201207,inf,55239.695941
3819504640,56514.883564,inf
3205518125,inf,62338.563882
2532852190,inf,55239.695941
1157805144,inf,47035.134313
2338893968,50611.303084,50913.016861
1047362399,inf,inf
654185189,53372.486836,53372.516552
3028349210,57531.579274,inf
3815695217,inf,57531.741936
694825675,57241.463330,inf
2373446901,inf,61416.184900
2287883316,49370.050538,inf
4197734620,50243.762796,51102.175620
2781669975,47902.960572,47902.960572
3822846707,57516.334242,57517.476899
655586766,53358.935452,53372.486836
3591586335,inf,inf
4197590911,50611.303084,inf
2373409873,62410.876345,64668.712820
2781669975,47903.010966,47902.960572
3822810770,57516.334242,57517.302515
655478921,53358.935452,53372.486836
1157846526,46035.134265,inf
3859574294,inf,57516.334242
2067901431,53031.269461,inf
2005342114,inf,51905.959982
569856661,51876.623813,51877.530904
2368485416,inf,52905.022536
499619165,49642.184886,49642.184886
2068007060,inf,50695.082923
800265872,52905.370814,52905.370814
2079984352,68762.974813,inf
1271734144,40885.965136,inf
693658687,53788.015301,inf
3310149195,33887.806807,33887.806807
1738103036,55908.498550,56004.306110
3483340143,52905.370814,52905.370814
764797140,54116.784915,54123.457031
3763253442,54116.784915,54120.117116
2200324660,50301.719909,50337.703230
764616370,55167.338304,inf
2679118156,53975.320217,inf
1909499549,9380.012167,15357.292090
1798820044,53369.134090,53369.537474
3668820791,65202.082684,67050.048971
894204117,54918.395632,54919.673468
4113695486,inf,inf
2574035926,61066.760604,inf
3556914978,59381.594544,44902.320911
2374446602,inf,58250.339277
3556914913,59381.594544,45902.378655
4198704991,49866.405066,53521.394137
4187265004,66889.557468,inf
2485884872,49276.486970,49469.697444
4198704919,49866.405066,50756.195471
3809014237,inf,45902.441824
3173372822,21059.141379,21057.731808
759682238,inf,56329.785780
2911214885,59704.930160,54856.695883
3067720520,59601.282660,54854.461171
3123075760,inf,54324.246945
2625200381,61556.442288,63856.281679
3155094535,inf,54324.246945
666507319,58243.129714,59243.129714
956658249,59455.041203,inf
1156346650,65844.282007,inf
694825675,58243.129714,inf
2373445812,inf,62481.908282
2781670044,47902.960572,47902.960572
656521158,59340.225765,inf
3032158528,56806.602312,58822.328150
1014264351,inf,63564.375764
2781669975,47902.960572,47902.960572
4280664971,57517.476899,57517.476899
2894467362,57208.411268,57208.411268
2067899253,54073.170725,inf
850571315,inf,53905.022536
4284331752,57329.901525,inf
3299383606,53166.173111,inf
1504542124,53166.173111,53581.210610
2097438373,49668.486065,49655.999854
2444467356,46688.640476,inf
912964302,inf,inf
486346804,68804.613619,inf
3819723459,51695.082923,51749.607280
2138940914,56166.403568,56379.152029
2305768353,60288.542494,inf
1738138937,55908.825210,56103.841784
1737096760,55932.109575,inf
2607929006,inf,55817.883279
764789517,54118.450053,54118.450053
764789517,54118.450053,54118.450053
3891236836,50329.171796,50319.599386
2677932326,54980.114156,inf
1766872146,52670.118015,52670.118015
3135245162,55231.499504,55236.156680
3668712983,64419.954945,65848.439073
1602100967,52881.331822,inf
2567872839,inf,54231.499504
1436383335,59455.041203,inf
2572885974,62074.071094,inf
2450493652,59272.621247,46902.254862
2900468742,53369.527746,53369.527746
803856306,57334.094559,inf
694772825,53778.475951,53787.682826
3172043153,23058.084072,inf
803855217,57334.094559,58339.967484
833579473,55908.825210,inf
3311227310,31887.806807,inf
694772726,53778.475951,53783.072044
2066781939,50903.281784,inf
757382332,57334.094559,57751.087045
833578384,55908.825210,56911.196706
757501933,inf,50911.287790
757382270,57334.094559,57527.577164
833577295,55908.825210,56326.234205
3311191472,32887.806807,inf
3067720481,59601.282660,55806.170850
4277216189,inf,55326.662869
2625200280,61556.442288,62723.127254
3620162126,66502.210500,66630.448593
110651798,inf,55326.662869
666399508,58659.174024,inf
798117125,44865.209002,43865.208996
956656075,53358.935452,inf
1156310652,64975.265294,66259.319506
4240267429,56240.810956,inf
2373332557,63214.347789,63623.664927
2779370006,49908.446228,inf
2005342114,inf,53907.362640
3086638910,59116.882037,59190.535240
1988737329,57224.104030,57227.296164
402293285,54372.605702,54373.960234
26215490,inf,inf
3311371057,42335.218509,42402.149506
697324256,inf,inf
2097478670,49655.999854,49671.578020
912962128,53358.935452,53372.486836
2444457555,46688.633302,47688.653035
1807157426,63908.579942,63908.579942
537568698,51723.696671,51896.661410
690316573,55208.520857,inf
3302854020,34887.806807,34887.806807
1737060859,inf,56932.150854
756275719,52910.033523,52907.964078
2779370045,48906.833798,inf
3284232748,44688.633089,inf
3430408924,inf,inf
3430372914,inf,33091.542347
3762139486,54118.450053,54124.000480
3762139387,54118.450053,54124.000480
3762103521,54118.450053,54124.000480
3762103450,54118.450053,54124.000480
3182590714,57227.082904,58354.545850
3195713146,59584.732376,inf
3554930562,39305.558975,39304.405715
2450055683,37980.892287,38074.003791
2288923309,48688.720253,42500.408643
2456128091,53818.660470,53830.488835
2098512131,51840.924008,51840.924008
2296109620,inf,inf
2343569051,inf,56945.492313
1797705966,53369.693219,inf
2521372537,52881.331822,inf
3135209225,55231.499504,55236.156680
3492679886,38303.512029,inf
2287812531,50566.122527,inf
4168158537,50611.303084,50681.024419
755154238,57427.594749,inf
803784433,57427.594749,58427.594749
3066570505,56714.184569,59214.168534
2599833318,63865.933989,63865.933989
3086387349,56714.184569,58100.336142
2599831135,63865.933989,66091.215044
4248897832,57329.901525,57334.246247
3122220896,inf,56329.901525
3620161997,66630.448593,66630.448593
110651759,inf,56329.901525
665465146,59662.169516,inf
2488793399,57242.118388,inf
2373304243,62410.876345,63482.357642
2166630633,50908.446228,50910.575347
2028088409,60939.240916,inf
2285518002,42587.101398,inf
880866031,56025.847127,60314.091282
2531594392,57242.118388,inf
3590120772,inf,inf
3543560113,inf,22472.769308
3846860968,47450.172347,38884.060650
2005342114,inf,54908.833585
3086638910,59116.882037,59190.535240
1988665525,59240.548839,57227.296164
818587386,55916.849810,55927.485451
541659089,53358.935452,54372.486836
497355130,49671.578020,49671.578020
2444431422,inf,47103.680564
540048385,51755.509088,51755.509088
2444425977,48103.680564,inf
2098771311,51755.509088,51755.509088
2098698349,51824.576960,51896.661410
2068009241,51755.509088,51755.509088
3818573514,51799.846984,51799.846984
811543765,48906.535751,56968.789124
2138689424,56333.525629,56336.773220
3818573472,51799.846984,51799.846984
1271440117,42368.295931,34887.806807
3482333910,52910.033523,52910.033523
756244138,52910.283517,52910.283517
764753584,54124.000480,inf
3890985276,50333.431206,53047.151227
2296043190,55987.577558,inf
2527401241,53369.527746,53369.527746
2452645516,inf,58250.339277
2527400152,53369.527746,53369.839055
2527374016,53369.527746,53369.683392
1910757407,inf,inf
2527372927,53369.527746,53369.605567
3882719792,57732.071979,inf
2527371838,53369.527746,53369.566656
1909535487,14357.292090,inf
2527370749,53369.527746,53369.547201
1765542351,52670.839632,53671.824136
1764356462,52670.839632,inf
2774482643,inf,56824.351467
3134095218,55236.156680,inf
3845710990,inf,40870.170811
2338831896,50628.420085,51631.008943
3587992597,39303.891054,39303.891054
2482255327,51594.734179,inf
4166936611,50628.420085,51310.052430
803782253,57842.632248,inf
3066534629,57479.341579,59214.168534
1363272621,inf,66388.700882
4248933739,57334.246247,57329.901525
3065348671,59190.535240,57246.817439
4190048781,65126.154946,64675.670521
3122213272,57334.246247,57334.977101
3065312773,57246.817439,57924.030141
3065312705,57246.817439,57554.237323
3112713673,56920.558555,56841.591278
3196678004,61765.932343,inf
2062654518,inf,inf
1276368933,19057.731808,19057.731808
3122216539,57329.901525,57334.246247
1505440579,53166.173111,54166.173111
4284331713,57329.901525,58334.246247
2623942517,61042.096128,61134.662111
107956515,57329.901525,inf
1947302097,58225.699214,inf
1125800133,66844.282007,66844.282007
1763801418,60072.369594,60072.369594
2487499734,58244.019263,inf
3929006656,inf,62921.422892
388580292,inf,inf
960871471,inf,60299.253698
2491051644,35091.573545,35091.581611
4107214065,inf,inf
2687275813,45968.553194,45968.813319
1238529447,inf,37885.965121
2972179925,56620.472983,56620.472983
2902984401,67029.647253,67165.090916
2257245555,59171.960955,inf
2293002867,inf,inf
2878152807,57484.020241,58551.244782
2099842890,57048.959937,inf
2005342114,inf,55908.833585
856644699,54910.795610,54924.805021
850887030,58075.857469,59205.981742
1151687941,43688.634874,inf
3311299184,40885.965136,inf
695958780,53372.486836,inf
3311263346,41885.965136,inf
2022369176,57225.554682,inf
2746597440,65321.500958,inf
538646742,51755.509088,51896.122392
1835439882,inf,inf
538610842,51755.509088,51829.445249
442467831,66763.097543,67129.248472
2098699432,51755.509088,51792.003579
2138617519,56166.403568,56333.525629
2067933012,51799.846984,52859.999524
2138834533,6739.908112,6946.358989
541513163,56208.520857,inf
1271439028,42368.295931,35879.750986
1271437939,42368.295931,36863.773047
833537000,57934.604675,57937.721021
2715702020,inf,inf
3761133289,55135.679705,55126.085242
2293993695,inf,44968.329929
3761133189,55126.085242,55130.874498
3761133151,55126.085242,55128.477883
2200285456,51128.743989,51233.485887
877279954,58193.114769,59712.640651
2339936145,inf,64352.115163
3741701412,53829.595951,inf
2288060823,46230.555211,inf
3741629579,53829.595951,55857.645871
2526362331,52671.824136,inf
3890014978,51201.380437,51169.973929
2082251647,58508.718421,inf
3755023899,57192.321465,57219.975758
22693691,53372.486836,inf
3087787803,56881.253131,56920.558555
3112713608,56920.558555,56900.771990
4190048781,65314.135451,64675.670521
4190048781,65314.135451,64959.868402
3465253329,19057.731808,inf
4248790021,57334.246247,57334.977101
4283181761,57749.283747,inf
3452251850,57000.149344,62657.076259
3544745964,22057.731808,23057.731808
2141535255,15357.292090,inf
4283145824,57749.283747,58166.271013
3123228221,57749.283747,57943.878591
2161921799,61213.498691,61134.662111
3126855680,58334.246247,inf
3662963029,65284.535839,66369.993769
2771032622,58877.004554,58893.788943
3897775385,inf,inf
2029376787,53224.719786,53225.876115
359147849,56166.403568,inf
1607295743,61698.512726,61804.200382
2457773983,34091.570379,34091.585273
1643951484,inf,61299.253698
2941202096,56166.403568,56957.563106
2597319904,inf,56166.403568
3103441897,inf,59214.168534
814921850,48915.157257,48903.202481
1862062739,6739.908112,7187.367089
2137611213,56166.403568,56358.966409
3817315680,51811.225168,inf
959799900,60095.621391,60695.461795
2458888124,inf,inf
2971029809,56166.403568,inf
959799900,60387.856774,60695.461795
2970993932,56166.403568,57254.062336
2458816155,33091.542347,33091.550147
2562890082,56166.403568,56669.099836
2292894988,56166.403568,inf
2005342114,inf,56910.599817
856429083,54920.450714,inf
1950385233,53372.486836,inf
3497559695,35110.691667,35110.691667
4241721512,55863.980149,55863.980149
4042655357,59794.327130,59714.459024
1234725254,55372.486836,inf
1271624157,33887.806807,33887.806807
1738102997,55908.498550,55955.775911
693622749,53780.772167,54789.811199
651957159,53372.501694,inf
3559107138,inf,inf
2306990181,inf,inf
2338830363,inf,inf
3510763989,37303.445985,36303.415555
2344652187,inf,inf
2373258501,inf,inf
4275811299,66050.048971,66050.048971
1041963997,inf,inf
2856490809,54530.697528,54831.927557
3469364664,35091.609445,35091.599561
3594936324,inf,inf
2746600700,inf,inf
3355495721,49103.683280,inf
2739084666,59180.606894,59327.093484
2856490809,54530.697528,54549.824407
3469256780,35091.573545,35091.608395
1041676560,inf,inf
443473964,inf,64015.603449
538790556,51765.714076,51896.122392
1807193333,63908.579942,63789.535386
2687275850,45968.553194,45968.813319
3889979041,51201.380437,51201.380437
3889943167,51201.380437,51201.380437
3889943104,51201.380437,51201.380437
4202586119,65352.115163,64352.115163
2456093238,54837.870422,inf
2339907832,64767.152663,45304.360827
3741629539,54519.875791,55857.645871
656736685,59340.225765,59340.225765
2560610298,56202.632035,inf
372537450,59020.358539,59033.948189
3554822752,39305.142987,39304.405715
3806539656,inf,43713.205914
2338609740,54803.656097,50772.635967
2286733330,39026.699889,40026.701623
4130209001,50772.635967,50785.383124
2447719771,39441.738928,39026.699889
2337715674,50772.635967,50778.995467
2337714585,50772.635967,50782.607937
1156369842,44713.205914,inf
2446749479,39026.698619,39119.810825
2337712407,50772.635967,50781.222343
1156369842,44713.205914,45713.206005
4128951209,50772.635967,50780.530045
803749579,58856.188648,58856.188648
536985099,54376.292920,inf
3034370946,57413.754857,58195.806345
3112677733,56920.558555,56917.160815
4188826995,63567.442316,64131.505001
3122179512,57334.977101,57348.393502
2391843716,inf,44450.171517
3126853500,59340.103470,inf
3164046931,inf,inf
1994595092,inf,inf
2119089250,57199.845639,57201.899609
532589120,58041.306834,inf
661691763,inf,59250.270353
4242827668,inf,59250.270353
356632264,57254.062336,58333.525629
1606253678,60620.629050,61804.200382
2562021060,56377.478914,56254.062336
2489937595,35091.577578,inf
2974336007,56254.062336,56333.525629
4107070254,inf,57254.062336
2138835621,inf,inf
1606253576,60886.230862,60620.629050
2256023662,61265.738439,inf
3544997564,22057.731808,inf
2005342114,inf,57913.272427
856321238,inf,55920.450714
2342388123,48902.134194,inf
3383011431,inf,inf
97226998,59448.581047,inf
2560831363,65952.682027,inf
3558172774,58250.339277,inf
2412617143,inf,58250.339277
3510728047,inf,36718.463197
2413733368,inf,58250.339277
2373229101,58250.339277,58272.621247
##########
1912148228,1:13664998977956490707,54372.486836;14276977175722654164,51877.530904;15689679137863757275,56168.939305;
2565393186,1:13664998977956490707,54372.486836;14276977175722654164,51877.530904;15689679137863757275,56168.939305;
2564385854,1:3056395092711954527,47902.606045;14613767527857410704,46902.443787;16908664199751662751,47902.601538;10791576078353066989,59013.250300;13499921417832535110,64615.121285;2649282562643885656,41303.706683;7245432419770367471,47780.293704;1067067348750464490,47902.606045;17360042003900222261,47902.442553;
2067684718,1:3056395092711954527,47902.606045;14613767527857410704,46902.443787;16908664199751662751,47902.601538;10791576078353066989,59013.250300;13499921417832535110,64615.121285;2649282562643885656,41303.706683;7245432419770367471,47780.293704;1067067348750464490,47902.606045;17360042003900222261,47902.442553;
2086799706,1:13664998977956490707,54372.486836;14276977175722654164,51877.530904;15689679137863757275,56168.939305;
581192885,1:3056395092711954527,47902.606045;14613767527857410704,46902.443787;16908664199751662751,47902.601538;10791576078353066989,59013.250300;13499921417832535110,64615.121285;2649282562643885656,41303.706683;7245432419770367471,47780.293704;1067067348750464490,47902.606045;17360042003900222261,47902.442553;
2122785312,1:3056395092711954527,47902.606045;14613767527857410704,46902.443787;16908664199751662751,47902.601538;10791576078353066989,59013.250300;13499921417832535110,64615.121285;2649282562643885656,41303.706683;7245432419770367471,47780.293704;1067067348750464490,47902.606045;17360042003900222261,47902.442553;
2006313496,1:3056395092711954527,47902.606045;14613767527857410704,46902.443787;16908664199751662751,47902.601538;10791576078353066989,59013.250300;13499921417832535110,64615.121285;2649282562643885656,41303.706683;7245432419770367471,47780.293704;1067067348750464490,47902.606045;17360042003900222261,47902.442553;
2166516289,1:17670525083559483571,56236.156680;1292518791516749926,54230.067331;8754577617178825951,57824.351467;
2565357242,1:3056395092711954527,47902.606045;14613767527857410704,46902.443787;16908664199751662751,47902.601538;10791576078353066989,59013.250300;13499921417832535110,64615.121285;2649282562643885656,41303.706683;7245432419770367471,47780.293704;1067067348750464490,47902.606045;17360042003900222261,47902.442553;
2566470200,1:3056395092711954527,47902.606045;14613767527857410704,46902.443787;16908664199751662751,47902.601538;10791576078353066989,59013.250300;13499921417832535110,64615.121285;2649282562643885656,41303.706683;7245432419770367471,47780.293704;1067067348750464490,47902.606045;17360042003900222261,47902.442553;
800406354,1:3056395092711954527,47902.606045;14613767527857410704,46902.443787;16908664199751662751,47902.601538;10791576078353066989,59013.250300;13499921417832535110,64615.121285;2649282562643885656,41303.706683;7245432419770367471,47780.293704;1067067348750464490,47902.606045;17360042003900222261,47902.442553;
2567939261,1:3056395092711954527,47902.606045;14613767527857410704,46902.443787;16908664199751662751,47902.601538;10791576078353066989,59013.250300;13499921417832535110,64615.121285;2649282562643885656,41303.706683;7245432419770367471,47780.293704;1067067348750464490,47902.606045;17360042003900222261,47902.442553;
3046135726,1:3056395092711954527,47902.606045;14613767527857410704,46902.443787;16908664199751662751,47902.601538;10791576078353066989,59013.250300;13499921417832535110,64615.121285;2649282562643885656,41303.706683;7245432419770367471,47780.293704;1067067348750464490,47902.606045;17360042003900222261,47902.442553;
2372183661,1:3056395092711954527,47902.606045;14613767527857410704,46902.443787;16908664199751662751,47902.601538;10791576078353066989,59013.250300;13499921417832535110,64615.121285;2649282562643885656,41303.706683;7245432419770367471,47780.293704;1067067348750464490,47902.606045;17360042003900222261,47902.442553;
4113807653,1:3056395092711954527,47902.606045;14613767527857410704,46902.443787;16908664199751662751,47902.601538;10791576078353066989,59013.250300;13499921417832535110,64615.121285;2649282562643885656,41303.706683;7245432419770367471,47780.293704;1067067348750464490,47902.606045;17360042003900222261,47902.442553;
834722921,1:3056395092711954527,47902.606045;14613767527857410704,46902.443787;16908664199751662751,47902.601538;10791576078353066989,59013.250300;13499921417832535110,64615.121285;2649282562643885656,41303.706683;7245432419770367471,47780.293704;1067067348750464490,47902.606045;17360042003900222261,47902.442553;
804864720,1:3056395092711954527,47902.606045;14613767527857410704,46902.443787;16908664199751662751,47902.601538;10791576078353066989,59013.250300;13499921417832535110,64615.121285;2649282562643885656,41303.706683;7245432419770367471,47780.293704;1067067348750464490,47902.606045;17360042003900222261,47902.442553;
764866837,1:3056395092711954527,47902.606045;14613767527857410704,46902.443787;16908664199751662751,47902.601538;10791576078353066989,59013.250300;13499921417832535110,64615.121285;2649282562643885656,41303.706683;7245432419770367471,47780.293704;1067067348750464490,47902.606045;17360042003900222261,47902.442553;
2376053215,1:15815027146421346941,25058.084072;
2166486886,1:17670525083559483571,56236.156680;1292518791516749926,54230.067331;8754577617178825951,57824.351467;
2342567746,1:3056395092711954527,47902.606045;14613767527857410704,46902.443787;16908664199751662751,47902.601538;10791576078353066989,59013.250300;13499921417832535110,64615.121285;2649282562643885656,41303.706683;7245432419770367471,47780.293704;1067067348750464490,47902.606045;17360042003900222261,47902.442553;
588200604,1:3056395092711954527,47902.606045;14613767527857410704,46902.443787;16908664199751662751,47902.601538;10791576078353066989,59013.250300;13499921417832535110,64615.121285;2649282562643885656,41303.706683;7245432419770367471,47780.293704;1067067348750464490,47902.606045;17360042003900222261,47902.442553;
3556950849,1:3056395092711954527,47902.606045;14613767527857410704,46902.443787;16908664199751662751,47902.601538;10791576078353066989,59013.250300;13499921417832535110,64615.121285;2649282562643885656,41303.706683;7245432419770367471,47780.293704;1067067348750464490,47902.606045;17360042003900222261,47902.442553;
2097618061,1:3056395092711954527,47902.606045;14613767527857410704,46902.443787;16908664199751662751,47902.601538;10791576078353066989,59013.250300;13499921417832535110,64615.121285;2649282562643885656,41303.706683;7245432419770367471,47780.293704;1067067348750464490,47902.606045;17360042003900222261,47902.442553;
756423817,1:3056395092711954527,47902.606045;14613767527857410704,46902.443787;16908664199751662751,47902.601538;10791576078353066989,59013.250300;13499921417832535110,64615.121285;2649282562643885656,41303.706683;7245432419770367471,47780.293704;1067067348750464490,47902.606045;17360042003900222261,47902.442553;
2366332459,1:3056395092711954527,47902.606045;14613767527857410704,46902.443787;16908664199751662751,47902.601538;10791576078353066989,59013.250300;13499921417832535110,64615.121285;2649282562643885656,41303.706683;7245432419770367471,47780.293704;1067067348750464490,47902.606045;17360042003900222261,47902.442553;
2167603107,1:3056395092711954527,47902.606045;14613767527857410704,46902.443787;16908664199751662751,47902.601538;10791576078353066989,59013.250300;13499921417832535110,64615.121285;2649282562643885656,41303.706683;7245432419770367471,47780.293704;1067067348750464490,47902.606045;17360042003900222261,47902.442553;
3299418454,1:13664998977956490707,54372.486836;14276977175722654164,51877.530904;15689679137863757275,56168.939305;
4113695486,1:17670525083559483571,56236.156680;1292518791516749926,54230.067331;8754577617178825951,57824.351467;
1506770149,1:13664998977956490707,54372.486836;14276977175722654164,51877.530904;15689679137863757275,56168.939305;
2567868476,1:17670525083559483571,56236.156680;1292518791516749926,54230.067331;8754577617178825951,57824.351467;
